42.36568,-71.059654,hotel,Courtyard by Marriott - Boston Downtown North Station,https://www.yelp.com/biz/courtyard-by-marriott-boston-downtown-north-station-boston?adjust_creative=tzi52j1y9497qJtBsFV1mg&utm_campaign=yelp_api_v3&utm_medium=api_v3_business_search&utm_source=tzi52j1y9497qJtBsFV1mg,4,107 Beverly St,Boston,MA,2114,(617) 725-0003,107 Beverly St,42
42.349243,-71.079528,hotel,The Lenox Hotel,https://www.yelp.com/biz/the-lenox-hotel-boston-2?adjust_creative=tzi52j1y9497qJtBsFV1mg&utm_campaign=yelp_api_v3&utm_medium=api_v3_business_search&utm_source=tzi52j1y9497qJtBsFV1mg,4.5,61 Exeter St At Boylston,Boston,MA,2116,(617) 536-5300,61 Exeter St At Boylston,250
42.345474,-71.096991,hotel,The Verb Hotel,https://www.yelp.com/biz/the-verb-hotel-boston?adjust_creative=tzi52j1y9497qJtBsFV1mg&utm_campaign=yelp_api_v3&utm_medium=api_v3_business_search&utm_source=tzi52j1y9497qJtBsFV1mg,4,1271 Boylston St,Boston,MA,2215,(617) 566-4500,1271 Boylston St,233
42.3577715,-71.06058113,hotel,Kimpton Nine Zero Hotel,https://www.yelp.com/biz/kimpton-nine-zero-hotel-boston?adjust_creative=tzi52j1y9497qJtBsFV1mg&utm_campaign=yelp_api_v3&utm_medium=api_v3_business_search&utm_source=tzi52j1y9497qJtBsFV1mg,4,90 Tremont St,Boston,MA,2108,(617) 772-5800,90 Tremont St,333
42.34849,-71.09509,hotel,Hotel Commonwealth,https://www.yelp.com/biz/hotel-commonwealth-boston?adjust_creative=tzi52j1y9497qJtBsFV1mg&utm_campaign=yelp_api_v3&utm_medium=api_v3_business_search&utm_source=tzi52j1y9497qJtBsFV1mg,4.5,500 Commonwealth Ave,Boston,MA,2215,(617) 933-5000,500 Commonwealth Ave,227
42.34968,-71.08457,hotel,No. 284,https://www.yelp.com/biz/no-284-boston-2?adjust_creative=tzi52j1y9497qJtBsFV1mg&utm_campaign=yelp_api_v3&utm_medium=api_v3_business_search&utm_source=tzi52j1y9497qJtBsFV1mg,5,284 Commonwealth Ave,Boston,MA,2115,(617) 603-0084,284 Commonwealth Ave,19
42.344759,-71.062073,hotel,AC Hotel by Marriott Boston Downtown,https://www.yelp.com/biz/ac-hotel-by-marriott-boston-downtown-boston?adjust_creative=tzi52j1y9497qJtBsFV1mg&utm_campaign=yelp_api_v3&utm_medium=api_v3_business_search&utm_source=tzi52j1y9497qJtBsFV1mg,4,225 Albany St,Boston,MA,2118,(617) 848-9063,225 Albany St,46
42.345853,-71.100509,hotel,Residence Inn by Marriott Boston Back Bay/Fenway,https://www.yelp.com/biz/residence-inn-by-marriott-boston-back-bay-fenway-boston-2?adjust_creative=tzi52j1y9497qJtBsFV1mg&utm_campaign=yelp_api_v3&utm_medium=api_v3_business_search&utm_source=tzi52j1y9497qJtBsFV1mg,4,125 Brookline Ave,Boston,MA,2215,(617) 236-8787,125 Brookline Ave,79
42.354958,-71.061678,hotel,The Godfrey Hotel Boston,https://www.yelp.com/biz/the-godfrey-hotel-boston-boston?adjust_creative=tzi52j1y9497qJtBsFV1mg&utm_campaign=yelp_api_v3&utm_medium=api_v3_business_search&utm_source=tzi52j1y9497qJtBsFV1mg,4,505 Washington St,Boston,MA,2111,(617) 804-2000,505 Washington St,161
42.343023,-71.045135,hotel,Element Boston Seaport District,https://www.yelp.com/biz/element-boston-seaport-district-boston-2?adjust_creative=tzi52j1y9497qJtBsFV1mg&utm_campaign=yelp_api_v3&utm_medium=api_v3_business_search&utm_source=tzi52j1y9497qJtBsFV1mg,4,391-395 D St,Boston,MA,2210,(617) 530-1700,391-395 D St,72
42.3561918,-71.0503695,hotel,Boston Harbor Hotel,https://www.yelp.com/biz/boston-harbor-hotel-boston?adjust_creative=tzi52j1y9497qJtBsFV1mg&utm_campaign=yelp_api_v3&utm_medium=api_v3_business_search&utm_source=tzi52j1y9497qJtBsFV1mg,4,70 Rowes Wharf,Boston,MA,2110,(617) 439-7000,70 Rowes Wharf,192
42.34897272,-71.04084321,hotel,Seaport Boston Hotel,https://www.yelp.com/biz/seaport-boston-hotel-boston?adjust_creative=tzi52j1y9497qJtBsFV1mg&utm_campaign=yelp_api_v3&utm_medium=api_v3_business_search&utm_source=tzi52j1y9497qJtBsFV1mg,4,1 Seaport Ln,Boston,MA,2210,(617) 385-4000,1 Seaport Ln,279
42.3521986,-71.0685237,hotel,Four Seasons - Boston,https://www.yelp.com/biz/four-seasons-boston-boston?adjust_creative=tzi52j1y9497qJtBsFV1mg&utm_campaign=yelp_api_v3&utm_medium=api_v3_business_search&utm_source=tzi52j1y9497qJtBsFV1mg,4,200 Boylston St,Boston,MA,2116,(617) 338-4400,200 Boylston St,131
42.360629,-71.071232,hotel,The Whitney Hotel Boston,https://www.yelp.com/biz/the-whitney-hotel-boston-boston?adjust_creative=tzi52j1y9497qJtBsFV1mg&utm_campaign=yelp_api_v3&utm_medium=api_v3_business_search&utm_source=tzi52j1y9497qJtBsFV1mg,4.5,170 Charles St,Boston,MA,2114,(617) 367-1866,170 Charles St,14
42.34594,-71.07087,hotel,The Revolution Hotel,https://www.yelp.com/biz/the-revolution-hotel-boston?adjust_creative=tzi52j1y9497qJtBsFV1mg&utm_campaign=yelp_api_v3&utm_medium=api_v3_business_search&utm_source=tzi52j1y9497qJtBsFV1mg,4,40 Berkeley St,Boston,MA,2116,(617) 848-9200,40 Berkeley St,54
42.353705,-71.051913,hotel,InterContinental Boston,https://www.yelp.com/biz/intercontinental-boston-boston?adjust_creative=tzi52j1y9497qJtBsFV1mg&utm_campaign=yelp_api_v3&utm_medium=api_v3_business_search&utm_source=tzi52j1y9497qJtBsFV1mg,4,510 Atlantic Ave,Boston,MA,2210,(617) 747-1000,510 Atlantic Ave,327
42.35355594,-71.06079443,hotel,Hyatt Regency Boston,https://www.yelp.com/biz/hyatt-regency-boston-boston?adjust_creative=tzi52j1y9497qJtBsFV1mg&utm_campaign=yelp_api_v3&utm_medium=api_v3_business_search&utm_source=tzi52j1y9497qJtBsFV1mg,3.5,One Ave De Lafayette,Boston,MA,2111,(617) 912-1234,One Ave De Lafayette,349
42.349158,-71.07244,hotel,Loews Boston Hotel,https://www.yelp.com/biz/loews-boston-hotel-boston?adjust_creative=tzi52j1y9497qJtBsFV1mg&utm_campaign=yelp_api_v3&utm_medium=api_v3_business_search&utm_source=tzi52j1y9497qJtBsFV1mg,4,154 Berkeley St,Boston,MA,2116,(617) 266-7200,154 Berkeley St,107
42.34883295,-71.06452435,hotel,DoubleTree by Hilton Hotel Boston - Downtown,https://www.yelp.com/biz/doubletree-by-hilton-hotel-boston-downtown-boston?adjust_creative=tzi52j1y9497qJtBsFV1mg&utm_campaign=yelp_api_v3&utm_medium=api_v3_business_search&utm_source=tzi52j1y9497qJtBsFV1mg,3,821 Washington St,Boston,MA,2111,(617) 956-7900,821 Washington St,208
42.35003499,-71.06545575,hotel,Courtyard by Marriott Boston Downtown,https://www.yelp.com/biz/courtyard-by-marriott-boston-downtown-boston?adjust_creative=tzi52j1y9497qJtBsFV1mg&utm_campaign=yelp_api_v3&utm_medium=api_v3_business_search&utm_source=tzi52j1y9497qJtBsFV1mg,3,275 Tremont St,Boston,MA,2116,(617) 426-1400,275 Tremont St,243
42.34503174,-71.08084869,hotel,Inn @ St. Botolph,https://www.yelp.com/biz/inn-st-botolph-boston?adjust_creative=tzi52j1y9497qJtBsFV1mg&utm_campaign=yelp_api_v3&utm_medium=api_v3_business_search&utm_source=tzi52j1y9497qJtBsFV1mg,4.5,99 St Botolph St,Boston,MA,2116,(617) 236-8099,99 St Botolph St,39
42.33125379,-71.12063348,hotel,Homewood Suites by Hilton Boston Brookline-Longwood Medical,https://www.yelp.com/biz/homewood-suites-by-hilton-boston-brookline-longwood-medical-brookline?adjust_creative=tzi52j1y9497qJtBsFV1mg&utm_campaign=yelp_api_v3&utm_medium=api_v3_business_search&utm_source=tzi52j1y9497qJtBsFV1mg,4,111 Boylston St,Brookline,MA,2445,(617) 232-1487,111 Boylston St,28
42.348569,-71.078897,hotel,Courtyard by Marriott Boston Copley Square,https://www.yelp.com/biz/courtyard-by-marriott-boston-copley-square-boston?adjust_creative=tzi52j1y9497qJtBsFV1mg&utm_campaign=yelp_api_v3&utm_medium=api_v3_business_search&utm_source=tzi52j1y9497qJtBsFV1mg,3.5,88 Exeter St,Boston,MA,2116,(617) 437-9300,88 Exeter St,84
42.346967,-71.078952,hotel,Boston Marriott Copley Place,https://www.yelp.com/biz/boston-marriott-copley-place-boston?adjust_creative=tzi52j1y9497qJtBsFV1mg&utm_campaign=yelp_api_v3&utm_medium=api_v3_business_search&utm_source=tzi52j1y9497qJtBsFV1mg,3.5,110 Huntington Ave,Boston,MA,2116,(617) 236-5800,110 Huntington Ave,327
42.34889,-71.08877,hotel,The Eliot Hotel,https://www.yelp.com/biz/the-eliot-hotel-boston?adjust_creative=tzi52j1y9497qJtBsFV1mg&utm_campaign=yelp_api_v3&utm_medium=api_v3_business_search&utm_source=tzi52j1y9497qJtBsFV1mg,4,370 Commonwealth Ave,Boston,MA,2215,(617) 267-1607,370 Commonwealth Ave,111
42.36704216,-71.07523441,hotel,Kimpton Hotel Marlowe,https://www.yelp.com/biz/kimpton-hotel-marlowe-cambridge?adjust_creative=tzi52j1y9497qJtBsFV1mg&utm_campaign=yelp_api_v3&utm_medium=api_v3_business_search&utm_source=tzi52j1y9497qJtBsFV1mg,4.5,25 Edwin H Land Blvd,Cambridge,MA,2141,(617) 868-8000,25 Edwin H Land Blvd,278
42.350375,-71.04777,hotel,Residence Inn by Marriott Boston Downtown/Seaport,https://www.yelp.com/biz/residence-inn-by-marriott-boston-downtown-seaport-boston-3?adjust_creative=tzi52j1y9497qJtBsFV1mg&utm_campaign=yelp_api_v3&utm_medium=api_v3_business_search&utm_source=tzi52j1y9497qJtBsFV1mg,4.5,370 Congress St,Boston,MA,2210,(617) 478-0840,370 Congress St,70
42.35097,-71.06478,hotel,Moxy Boston Downtown,https://www.yelp.com/biz/moxy-boston-downtown-boston-2?adjust_creative=tzi52j1y9497qJtBsFV1mg&utm_campaign=yelp_api_v3&utm_medium=api_v3_business_search&utm_source=tzi52j1y9497qJtBsFV1mg,3.5,240 Tremont St,Boston,MA,2116,(617) 793-4200,240 Tremont St,38
42.36413,-71.06128,hotel,Onyx Hotel,https://www.yelp.com/biz/onyx-hotel-boston?adjust_creative=tzi52j1y9497qJtBsFV1mg&utm_campaign=yelp_api_v3&utm_medium=api_v3_business_search&utm_source=tzi52j1y9497qJtBsFV1mg,4,155 Portland St,Boston,MA,2114,(617) 557-9955,155 Portland St,207
42.358324,-71.061933,hotel,XV Beacon,https://www.yelp.com/biz/xv-beacon-boston?adjust_creative=tzi52j1y9497qJtBsFV1mg&utm_campaign=yelp_api_v3&utm_medium=api_v3_business_search&utm_source=tzi52j1y9497qJtBsFV1mg,4.5,15 Beacon St,Boston,MA,2108,(617) 670-1500,15 Beacon St,91
42.35915,-71.05278,hotel,Harborside Inn,https://www.yelp.com/biz/harborside-inn-boston?adjust_creative=tzi52j1y9497qJtBsFV1mg&utm_campaign=yelp_api_v3&utm_medium=api_v3_business_search&utm_source=tzi52j1y9497qJtBsFV1mg,3.5,185 State St,Boston,MA,2109,(617) 723-7500,185 State St,205
42.36389,-71.06241,hotel,The Boxer Boston,https://www.yelp.com/biz/the-boxer-boston-boston-2?adjust_creative=tzi52j1y9497qJtBsFV1mg&utm_campaign=yelp_api_v3&utm_medium=api_v3_business_search&utm_source=tzi52j1y9497qJtBsFV1mg,4,107 Merrimac St,Boston,MA,2114,(617) 624-0202,107 Merrimac St,178
42.34383749,-71.04497154,hotel,Aloft Boston Seaport District,https://www.yelp.com/biz/aloft-boston-seaport-district-boston-2?adjust_creative=tzi52j1y9497qJtBsFV1mg&utm_campaign=yelp_api_v3&utm_medium=api_v3_business_search&utm_source=tzi52j1y9497qJtBsFV1mg,3,401-403 D St,Boston,MA,2210,(617) 530-1600,401-403 D St,117
42.3647292,-71.0631331,hotel,citizenM Boston North Station,https://www.yelp.com/biz/citizenm-boston-north-station-boston?adjust_creative=tzi52j1y9497qJtBsFV1mg&utm_campaign=yelp_api_v3&utm_medium=api_v3_business_search&utm_source=tzi52j1y9497qJtBsFV1mg,4,70 Causeway St,Boston,MA,2114,,70 Causeway St,36
42.40348957,-71.08078122,hotel,AC Hotel by Marriott Boston North,https://www.yelp.com/biz/ac-hotel-by-marriott-boston-north-medford?adjust_creative=tzi52j1y9497qJtBsFV1mg&utm_campaign=yelp_api_v3&utm_medium=api_v3_business_search&utm_source=tzi52j1y9497qJtBsFV1mg,4.5,95 Station Lndg,Medford,MA,2155,(781) 819-2090,95 Station Lndg,64
42.346004,-71.043006,hotel,The Westin Boston Waterfront,https://www.yelp.com/biz/the-westin-boston-waterfront-boston?adjust_creative=tzi52j1y9497qJtBsFV1mg&utm_campaign=yelp_api_v3&utm_medium=api_v3_business_search&utm_source=tzi52j1y9497qJtBsFV1mg,3,425 Summer St,Boston,MA,2210,(617) 532-4600,425 Summer St,363
42.348157,-71.039472,hotel,Renaissance Boston Waterfront Hotel,https://www.yelp.com/biz/renaissance-boston-waterfront-hotel-boston-2?adjust_creative=tzi52j1y9497qJtBsFV1mg&utm_campaign=yelp_api_v3&utm_medium=api_v3_business_search&utm_source=tzi52j1y9497qJtBsFV1mg,3.5,606 Congress St,Boston,MA,2210,(617) 338-4111,606 Congress St,212
42.34936659,-71.07630998,hotel,Fairmont Copley Plaza,https://www.yelp.com/biz/fairmont-copley-plaza-boston-5?adjust_creative=tzi52j1y9497qJtBsFV1mg&utm_campaign=yelp_api_v3&utm_medium=api_v3_business_search&utm_source=tzi52j1y9497qJtBsFV1mg,3.5,138 St. James Ave,Boston,MA,2116,(617) 267-5300,138 St. James Ave,238
42.3576942,-71.0599593,hotel,Omni Parker House,https://www.yelp.com/biz/omni-parker-house-boston?adjust_creative=tzi52j1y9497qJtBsFV1mg&utm_campaign=yelp_api_v3&utm_medium=api_v3_business_search&utm_source=tzi52j1y9497qJtBsFV1mg,3.5,60 School St,Boston,MA,2108,(617) 227-8600,60 School St,747
42.34967,-71.0832099,hotel,Newbury Guest House,https://www.yelp.com/biz/newbury-guest-house-boston?adjust_creative=tzi52j1y9497qJtBsFV1mg&utm_campaign=yelp_api_v3&utm_medium=api_v3_business_search&utm_source=tzi52j1y9497qJtBsFV1mg,4,261 Newbury St,Boston,MA,2116,(617) 670-6000,261 Newbury St,68
42.345739,-71.08396,hotel,Four Seasons Hotel -One Dalton Street,https://www.yelp.com/biz/four-seasons-hotel-one-dalton-street-boston-2?adjust_creative=tzi52j1y9497qJtBsFV1mg&utm_campaign=yelp_api_v3&utm_medium=api_v3_business_search&utm_source=tzi52j1y9497qJtBsFV1mg,4,1 Dalton St,Boston,MA,2115,(617) 377-4888,1 Dalton St,4
42.3572636,-71.0534408,hotel,Hilton Boston Downtown/Faneuil Hall,https://www.yelp.com/biz/hilton-boston-downtown-faneuil-hall-boston?adjust_creative=tzi52j1y9497qJtBsFV1mg&utm_campaign=yelp_api_v3&utm_medium=api_v3_business_search&utm_source=tzi52j1y9497qJtBsFV1mg,3,89 Broad St,Boston,MA,2110,(617) 556-0006,89 Broad St,248
42.325142,-71.061006,hotel,Home2 Suites by Hilton Boston South Bay,https://www.yelp.com/biz/home2-suites-by-hilton-boston-south-bay-boston?adjust_creative=tzi52j1y9497qJtBsFV1mg&utm_campaign=yelp_api_v3&utm_medium=api_v3_business_search&utm_source=tzi52j1y9497qJtBsFV1mg,5,15 Jan Karski Way,Boston,MA,2125,(617) 297-5393,15 Jan Karski Way,1
42.36391465,-71.0880748,hotel,Residence Inn by Marriott Boston Cambridge Center,https://www.yelp.com/biz/residence-inn-by-marriott-boston-cambridge-center-cambridge?adjust_creative=tzi52j1y9497qJtBsFV1mg&utm_campaign=yelp_api_v3&utm_medium=api_v3_business_search&utm_source=tzi52j1y9497qJtBsFV1mg,4,120 Broadway,Cambridge,MA,2142,(617) 349-0700,120 Broadway,50
42.387417,-71.016385,hotel,Courtyard by Marriott Boston Logan Airport,https://www.yelp.com/biz/courtyard-by-marriott-boston-logan-airport-boston-3?adjust_creative=tzi52j1y9497qJtBsFV1mg&utm_campaign=yelp_api_v3&utm_medium=api_v3_business_search&utm_source=tzi52j1y9497qJtBsFV1mg,3,225 William F McClellan Hwy,Boston,MA,2128,(617) 569-5250,225 William F McClellan Hwy,116
42.3513471,-71.04471479,hotel,YOTEL Boston,https://www.yelp.com/biz/yotel-boston-boston-2?adjust_creative=tzi52j1y9497qJtBsFV1mg&utm_campaign=yelp_api_v3&utm_medium=api_v3_business_search&utm_source=tzi52j1y9497qJtBsFV1mg,3,65 Seaport Blvd,Boston,MA,2210,(617) 377-4747,65 Seaport Blvd,220
42.34881,-71.081388,hotel,Mandarin Oriental Hotel,https://www.yelp.com/biz/mandarin-oriental-hotel-boston?adjust_creative=tzi52j1y9497qJtBsFV1mg&utm_campaign=yelp_api_v3&utm_medium=api_v3_business_search&utm_source=tzi52j1y9497qJtBsFV1mg,4,776 Boylston St,Boston,MA,2199,(617) 535-8888,776 Boylston St,95
42.35082,-71.065584,hotel,W Boston,https://www.yelp.com/biz/w-boston-boston?adjust_creative=tzi52j1y9497qJtBsFV1mg&utm_campaign=yelp_api_v3&utm_medium=api_v3_business_search&utm_source=tzi52j1y9497qJtBsFV1mg,3.5,100 Stuart St,Boston,MA,2116,(617) 261-8700,100 Stuart St,335
42.35074833,-71.06991948,hotel,Boston Park Plaza,https://www.yelp.com/biz/boston-park-plaza-boston?adjust_creative=tzi52j1y9497qJtBsFV1mg&utm_campaign=yelp_api_v3&utm_medium=api_v3_business_search&utm_source=tzi52j1y9497qJtBsFV1mg,2.5,50 Park Plz,Boston,MA,2116,(617) 426-2000,50 Park Plz,1074
42.33253485,-71.07305513,hotel,Hampton Inn & Suites Boston Crosstown Center,https://www.yelp.com/biz/hampton-inn-and-suites-boston-crosstown-center-boston?adjust_creative=tzi52j1y9497qJtBsFV1mg&utm_campaign=yelp_api_v3&utm_medium=api_v3_business_search&utm_source=tzi52j1y9497qJtBsFV1mg,3,811 Massachusetts Ave,Boston,MA,2118,(617) 445-6400,811 Massachusetts Ave,111
42.3202777,-71.04789197,hotel,DoubleTree by Hilton Boston Bayside,https://www.yelp.com/biz/doubletree-by-hilton-boston-bayside-boston?adjust_creative=tzi52j1y9497qJtBsFV1mg&utm_campaign=yelp_api_v3&utm_medium=api_v3_business_search&utm_source=tzi52j1y9497qJtBsFV1mg,3,240 Mt Vernon St,Boston,MA,2125,(617) 822-3600,240 Mt Vernon St,135
42.3897875,-71.0122406,hotel,Hilton Garden Inn Boston Logan Airport,https://www.yelp.com/biz/hilton-garden-inn-boston-logan-airport-boston?adjust_creative=tzi52j1y9497qJtBsFV1mg&utm_campaign=yelp_api_v3&utm_medium=api_v3_business_search&utm_source=tzi52j1y9497qJtBsFV1mg,4,100 Boardman St,Boston,MA,2128,(617) 567-6789,100 Boardman St,72
42.360163,-71.050773,hotel,Boston Marriott Long Wharf,https://www.yelp.com/biz/boston-marriott-long-wharf-boston-3?adjust_creative=tzi52j1y9497qJtBsFV1mg&utm_campaign=yelp_api_v3&utm_medium=api_v3_business_search&utm_source=tzi52j1y9497qJtBsFV1mg,3.5,296 State St,Boston,MA,2109,(617) 227-0800,296 State St,256
42.3565927,-71.0541656,hotel,The Langham,https://www.yelp.com/biz/the-langham-boston-2?adjust_creative=tzi52j1y9497qJtBsFV1mg&utm_campaign=yelp_api_v3&utm_medium=api_v3_business_search&utm_source=tzi52j1y9497qJtBsFV1mg,4,250 Franklin St,Boston,MA,2110,(617) 451-1900,250 Franklin St,233
42.35910291,-71.02711487,hotel,Hyatt Regency Boston Harbor,https://www.yelp.com/biz/hyatt-regency-boston-harbor-boston?adjust_creative=tzi52j1y9497qJtBsFV1mg&utm_campaign=yelp_api_v3&utm_medium=api_v3_business_search&utm_source=tzi52j1y9497qJtBsFV1mg,4,101 Harborside Dr,Boston,MA,2128,(617) 568-1234,101 Harborside Dr,213
42.34625309,-71.08437514,hotel,Sheraton Boston Hotel,https://www.yelp.com/biz/sheraton-boston-hotel-boston?adjust_creative=tzi52j1y9497qJtBsFV1mg&utm_campaign=yelp_api_v3&utm_medium=api_v3_business_search&utm_source=tzi52j1y9497qJtBsFV1mg,3,39 Dalton St,Boston,MA,2199,(617) 236-2000,39 Dalton St,470
42.36278803,-71.1551535,hotel,Residence Inn by Marriott Boston Watertown,https://www.yelp.com/biz/residence-inn-by-marriott-boston-watertown-watertown?adjust_creative=tzi52j1y9497qJtBsFV1mg&utm_campaign=yelp_api_v3&utm_medium=api_v3_business_search&utm_source=tzi52j1y9497qJtBsFV1mg,4.5,570 Arsenal St,Watertown,MA,2472,(617) 926-4500,570 Arsenal St,29
42.35004,-71.07859,hotel,The Charlesmark Hotel,https://www.yelp.com/biz/the-charlesmark-hotel-boston?adjust_creative=tzi52j1y9497qJtBsFV1mg&utm_campaign=yelp_api_v3&utm_medium=api_v3_business_search&utm_source=tzi52j1y9497qJtBsFV1mg,3.5,655 Boylston St,Boston,MA,2116,(617) 247-1212,655 Boylston St,181
42.36032769,-71.11810148,hotel,DoubleTree Suites by Hilton Hotel Boston - Cambridge,https://www.yelp.com/biz/doubletree-suites-by-hilton-hotel-boston-cambridge-boston?adjust_creative=tzi52j1y9497qJtBsFV1mg&utm_campaign=yelp_api_v3&utm_medium=api_v3_business_search&utm_source=tzi52j1y9497qJtBsFV1mg,3.5,400 Soldiers Field Rd,Boston,MA,2134,(617) 783-0090,400 Soldiers Field Rd,145
42.3507393,-71.0671586,hotel,Revere Hotel Boston Common,https://www.yelp.com/biz/revere-hotel-boston-common-boston-2?adjust_creative=tzi52j1y9497qJtBsFV1mg&utm_campaign=yelp_api_v3&utm_medium=api_v3_business_search&utm_source=tzi52j1y9497qJtBsFV1mg,3.5,200 Stuart St,Boston,MA,2116,(617) 482-1800,200 Stuart St,401
42.3675447,-71.0228718,hotel,Hilton Boston Logan Airport,https://www.yelp.com/biz/hilton-boston-logan-airport-boston?adjust_creative=tzi52j1y9497qJtBsFV1mg&utm_campaign=yelp_api_v3&utm_medium=api_v3_business_search&utm_source=tzi52j1y9497qJtBsFV1mg,3,1 Hotel Dr,Boston,MA,2128,(617) 568-6700,1 Hotel Dr,263
42.35793664,-71.05719216,hotel,Hyatt Centric Faneuil Hall,https://www.yelp.com/biz/hyatt-centric-faneuil-hall-boston?adjust_creative=tzi52j1y9497qJtBsFV1mg&utm_campaign=yelp_api_v3&utm_medium=api_v3_business_search&utm_source=tzi52j1y9497qJtBsFV1mg,4,68 Devonshire St,Boston,MA,2109,,68 Devonshire St,16
42.32654,-71.060194,hotel,Courtyard by Marriott Boston-South Boston,https://www.yelp.com/biz/courtyard-by-marriott-boston-south-boston-boston?adjust_creative=tzi52j1y9497qJtBsFV1mg&utm_campaign=yelp_api_v3&utm_medium=api_v3_business_search&utm_source=tzi52j1y9497qJtBsFV1mg,3.5,63 R Boston St,Boston,MA,2125,(617) 436-8200,63 R Boston St,80
42.36433411,-71.24421692,hotel,Crescent Suites Hotel,https://www.yelp.com/biz/crescent-suites-hotel-waltham?adjust_creative=tzi52j1y9497qJtBsFV1mg&utm_campaign=yelp_api_v3&utm_medium=api_v3_business_search&utm_source=tzi52j1y9497qJtBsFV1mg,5,287 Crescent St,Waltham,MA,2453,(781) 314-7900,287 Crescent St,32
42.292684,-71.047136,hotel,Comfort Inn,https://www.yelp.com/biz/comfort-inn-boston?adjust_creative=tzi52j1y9497qJtBsFV1mg&utm_campaign=yelp_api_v3&utm_medium=api_v3_business_search&utm_source=tzi52j1y9497qJtBsFV1mg,2,900 Morrissey Blvd,Boston,MA,2122,(617) 287-9200,900 Morrissey Blvd,52
42.3648094,-71.0615995,hotel,Hotel Indigo Boston Garden,https://www.yelp.com/biz/hotel-indigo-boston-garden-boston?adjust_creative=tzi52j1y9497qJtBsFV1mg&utm_campaign=yelp_api_v3&utm_medium=api_v3_business_search&utm_source=tzi52j1y9497qJtBsFV1mg,3,280 Friend St,Boston,MA,2114,(617) 720-5544,280 Friend St,17
42.36186,-71.06661,hotel,Wyndham Boston Beacon Hill,https://www.yelp.com/biz/wyndham-boston-beacon-hill-boston-2?adjust_creative=tzi52j1y9497qJtBsFV1mg&utm_campaign=yelp_api_v3&utm_medium=api_v3_business_search&utm_source=tzi52j1y9497qJtBsFV1mg,2.5,5 Blossom Street,Boston,MA,2114,(617) 742-7630,5 Blossom Street,143
42.3462978,-71.0849425,hotel,Hilton Boston Back Bay,https://www.yelp.com/biz/hilton-boston-back-bay-boston?adjust_creative=tzi52j1y9497qJtBsFV1mg&utm_campaign=yelp_api_v3&utm_medium=api_v3_business_search&utm_source=tzi52j1y9497qJtBsFV1mg,3,40 Dalton St,Boston,MA,2115,(617) 236-1100,40 Dalton St,241
42.3457705,-71.0809277,hotel,The Colonnade Hotel,https://www.yelp.com/biz/the-colonnade-hotel-boston-2?adjust_creative=tzi52j1y9497qJtBsFV1mg&utm_campaign=yelp_api_v3&utm_medium=api_v3_business_search&utm_source=tzi52j1y9497qJtBsFV1mg,3.5,120 Huntington Ave,Boston,MA,2116,(617) 424-7000,120 Huntington Ave,212
42.3327933,-71.0812723,hotel,Residence Inn Boston Down/South End,https://www.yelp.com/biz/residence-inn-boston-down-south-end-boston?adjust_creative=tzi52j1y9497qJtBsFV1mg&utm_campaign=yelp_api_v3&utm_medium=api_v3_business_search&utm_source=tzi52j1y9497qJtBsFV1mg,3,2001 Washington St,Boston,MA,2119,(857) 776-3000,2001 Washington St,8
42.3703525,-71.0315934,hotel,Embassy Suites by Hilton Boston at Logan Airport,https://www.yelp.com/biz/embassy-suites-by-hilton-boston-at-logan-airport-boston?adjust_creative=tzi52j1y9497qJtBsFV1mg&utm_campaign=yelp_api_v3&utm_medium=api_v3_business_search&utm_source=tzi52j1y9497qJtBsFV1mg,3,207 Porter St,Boston,MA,2128,(617) 567-5000,207 Porter St,149
42.356215,-71.0575303,hotel,Club Quarters - Boston,https://www.yelp.com/biz/club-quarters-boston-boston?adjust_creative=tzi52j1y9497qJtBsFV1mg&utm_campaign=yelp_api_v3&utm_medium=api_v3_business_search&utm_source=tzi52j1y9497qJtBsFV1mg,3,161 Devonshire St,Boston,MA,2110,(617) 357-6400,161 Devonshire St,198
42.34457,-71.08023,hotel,Copley House,https://www.yelp.com/biz/copley-house-boston?adjust_creative=tzi52j1y9497qJtBsFV1mg&utm_campaign=yelp_api_v3&utm_medium=api_v3_business_search&utm_source=tzi52j1y9497qJtBsFV1mg,3.5,239 W Newton St,Boston,MA,2116,(617) 236-8300,239 W Newton St,93
42.36212529,-71.10001534,hotel,Le MÃ©ridien Boston Cambridge,https://www.yelp.com/biz/le-m%C3%A9ridien-boston-cambridge-cambridge?adjust_creative=tzi52j1y9497qJtBsFV1mg&utm_campaign=yelp_api_v3&utm_medium=api_v3_business_search&utm_source=tzi52j1y9497qJtBsFV1mg,3.5,20 Sidney St,Cambridge,MA,2139,(617) 577-0200,20 Sidney St,179
42.3487726,-71.074474,hotel,Hotel 140,https://www.yelp.com/biz/hotel-140-boston?adjust_creative=tzi52j1y9497qJtBsFV1mg&utm_campaign=yelp_api_v3&utm_medium=api_v3_business_search&utm_source=tzi52j1y9497qJtBsFV1mg,2.5,140 Clarendon St,Boston,MA,2116,(617) 585-5600,140 Clarendon St,86
42.362243,-71.087331,hotel,Kendall Hotel,https://www.yelp.com/biz/kendall-hotel-cambridge?adjust_creative=tzi52j1y9497qJtBsFV1mg&utm_campaign=yelp_api_v3&utm_medium=api_v3_business_search&utm_source=tzi52j1y9497qJtBsFV1mg,4.5,350 Main St,Cambridge,MA,2142,(617) 577-1300,350 Main St,92
42.2205225,-71.0331768,hotel,Residence Inn by Marriott Boston Braintree,https://www.yelp.com/biz/residence-inn-by-marriott-boston-braintree-braintree?adjust_creative=tzi52j1y9497qJtBsFV1mg&utm_campaign=yelp_api_v3&utm_medium=api_v3_business_search&utm_source=tzi52j1y9497qJtBsFV1mg,4.5,180 Forbes Rd,Braintree,MA,2184,(781) 794-1700,180 Forbes Rd,16
42.33824256,-71.10641846,hotel,The Inn at Longwood Medical,https://www.yelp.com/biz/the-inn-at-longwood-medical-boston-2?adjust_creative=tzi52j1y9497qJtBsFV1mg&utm_campaign=yelp_api_v3&utm_medium=api_v3_business_search&utm_source=tzi52j1y9497qJtBsFV1mg,2.5,342 Longwood Ave,Boston,MA,2115,(617) 731-4700,342 Longwood Ave,74
42.335276,-71.1503127,hotel,AC Hotel Boston Cleveland Circle,https://www.yelp.com/biz/ac-hotel-boston-cleveland-circle-boston?adjust_creative=tzi52j1y9497qJtBsFV1mg&utm_campaign=yelp_api_v3&utm_medium=api_v3_business_search&utm_source=tzi52j1y9497qJtBsFV1mg,3.5,395 Chestnut Hill Ave,Boston,MA,2135,(617) 730-3660,395 Chestnut Hill Ave,11
42.360938,-71.055926,hotel,The Bostonian Boston,https://www.yelp.com/biz/the-bostonian-boston-boston-3?adjust_creative=tzi52j1y9497qJtBsFV1mg&utm_campaign=yelp_api_v3&utm_medium=api_v3_business_search&utm_source=tzi52j1y9497qJtBsFV1mg,3.5,26 North Street,Boston,MA,2109,(617) 523-3600,26 North Street,160
42.38807,-71.11958,hotel,Hotel 1868,https://www.yelp.com/biz/hotel-1868-cambridge?adjust_creative=tzi52j1y9497qJtBsFV1mg&utm_campaign=yelp_api_v3&utm_medium=api_v3_business_search&utm_source=tzi52j1y9497qJtBsFV1mg,5,1868 Massachusetts Ave,Cambridge,MA,2140,(617) 499-2998,1868 Massachusetts Ave,3
42.3727221,-71.0795399,hotel,Fairfield Inn & Suites Boston/Cambridge,https://www.yelp.com/biz/fairfield-inn-and-suites-boston-cambridge-cambridge?adjust_creative=tzi52j1y9497qJtBsFV1mg&utm_campaign=yelp_api_v3&utm_medium=api_v3_business_search&utm_source=tzi52j1y9497qJtBsFV1mg,4,215 Monsignor O'Brein Hwy,Cambridge,MA,2141,(617) 621-1999,215 Monsignor O'Brein Hwy,41
42.372298,-71.123069,hotel,The Charles Hotel,https://www.yelp.com/biz/the-charles-hotel-cambridge-2?adjust_creative=tzi52j1y9497qJtBsFV1mg&utm_campaign=yelp_api_v3&utm_medium=api_v3_business_search&utm_source=tzi52j1y9497qJtBsFV1mg,4,1 Bennett St,Cambridge,MA,2138,(800) 882-1818,1 Bennett St,136
42.37639,-71.0534,hotel,Constitution Inn,https://www.yelp.com/biz/the-constitution-boston?adjust_creative=tzi52j1y9497qJtBsFV1mg&utm_campaign=yelp_api_v3&utm_medium=api_v3_business_search&utm_source=tzi52j1y9497qJtBsFV1mg,2,150 3rd Ave,Boston,MA,2129,(617) 241-8400,150 3rd Ave,124
42.3638797,-71.062408,hotel,Bulfinch Social,https://www.yelp.com/biz/bulfinch-social-boston?adjust_creative=tzi52j1y9497qJtBsFV1mg&utm_campaign=yelp_api_v3&utm_medium=api_v3_business_search&utm_source=tzi52j1y9497qJtBsFV1mg,4,107 Merrimac St,Boston,MA,2114,(617) 624-0202,107 Merrimac St,1
42.488316,-71.223522,hotel,Archer Hotel Burlington,https://www.yelp.com/biz/archer-hotel-burlington-burlington?adjust_creative=tzi52j1y9497qJtBsFV1mg&utm_campaign=yelp_api_v3&utm_medium=api_v3_business_search&utm_source=tzi52j1y9497qJtBsFV1mg,4.5,18 3rd Ave,Burlington,MA,1803,(781) 552-5800,18 3rd Ave,48
42.411664,-71.001145,hotel,Comfort Inn & Suites Logan International Airport,https://www.yelp.com/biz/comfort-inn-and-suites-logan-international-airport-revere?adjust_creative=tzi52j1y9497qJtBsFV1mg&utm_campaign=yelp_api_v3&utm_medium=api_v3_business_search&utm_source=tzi52j1y9497qJtBsFV1mg,4,85 American Legion Hwy,Revere,MA,2151,(781) 485-3600,85 American Legion Hwy,99
42.34585,-71.07984,hotel,Copley Inn,https://www.yelp.com/biz/copley-inn-boston?adjust_creative=tzi52j1y9497qJtBsFV1mg&utm_campaign=yelp_api_v3&utm_medium=api_v3_business_search&utm_source=tzi52j1y9497qJtBsFV1mg,4,19 Garrison St,Boston,MA,2116,(617) 236-0300,19 Garrison St,5
42.40287835,-71.01878227,hotel,Holiday Inn Boston Logan Airport - Chelsea,https://www.yelp.com/biz/holiday-inn-boston-logan-airport-chelsea-chelsea?adjust_creative=tzi52j1y9497qJtBsFV1mg&utm_campaign=yelp_api_v3&utm_medium=api_v3_business_search&utm_source=tzi52j1y9497qJtBsFV1mg,4.5,1012 Broadway,Chelsea,MA,2150,(617) 884-3330,1012 Broadway,17
42.398139,-71.03873111,hotel,Residence Inn Boston Logan Airport/Chelsea,https://www.yelp.com/biz/residence-inn-boston-logan-airport-chelsea-chelsea-2?adjust_creative=tzi52j1y9497qJtBsFV1mg&utm_campaign=yelp_api_v3&utm_medium=api_v3_business_search&utm_source=tzi52j1y9497qJtBsFV1mg,4,200 Maple St,Chelsea,MA,2150,(617) 889-9990,200 Maple St,55
42.38768345,-71.02432609,hotel,Marriott Town Place Suites,https://www.yelp.com/biz/marriott-town-place-suites-chelsea?adjust_creative=tzi52j1y9497qJtBsFV1mg&utm_campaign=yelp_api_v3&utm_medium=api_v3_business_search&utm_source=tzi52j1y9497qJtBsFV1mg,5,30 Eastern Ave,Chelsea,MA,2150,(617) 887-0290,30 Eastern Ave,5
42.38760907,-71.02418377,hotel,Towneplace Suites Boston Logan Airport/Chelsea,https://www.yelp.com/biz/towneplace-suites-boston-logan-airport-chelsea-chelsea?adjust_creative=tzi52j1y9497qJtBsFV1mg&utm_campaign=yelp_api_v3&utm_medium=api_v3_business_search&utm_source=tzi52j1y9497qJtBsFV1mg,4,30 Eastern Ave,Chelsea,MA,2150,(617) 887-0290,30 Eastern Ave,52
42.34830965,-71.0786234,hotel,Copley Square Hotel,https://www.yelp.com/biz/copley-square-hotel-boston?adjust_creative=tzi52j1y9497qJtBsFV1mg&utm_campaign=yelp_api_v3&utm_medium=api_v3_business_search&utm_source=tzi52j1y9497qJtBsFV1mg,3.5,47 Huntington Avenue,Boston,MA,2116,(617) 536-9000,47 Huntington Avenue,185
42.3432608,-71.0839585,hotel,The Midtown Hotel,https://www.yelp.com/biz/the-midtown-hotel-boston-2?adjust_creative=tzi52j1y9497qJtBsFV1mg&utm_campaign=yelp_api_v3&utm_medium=api_v3_business_search&utm_source=tzi52j1y9497qJtBsFV1mg,2.5,220 Huntington Ave,Boston,MA,2115,(617) 262-1000,220 Huntington Ave,111
42.34999,-71.0664199,hotel,Found Hotel Boston Common,https://www.yelp.com/biz/found-hotel-boston-common-boston?adjust_creative=tzi52j1y9497qJtBsFV1mg&utm_campaign=yelp_api_v3&utm_medium=api_v3_business_search&utm_source=tzi52j1y9497qJtBsFV1mg,2.5,78 Charles St S,Boston,MA,2116,(617) 426-6220,78 Charles St S,63
42.36771393,-71.1018219,hotel,Prospect Place Bed and Breakfast,https://www.yelp.com/biz/prospect-place-bed-and-breakfast-cambridge?adjust_creative=tzi52j1y9497qJtBsFV1mg&utm_campaign=yelp_api_v3&utm_medium=api_v3_business_search&utm_source=tzi52j1y9497qJtBsFV1mg,5,112 Prospect St,Cambridge,MA,2139,(617) 864-7500,112 Prospect St,6
42.340456,-71.114908,hotel,Longwood Inn,https://www.yelp.com/biz/longwood-inn-brookline?adjust_creative=tzi52j1y9497qJtBsFV1mg&utm_campaign=yelp_api_v3&utm_medium=api_v3_business_search&utm_source=tzi52j1y9497qJtBsFV1mg,3.5,123 Longwood Ave,Brookline,MA,2445,(617) 566-8615,123 Longwood Ave,13
42.3637299,-71.13637,hotel,Studio Allston,https://www.yelp.com/biz/studio-allston-boston?adjust_creative=tzi52j1y9497qJtBsFV1mg&utm_campaign=yelp_api_v3&utm_medium=api_v3_business_search&utm_source=tzi52j1y9497qJtBsFV1mg,3,1234 Soldiers Field Rd,Boston,MA,2135,(617) 206-1848,1234 Soldiers Field Rd,49
42.32696,-71.05972,hotel,Holiday Inn Express Boston,https://www.yelp.com/biz/holiday-inn-express-boston-boston-3?adjust_creative=tzi52j1y9497qJtBsFV1mg&utm_campaign=yelp_api_v3&utm_medium=api_v3_business_search&utm_source=tzi52j1y9497qJtBsFV1mg,3,69 Boston St,Dorchester,MA,2125,(617) 288-3030,69 Boston St,60
42.35872941,-71.11508545,hotel,Courtyard by Marriott Boston Cambridge,https://www.yelp.com/biz/courtyard-by-marriott-boston-cambridge-cambridge-3?adjust_creative=tzi52j1y9497qJtBsFV1mg&utm_campaign=yelp_api_v3&utm_medium=api_v3_business_search&utm_source=tzi52j1y9497qJtBsFV1mg,2.5,777 Memorial Dr,Cambridge,MA,2139,(617) 492-7777,777 Memorial Dr,45
42.3978512,-71.03994191,hotel,DoubleTree by Hilton Boston Logan Airport Chelsea,https://www.yelp.com/biz/doubletree-by-hilton-boston-logan-airport-chelsea-chelsea?adjust_creative=tzi52j1y9497qJtBsFV1mg&utm_campaign=yelp_api_v3&utm_medium=api_v3_business_search&utm_source=tzi52j1y9497qJtBsFV1mg,4,201 Everett Ave,Chelsea,MA,2150,(617) 884-2900,201 Everett Ave,22
42.36657692,-71.07560888,hotel,Royal Sonesta Boston,https://www.yelp.com/biz/royal-sonesta-hotel-cambridge?adjust_creative=tzi52j1y9497qJtBsFV1mg&utm_campaign=yelp_api_v3&utm_medium=api_v3_business_search&utm_source=tzi52j1y9497qJtBsFV1mg,3.5,40 Edwin H Land Blvd,Cambridge,MA,2142,(617) 806-4200,40 Edwin H Land Blvd,251
42.3431687,-71.0569686,hotel,Cambria Hotel Boston Downtown,https://www.yelp.com/biz/cambria-hotel-boston-downtown-boston?adjust_creative=tzi52j1y9497qJtBsFV1mg&utm_campaign=yelp_api_v3&utm_medium=api_v3_business_search&utm_source=tzi52j1y9497qJtBsFV1mg,3,6 W Broadway,Boston,MA,2127,(800) 424-6423,6 W Broadway,24
42.38155,-71.0821799,hotel,Holiday Inn Boston Bunker Hill Area,https://www.yelp.com/biz/holiday-inn-boston-bunker-hill-area-somerville?adjust_creative=tzi52j1y9497qJtBsFV1mg&utm_campaign=yelp_api_v3&utm_medium=api_v3_business_search&utm_source=tzi52j1y9497qJtBsFV1mg,3.5,30 Washington St,Somerville,MA,2143,(617) 628-1000,30 Washington St,100
42.3716715,-71.1133149,hotel,Hotel Veritas,https://www.yelp.com/biz/hotel-veritas-cambridge?adjust_creative=tzi52j1y9497qJtBsFV1mg&utm_campaign=yelp_api_v3&utm_medium=api_v3_business_search&utm_source=tzi52j1y9497qJtBsFV1mg,4,1 Remington St,Cambridge,MA,2138,(617) 520-5000,1 Remington St,50
42.41678385,-71.105122,hotel,Hyatt Place Boston Medford,https://www.yelp.com/biz/hyatt-place-boston-medford-medford-2?adjust_creative=tzi52j1y9497qJtBsFV1mg&utm_campaign=yelp_api_v3&utm_medium=api_v3_business_search&utm_source=tzi52j1y9497qJtBsFV1mg,3.5,116 Riverside Ave,Medford,MA,2155,(781) 395-8500,116 Riverside Ave,99
42.36300722,-71.08623068,hotel,Boston Marriott Cambridge,https://www.yelp.com/biz/boston-marriott-cambridge-cambridge?adjust_creative=tzi52j1y9497qJtBsFV1mg&utm_campaign=yelp_api_v3&utm_medium=api_v3_business_search&utm_source=tzi52j1y9497qJtBsFV1mg,3.5,50 Broadway,Cambridge,MA,2142,(617) 494-6600,50 Broadway,144
42.36274,-71.11398,hotel,Cambridge Bed and Muffin,https://www.yelp.com/biz/cambridge-bed-and-muffin-cambridge?adjust_creative=tzi52j1y9497qJtBsFV1mg&utm_campaign=yelp_api_v3&utm_medium=api_v3_business_search&utm_source=tzi52j1y9497qJtBsFV1mg,5,267 Putnam Ave,Cambridge,MA,2139,(617) 576-3166,267 Putnam Ave,5
42.34381365,-71.11666452,hotel,Inn at Brookline,https://www.yelp.com/biz/inn-at-brookline-brookline?adjust_creative=tzi52j1y9497qJtBsFV1mg&utm_campaign=yelp_api_v3&utm_medium=api_v3_business_search&utm_source=tzi52j1y9497qJtBsFV1mg,2,1200 Beacon St,Brookline,MA,2446,(617) 277-1200,1200 Beacon St,176
42.3722137,-71.0784419,hotel,Hampton Inn Boston/Cambridge,https://www.yelp.com/biz/hampton-inn-boston-cambridge-cambridge?adjust_creative=tzi52j1y9497qJtBsFV1mg&utm_campaign=yelp_api_v3&utm_medium=api_v3_business_search&utm_source=tzi52j1y9497qJtBsFV1mg,3,191 Monsignor O'brien Hwy,Cambridge,MA,2141,(617) 494-5300,191 Monsignor O'brien Hwy,72
42.354425,-71.1057659,hotel,Hyatt Regency Boston / Cambridge,https://www.yelp.com/biz/hyatt-regency-boston-cambridge-cambridge-2?adjust_creative=tzi52j1y9497qJtBsFV1mg&utm_campaign=yelp_api_v3&utm_medium=api_v3_business_search&utm_source=tzi52j1y9497qJtBsFV1mg,3,575 Memorial Dr,Cambridge,MA,2139,(617) 492-1234,575 Memorial Dr,269
42.370479,-71.060367,hotel,Residence Inn by Marriott Boston Harbor on Tudor Wharf,https://www.yelp.com/biz/residence-inn-by-marriott-boston-harbor-on-tudor-wharf-boston-3?adjust_creative=tzi52j1y9497qJtBsFV1mg&utm_campaign=yelp_api_v3&utm_medium=api_v3_business_search&utm_source=tzi52j1y9497qJtBsFV1mg,3.5,34-44 Charles River Ave,Boston,MA,2129,(617) 242-9000,34-44 Charles River Ave,74
42.394375,-71.084767,hotel,La Quinta by Wyndham Boston Somerville,https://www.yelp.com/biz/la-quinta-by-wyndham-boston-somerville-somerville?adjust_creative=tzi52j1y9497qJtBsFV1mg&utm_campaign=yelp_api_v3&utm_medium=api_v3_business_search&utm_source=tzi52j1y9497qJtBsFV1mg,3,23 Cummings St,Somerville,MA,2145,(617) 625-5300,23 Cummings St,60
42.37314,-71.08157,hotel,Holiday Inn Express & Suites Boston - Cambridge,https://www.yelp.com/biz/holiday-inn-express-and-suites-boston-cambridge-cambridge-4?adjust_creative=tzi52j1y9497qJtBsFV1mg&utm_campaign=yelp_api_v3&utm_medium=api_v3_business_search&utm_source=tzi52j1y9497qJtBsFV1mg,3.5,250 Monsignor O'Brien Hwy,Cambridge,MA,2141,(617) 577-7600,250 Monsignor O'Brien Hwy,56
42.2822422,-71.03854716,hotel,Best Western Adams Inn Quincy-Boston,https://www.yelp.com/biz/best-western-adams-inn-quincy-boston-quincy?adjust_creative=tzi52j1y9497qJtBsFV1mg&utm_campaign=yelp_api_v3&utm_medium=api_v3_business_search&utm_source=tzi52j1y9497qJtBsFV1mg,2.5,29 Hancock St,Quincy,MA,2171,(617) 328-1500,29 Hancock St,89
42.3631202,-71.0549297,hotel,Bricco Suites,https://www.yelp.com/biz/bricco-suites-boston-3?adjust_creative=tzi52j1y9497qJtBsFV1mg&utm_campaign=yelp_api_v3&utm_medium=api_v3_business_search&utm_source=tzi52j1y9497qJtBsFV1mg,3.5,241 Hanover St,Boston,MA,2113,(617) 459-1293,241 Hanover St,24
42.343305,-71.076761,hotel,Clarendon Square,https://www.yelp.com/biz/clarendon-square-boston-2?adjust_creative=tzi52j1y9497qJtBsFV1mg&utm_campaign=yelp_api_v3&utm_medium=api_v3_business_search&utm_source=tzi52j1y9497qJtBsFV1mg,5,198 W Brookline St,Boston,MA,2118,(617) 536-2229,198 W Brookline St,30
42.34171,-71.14325,hotel,Hotel Boston,https://www.yelp.com/biz/hotel-boston-boston?adjust_creative=tzi52j1y9497qJtBsFV1mg&utm_campaign=yelp_api_v3&utm_medium=api_v3_business_search&utm_source=tzi52j1y9497qJtBsFV1mg,2,40 Mt Hood Rd,Boston,MA,2135,(617) 566-6260,40 Mt Hood Rd,42
42.19696432,-71.18430912,hotel,Hampton Inn Boston-Norwood,https://www.yelp.com/biz/hampton-inn-boston-norwood-norwood?adjust_creative=tzi52j1y9497qJtBsFV1mg&utm_campaign=yelp_api_v3&utm_medium=api_v3_business_search&utm_source=tzi52j1y9497qJtBsFV1mg,4,434 Providence Hwy Rt 1,Norwood,MA,2062,(781) 769-7000,434 Providence Hwy Rt 1,51
42.36179,-71.04842,hotel,Boston Yacht Haven Inn & Marina,https://www.yelp.com/biz/boston-yacht-haven-inn-and-marina-boston?adjust_creative=tzi52j1y9497qJtBsFV1mg&utm_campaign=yelp_api_v3&utm_medium=api_v3_business_search&utm_source=tzi52j1y9497qJtBsFV1mg,4,87 Commercial Wharf,Boston,MA,2110,(617) 367-5050,87 Commercial Wharf,16
42.2982424,-71.21768653,hotel,Residence Inn Boston Needham,https://www.yelp.com/biz/residence-inn-boston-needham-needham?adjust_creative=tzi52j1y9497qJtBsFV1mg&utm_campaign=yelp_api_v3&utm_medium=api_v3_business_search&utm_source=tzi52j1y9497qJtBsFV1mg,4,80 B St,Needham,MA,2494,(781) 444-5750,80 B St,37
42.401254,-71.006362,hotel,Hampton Inn Boston-Logan Airport,https://www.yelp.com/biz/hampton-inn-boston-logan-airport-revere?adjust_creative=tzi52j1y9497qJtBsFV1mg&utm_campaign=yelp_api_v3&utm_medium=api_v3_business_search&utm_source=tzi52j1y9497qJtBsFV1mg,3.5,230 Lee Burbank Hwy,Revere,MA,2151,(781) 286-5665,230 Lee Burbank Hwy,89
42.3993567,-71.0393961,hotel,Homewood Suites By Hilton Boston Logan Airport Chelsea,https://www.yelp.com/biz/homewood-suites-boston-logan-airport-chelsea-chelsea?adjust_creative=tzi52j1y9497qJtBsFV1mg&utm_campaign=yelp_api_v3&utm_medium=api_v3_business_search&utm_source=tzi52j1y9497qJtBsFV1mg,3.5,145 Beech St,Chelsea,MA,2150,(617) 660-9110,145 Beech St,33
42.3981,-71.14641,hotel,AC Hotel by Marriott Boston Cambridge,https://www.yelp.com/biz/ac-hotel-by-marriott-boston-cambridge-cambridge?adjust_creative=tzi52j1y9497qJtBsFV1mg&utm_campaign=yelp_api_v3&utm_medium=api_v3_business_search&utm_source=tzi52j1y9497qJtBsFV1mg,3.5,10 Acorn Park Dr,Cambridge,MA,2140,(617) 876-6190,10 Acorn Park Dr,43
42.3413899,-71.0768499,hotel,Encore Bed & Breakfast,https://www.yelp.com/biz/encore-bed-and-breakfast-boston?adjust_creative=tzi52j1y9497qJtBsFV1mg&utm_campaign=yelp_api_v3&utm_medium=api_v3_business_search&utm_source=tzi52j1y9497qJtBsFV1mg,4.5,116 W Newton St,Boston,MA,2118,(617) 247-3425,116 W Newton St,9
42.3952447,-71.06971876,hotel,Encore Boston Harbor,https://www.yelp.com/biz/encore-boston-harbor-everett-2?adjust_creative=tzi52j1y9497qJtBsFV1mg&utm_campaign=yelp_api_v3&utm_medium=api_v3_business_search&utm_source=tzi52j1y9497qJtBsFV1mg,2.5,1 Broadway,Everett,MA,2149,(857) 770-7000,1 Broadway,438
42.35273,-71.07334,hotel,The College Club of Boston,https://www.yelp.com/biz/the-college-club-of-boston-boston?adjust_creative=tzi52j1y9497qJtBsFV1mg&utm_campaign=yelp_api_v3&utm_medium=api_v3_business_search&utm_source=tzi52j1y9497qJtBsFV1mg,5,44 Commonwealth Ave,Boston,MA,2116,(617) 536-9510,44 Commonwealth Ave,38
42.229301,-71.018359,hotel,Marriott Boston Quincy,https://www.yelp.com/biz/marriott-boston-quincy-quincy?adjust_creative=tzi52j1y9497qJtBsFV1mg&utm_campaign=yelp_api_v3&utm_medium=api_v3_business_search&utm_source=tzi52j1y9497qJtBsFV1mg,3,1000 Marriott Dr,Quincy,MA,2169,(617) 472-1000,1000 Marriott Dr,119
42.3922566,-71.2657876,hotel,Hampton Inn and Suites Boston/Waltham,https://www.yelp.com/biz/hampton-inn-and-suites-boston-waltham-waltham?adjust_creative=tzi52j1y9497qJtBsFV1mg&utm_campaign=yelp_api_v3&utm_medium=api_v3_business_search&utm_source=tzi52j1y9497qJtBsFV1mg,4,135 2nd Ave,Waltham,MA,2451,(781) 466-6644,135 2nd Ave,21
42.342533,-71.0708507,hotel,14 Union Park,https://www.yelp.com/biz/14-union-park-boston-2?adjust_creative=tzi52j1y9497qJtBsFV1mg&utm_campaign=yelp_api_v3&utm_medium=api_v3_business_search&utm_source=tzi52j1y9497qJtBsFV1mg,5,14 Union Park,Boston,MA,2118,(617) 236-6961,14 Union Park,4
42.496995,-71.158957,hotel,Crowne Plaza Boston - Woburn,https://www.yelp.com/biz/crowne-plaza-boston-woburn-woburn-2?adjust_creative=tzi52j1y9497qJtBsFV1mg&utm_campaign=yelp_api_v3&utm_medium=api_v3_business_search&utm_source=tzi52j1y9497qJtBsFV1mg,3.5,15 Middlesex Canal Park,Woburn,MA,1801,(781) 935-8760,15 Middlesex Canal Park,66
42.3865928,-70.9717289,hotel,Winthrop Arms Hotel,https://www.yelp.com/biz/winthrop-arms-hotel-winthrop-4?adjust_creative=tzi52j1y9497qJtBsFV1mg&utm_campaign=yelp_api_v3&utm_medium=api_v3_business_search&utm_source=tzi52j1y9497qJtBsFV1mg,4,130 Grovers Ave,Winthrop,MA,2152,(617) 846-4000,130 Grovers Ave,67
42.376521,-70.973852,hotel,Winthrop Beach Inn and Suites,https://www.yelp.com/biz/winthrop-beach-inn-and-suites-winthrop?adjust_creative=tzi52j1y9497qJtBsFV1mg&utm_campaign=yelp_api_v3&utm_medium=api_v3_business_search&utm_source=tzi52j1y9497qJtBsFV1mg,4,312 Shirley St,Winthrop,MA,2152,(617) 539-3120,312 Shirley St,41
42.262339,-71.01285,hotel,Howard Johnson by Wyndham Quincy,https://www.yelp.com/biz/howard-johnson-by-wyndham-quincy-quincy?adjust_creative=tzi52j1y9497qJtBsFV1mg&utm_campaign=yelp_api_v3&utm_medium=api_v3_business_search&utm_source=tzi52j1y9497qJtBsFV1mg,3.5,845 Hancock Street,Quincy,MA,2170,(800) 889-9735,845 Hancock Street,13
42.294963,-71.046863,hotel,Ramada by Wyndham Boston,https://www.yelp.com/biz/ramada-by-wyndham-boston-boston?adjust_creative=tzi52j1y9497qJtBsFV1mg&utm_campaign=yelp_api_v3&utm_medium=api_v3_business_search&utm_source=tzi52j1y9497qJtBsFV1mg,2,800 Morrissey Boulevard,Boston,MA,2122,(800) 252-1709,800 Morrissey Boulevard,95
42.38426,-71.11888,hotel,Mary Prentiss Inn,https://www.yelp.com/biz/mary-prentiss-inn-cambridge?adjust_creative=tzi52j1y9497qJtBsFV1mg&utm_campaign=yelp_api_v3&utm_medium=api_v3_business_search&utm_source=tzi52j1y9497qJtBsFV1mg,4,6 Prentiss St,Cambridge,MA,2140,(617) 661-2929,6 Prentiss St,19
42.400648,-70.996636,hotel,Holiday Inn Express Boston Logan Airport - Revere,https://www.yelp.com/biz/holiday-inn-express-boston-logan-airport-revere-revere?adjust_creative=tzi52j1y9497qJtBsFV1mg&utm_campaign=yelp_api_v3&utm_medium=api_v3_business_search&utm_source=tzi52j1y9497qJtBsFV1mg,5,245 Revere Beach Pkwy,Revere,MA,2151,(781) 284-1704,245 Revere Beach Pkwy,1
42.209776,-71.148551,hotel,Courtyard by Marriott Boston Dedham/Westwood,https://www.yelp.com/biz/courtyard-boston-dedham-westwood-westwood?adjust_creative=tzi52j1y9497qJtBsFV1mg&utm_campaign=yelp_api_v3&utm_medium=api_v3_business_search&utm_source=tzi52j1y9497qJtBsFV1mg,3.5,64 University Ave,Westwood,MA,2090,(781) 467-1252,64 University Ave,16
42.38318808,-71.0370362,hotel,Rock on Rentals,https://www.yelp.com/biz/rock-on-rentals-boston-2?adjust_creative=tzi52j1y9497qJtBsFV1mg&utm_campaign=yelp_api_v3&utm_medium=api_v3_business_search&utm_source=tzi52j1y9497qJtBsFV1mg,4.5,86 Condor St,Boston,MA,2128,(617) 299-9043,86 Condor St,3
42.35423279,-71.130867,hotel,The Farrington Inn,https://www.yelp.com/biz/the-farrington-inn-allston-2?adjust_creative=tzi52j1y9497qJtBsFV1mg&utm_campaign=yelp_api_v3&utm_medium=api_v3_business_search&utm_source=tzi52j1y9497qJtBsFV1mg,2,23 Farrington Ave,Allston,MA,2134,(617) 787-1860,23 Farrington Ave,53
42.35692,-71.06964,hotel,Beacon Hill Hotel,https://www.yelp.com/biz/beacon-hill-hotel-boston?adjust_creative=tzi52j1y9497qJtBsFV1mg&utm_campaign=yelp_api_v3&utm_medium=api_v3_business_search&utm_source=tzi52j1y9497qJtBsFV1mg,3.5,25 Charles St,Boston,MA,2114,(800) 640-3935,25 Charles St,10
42.35099941,-71.06342264,hotel,Hostelling International,https://www.yelp.com/biz/hostelling-international-boston?adjust_creative=tzi52j1y9497qJtBsFV1mg&utm_campaign=yelp_api_v3&utm_medium=api_v3_business_search&utm_source=tzi52j1y9497qJtBsFV1mg,4,19 Stuart St,Boston,MA,2116,(617) 536-9455,19 Stuart St,116
42.353503,-71.060971,hotel,Swissotel,https://www.yelp.com/biz/swissotel-boston?adjust_creative=tzi52j1y9497qJtBsFV1mg&utm_campaign=yelp_api_v3&utm_medium=api_v3_business_search&utm_source=tzi52j1y9497qJtBsFV1mg,4,1 Avenue De Lafayette,Boston,MA,2111,(617) 451-2600,1 Avenue De Lafayette,1
42.4839884,-71.2107533,hotel,Residence Inn by Marriott Boston Burlington,https://www.yelp.com/biz/residence-inn-by-marriott-boston-burlington-burlington?adjust_creative=tzi52j1y9497qJtBsFV1mg&utm_campaign=yelp_api_v3&utm_medium=api_v3_business_search&utm_source=tzi52j1y9497qJtBsFV1mg,4.5,400 District Avenue,Burlington,MA,1803,(781) 272-3331,400 District Avenue,15
42.3497994,-71.0930097,hotel,Great Hut Resort,https://www.yelp.com/biz/great-hut-resort-boston?adjust_creative=tzi52j1y9497qJtBsFV1mg&utm_campaign=yelp_api_v3&utm_medium=api_v3_business_search&utm_source=tzi52j1y9497qJtBsFV1mg,4,8 Bay State Rd,Boston,MA,2215,(876) 635-3388,8 Bay State Rd,1
42.44522397,-71.25982751,hotel,Element Lexington,https://www.yelp.com/biz/element-lexington-lexington?adjust_creative=tzi52j1y9497qJtBsFV1mg&utm_campaign=yelp_api_v3&utm_medium=api_v3_business_search&utm_source=tzi52j1y9497qJtBsFV1mg,3.5,727 Marrett Road - B,Lexington,MA,2421,(781) 761-1750,727 Marrett Road - B,62
42.445352,-71.260479,hotel,Aloft Lexington,https://www.yelp.com/biz/aloft-lexington-lexington-2?adjust_creative=tzi52j1y9497qJtBsFV1mg&utm_campaign=yelp_api_v3&utm_medium=api_v3_business_search&utm_source=tzi52j1y9497qJtBsFV1mg,3.5,727 Marrett Road - A,Lexington,MA,2421,(781) 761-1700,727 Marrett Road - A,148
42.363346,-71.050599,hotel,SleepAfloat - Boston,https://www.yelp.com/biz/sleepafloat-boston-boston?adjust_creative=tzi52j1y9497qJtBsFV1mg&utm_campaign=yelp_api_v3&utm_medium=api_v3_business_search&utm_source=tzi52j1y9497qJtBsFV1mg,4,28 Atlantic Ave,Boston,MA,2110,(855) 343-3456,28 Atlantic Ave,4
42.27342,-71.02968,hotel,Holiday Inn Express Boston - Quincy,https://www.yelp.com/biz/holiday-inn-express-boston-quincy-quincy-2?adjust_creative=tzi52j1y9497qJtBsFV1mg&utm_campaign=yelp_api_v3&utm_medium=api_v3_business_search&utm_source=tzi52j1y9497qJtBsFV1mg,3.5,1 Arlington St,Quincy,MA,2171,(781) 312-8300,1 Arlington St,8
42.34207535,-71.11709595,hotel,The Bertram Inn,https://www.yelp.com/biz/the-bertram-inn-brookline?adjust_creative=tzi52j1y9497qJtBsFV1mg&utm_campaign=yelp_api_v3&utm_medium=api_v3_business_search&utm_source=tzi52j1y9497qJtBsFV1mg,4.5,92 Sewall Ave,Brookline,MA,2446,(617) 566-2234,92 Sewall Ave,29
42.37104,-71.060562,hotel,Bed & Breakfast Afloat,https://www.yelp.com/biz/bed-and-breakfast-afloat-boston?adjust_creative=tzi52j1y9497qJtBsFV1mg&utm_campaign=yelp_api_v3&utm_medium=api_v3_business_search&utm_source=tzi52j1y9497qJtBsFV1mg,5,28 Constitution Rd,Boston,MA,2129,(617) 241-9640,28 Constitution Rd,8
42.344741,-71.110351,hotel,Anthony's Town House,https://www.yelp.com/biz/anthonys-town-house-brookline?adjust_creative=tzi52j1y9497qJtBsFV1mg&utm_campaign=yelp_api_v3&utm_medium=api_v3_business_search&utm_source=tzi52j1y9497qJtBsFV1mg,5,1085 Beacon St,Brookline,MA,2446,(617) 566-3972,1085 Beacon St,3
42.37883,-71.0523758,hotel,The Green Turtle,https://www.yelp.com/biz/the-green-turtle-charlestown?adjust_creative=tzi52j1y9497qJtBsFV1mg&utm_campaign=yelp_api_v3&utm_medium=api_v3_business_search&utm_source=tzi52j1y9497qJtBsFV1mg,5,1 Pier 8 13th St,Charlestown,MA,2129,(617) 337-0202,1 Pier 8 13th St,7
42.35885468,-71.15594698,hotel,Charles River Motel,https://www.yelp.com/biz/charles-river-motel-boston?adjust_creative=tzi52j1y9497qJtBsFV1mg&utm_campaign=yelp_api_v3&utm_medium=api_v3_business_search&utm_source=tzi52j1y9497qJtBsFV1mg,1.5,1800 Soldiers Field Rd,Boston,MA,2135,(617) 254-0200,1800 Soldiers Field Rd,18
42.3003633,-71.2214859,hotel,Homewood Suites by Hilton Needham Boston,https://www.yelp.com/biz/homewood-suites-by-hilton-needham-boston-needham?adjust_creative=tzi52j1y9497qJtBsFV1mg&utm_campaign=yelp_api_v3&utm_medium=api_v3_business_search&utm_source=tzi52j1y9497qJtBsFV1mg,4,200 1st Ave,Needham,MA,2494,(781) 455-9987,200 1st Ave,9
42.37731,-71.12322,hotel,Sheraton Commander Hotel,https://www.yelp.com/biz/sheraton-commander-hotel-cambridge?adjust_creative=tzi52j1y9497qJtBsFV1mg&utm_campaign=yelp_api_v3&utm_medium=api_v3_business_search&utm_source=tzi52j1y9497qJtBsFV1mg,3.5,16 Garden St,Cambridge,MA,2138,(617) 547-4800,16 Garden St,75
42.38920212,-71.12049103,hotel,Porter Square Hotel,https://www.yelp.com/biz/porter-square-hotel-cambridge?adjust_creative=tzi52j1y9497qJtBsFV1mg&utm_campaign=yelp_api_v3&utm_medium=api_v3_business_search&utm_source=tzi52j1y9497qJtBsFV1mg,3,1924 Massachusetts Ave,Cambridge,MA,2140,(617) 499-3399,1924 Massachusetts Ave,9
42.3961117,-71.2662558,hotel,Embassy Suites by Hilton Boston Waltham,https://www.yelp.com/biz/embassy-suites-by-hilton-boston-waltham-waltham?adjust_creative=tzi52j1y9497qJtBsFV1mg&utm_campaign=yelp_api_v3&utm_medium=api_v3_business_search&utm_source=tzi52j1y9497qJtBsFV1mg,3.5,550 Winter St,Waltham,MA,2451,(781) 890-6767,550 Winter St,104
42.48518372,-70.86787415,hotel,Arbor House Bed and Breakfast,https://www.yelp.com/biz/arbor-house-bed-and-breakfast-marblehead?adjust_creative=tzi52j1y9497qJtBsFV1mg&utm_campaign=yelp_api_v3&utm_medium=api_v3_business_search&utm_source=tzi52j1y9497qJtBsFV1mg,5,28 Ticehurst Ln,Marblehead,MA,1945,(781) 990-1326,28 Ticehurst Ln,7
42.428385,-71.0150244,hotel,Four Points by Sheraton Boston Logan Airport Revere,https://www.yelp.com/biz/four-points-by-sheraton-boston-logan-airport-revere-revere?adjust_creative=tzi52j1y9497qJtBsFV1mg&utm_campaign=yelp_api_v3&utm_medium=api_v3_business_search&utm_source=tzi52j1y9497qJtBsFV1mg,2.5,407 Squire Rd,Revere,MA,2151,(781) 284-7200,407 Squire Rd,109
42.482997,-71.195455,hotel,Hyatt House Boston Burlington,https://www.yelp.com/biz/hyatt-house-boston-burlington-burlington?adjust_creative=tzi52j1y9497qJtBsFV1mg&utm_campaign=yelp_api_v3&utm_medium=api_v3_business_search&utm_source=tzi52j1y9497qJtBsFV1mg,3.5,2 Van De Graaff Dr,Burlington,MA,1803,(781) 270-0800,2 Van De Graaff Dr,61
42.34936,-71.08397,hotel,Edena Resorts,https://www.yelp.com/biz/edena-resorts-boston?adjust_creative=tzi52j1y9497qJtBsFV1mg&utm_campaign=yelp_api_v3&utm_medium=api_v3_business_search&utm_source=tzi52j1y9497qJtBsFV1mg,3,279 Newbury St,Boston,MA,2116,(800) 690-7258,279 Newbury St,2
42.403446,-71.0604934,hotel,Backpackers Hostel & Pub,https://www.yelp.com/biz/backpackers-hostel-and-pub-everett?adjust_creative=tzi52j1y9497qJtBsFV1mg&utm_campaign=yelp_api_v3&utm_medium=api_v3_business_search&utm_source=tzi52j1y9497qJtBsFV1mg,3.5,13 School St,Everett,MA,2149,(617) 860-2836,13 School St,28
42.34627546,-71.2584579,hotel,Boston Marriott Newton,https://www.yelp.com/biz/boston-marriott-newton-newton?adjust_creative=tzi52j1y9497qJtBsFV1mg&utm_campaign=yelp_api_v3&utm_medium=api_v3_business_search&utm_source=tzi52j1y9497qJtBsFV1mg,2.5,2345 Commonwealth Ave,Newton,MA,2466,(617) 969-1000,2345 Commonwealth Ave,121
42.433882,-71.038293,hotel,Econo Lodge,https://www.yelp.com/biz/econo-lodge-malden?adjust_creative=tzi52j1y9497qJtBsFV1mg&utm_campaign=yelp_api_v3&utm_medium=api_v3_business_search&utm_source=tzi52j1y9497qJtBsFV1mg,1.5,321 Broadway,Malden,MA,2148,(781) 324-8500,321 Broadway,32
42.34319072,-71.05703477,hotel,Cambria Hotel - Boston,https://www.yelp.com/biz/cambria-hotel-boston-boston?adjust_creative=tzi52j1y9497qJtBsFV1mg&utm_campaign=yelp_api_v3&utm_medium=api_v3_business_search&utm_source=tzi52j1y9497qJtBsFV1mg,1,6 W Broadway,Boston,MA,2127,(617) 752-6681,6 W Broadway,1
42.36923218,-71.10494995,hotel,Harding House Bed & Breakfast,https://www.yelp.com/biz/harding-house-bed-and-breakfast-cambridge?adjust_creative=tzi52j1y9497qJtBsFV1mg&utm_campaign=yelp_api_v3&utm_medium=api_v3_business_search&utm_source=tzi52j1y9497qJtBsFV1mg,4.5,288 Harvard St,Cambridge,MA,2139,(617) 876-2888,288 Harvard St,15
42.4961357,-71.1215133,hotel,Hilton Boston/Woburn,https://www.yelp.com/biz/hilton-boston-woburn-woburn-3?adjust_creative=tzi52j1y9497qJtBsFV1mg&utm_campaign=yelp_api_v3&utm_medium=api_v3_business_search&utm_source=tzi52j1y9497qJtBsFV1mg,3.5,2 Forbes Rd,Woburn,MA,1801,(781) 932-0999,2 Forbes Rd,39
42.303352,-71.219333,hotel,Sheraton Boston Needham Hotel,https://www.yelp.com/biz/sheraton-boston-needham-hotel-needham?adjust_creative=tzi52j1y9497qJtBsFV1mg&utm_campaign=yelp_api_v3&utm_medium=api_v3_business_search&utm_source=tzi52j1y9497qJtBsFV1mg,2.5,100 Cabot St,Needham,MA,2494,(781) 444-1110,100 Cabot St,99
42.39714,-71.11989,hotel,Davis Square Inn,https://www.yelp.com/biz/davis-square-inn-somerville?adjust_creative=tzi52j1y9497qJtBsFV1mg&utm_campaign=yelp_api_v3&utm_medium=api_v3_business_search&utm_source=tzi52j1y9497qJtBsFV1mg,4.5,204 Morrison Ave,Somerville,MA,2144,(617) 627-9670,204 Morrison Ave,7
42.398031,-71.25911325,hotel,Courtyard by Marriott Boston Waltham,https://www.yelp.com/biz/courtyard-by-marriott-boston-waltham-waltham?adjust_creative=tzi52j1y9497qJtBsFV1mg&utm_campaign=yelp_api_v3&utm_medium=api_v3_business_search&utm_source=tzi52j1y9497qJtBsFV1mg,3.5,387 Winter Street,Waltham,MA,2451,(781) 419-0900,387 Winter Street,47
42.449587,-71.236495,hotel,The Inn at Hastings Park,https://www.yelp.com/biz/the-inn-at-hastings-park-lexington?adjust_creative=tzi52j1y9497qJtBsFV1mg&utm_campaign=yelp_api_v3&utm_medium=api_v3_business_search&utm_source=tzi52j1y9497qJtBsFV1mg,4.5,2027 Massachusetts Ave,Lexington,MA,2421,(781) 301-6660,2027 Massachusetts Ave,26
42.372663,-71.1221451,hotel,Harvard Square Hotel,https://www.yelp.com/biz/harvard-square-hotel-cambridge?adjust_creative=tzi52j1y9497qJtBsFV1mg&utm_campaign=yelp_api_v3&utm_medium=api_v3_business_search&utm_source=tzi52j1y9497qJtBsFV1mg,3,110 Mount Auburn St,Cambridge,MA,2138,(617) 864-5200,110 Mount Auburn St,54
42.370377,-71.031718,hotel,Embassy Suites Boston Logan,https://www.yelp.com/biz/embassy-suites-boston-logan-boston?adjust_creative=tzi52j1y9497qJtBsFV1mg&utm_campaign=yelp_api_v3&utm_medium=api_v3_business_search&utm_source=tzi52j1y9497qJtBsFV1mg,3,207 Porter St,Boston,MA,2128,(617) 567-5000,207 Porter St,4
42.34639,-71.08902,hotel,Boston Fenway Inn,https://www.yelp.com/biz/boston-fenway-inn-boston-2?adjust_creative=tzi52j1y9497qJtBsFV1mg&utm_campaign=yelp_api_v3&utm_medium=api_v3_business_search&utm_source=tzi52j1y9497qJtBsFV1mg,3.5,12 Hemenway St,Boston,MA,2115,(857) 250-2785,12 Hemenway St,6
42.35091,-71.08823,hotel,463 Beacon Street Guest House,https://www.yelp.com/biz/463-beacon-street-guest-house-boston-2?adjust_creative=tzi52j1y9497qJtBsFV1mg&utm_campaign=yelp_api_v3&utm_medium=api_v3_business_search&utm_source=tzi52j1y9497qJtBsFV1mg,3,463 Beacon St,Boston,MA,2115,(617) 536-1302,463 Beacon St,23
42.43076324,-71.21500397,hotel,Morgan's Rest Bed & Breakfast,https://www.yelp.com/biz/morgans-rest-bed-and-breakfast-lexington?adjust_creative=tzi52j1y9497qJtBsFV1mg&utm_campaign=yelp_api_v3&utm_medium=api_v3_business_search&utm_source=tzi52j1y9497qJtBsFV1mg,5,205 Follen Rd,Lexington,MA,2421,(781) 652-8018,205 Follen Rd,6
42.36727283,-71.04105098,hotel,Evolve East Pier,https://www.yelp.com/biz/evolve-east-pier-boston?adjust_creative=tzi52j1y9497qJtBsFV1mg&utm_campaign=yelp_api_v3&utm_medium=api_v3_business_search&utm_source=tzi52j1y9497qJtBsFV1mg,1,50 Lewis St,Boston,MA,2128,(888) 323-3224,50 Lewis St,1
42.34171,-71.11715,hotel,Samuel Sewall Inn,https://www.yelp.com/biz/samuel-sewall-inn-brookline?adjust_creative=tzi52j1y9497qJtBsFV1mg&utm_campaign=yelp_api_v3&utm_medium=api_v3_business_search&utm_source=tzi52j1y9497qJtBsFV1mg,4.5,143 Saint Paul St,Brookline,MA,2446,(617) 713-0123,143 Saint Paul St,16
42.39251,-71.25869,hotel,Hyatt House Boston Waltham,https://www.yelp.com/biz/hyatt-house-boston-waltham-waltham?adjust_creative=tzi52j1y9497qJtBsFV1mg&utm_campaign=yelp_api_v3&utm_medium=api_v3_business_search&utm_source=tzi52j1y9497qJtBsFV1mg,3,54 4Th Ave,Waltham,MA,2451,(781) 290-0026,54 4Th Ave,54
42.22116308,-71.03847027,hotel,Hampton Inn Boston/Braintree,https://www.yelp.com/biz/hampton-inn-boston-braintree-braintree?adjust_creative=tzi52j1y9497qJtBsFV1mg&utm_campaign=yelp_api_v3&utm_medium=api_v3_business_search&utm_source=tzi52j1y9497qJtBsFV1mg,3.5,215 Wood Rd,Braintree,MA,2184,(781) 380-3300,215 Wood Rd,45
42.23162,-71.18272,hotel,Holiday Inn Boston-Dedham Htl & Conf Ctr,https://www.yelp.com/biz/holiday-inn-boston-dedham-htl-and-conf-ctr-dedham-4?adjust_creative=tzi52j1y9497qJtBsFV1mg&utm_campaign=yelp_api_v3&utm_medium=api_v3_business_search&utm_source=tzi52j1y9497qJtBsFV1mg,2.5,55 Ariadne Rd,Dedham,MA,2026,(781) 329-1000,55 Ariadne Rd,56
42.44587189,-71.0242314,hotel,Quality Inn Boston-Revere,https://www.yelp.com/biz/quality-inn-boston-revere-revere?adjust_creative=tzi52j1y9497qJtBsFV1mg&utm_campaign=yelp_api_v3&utm_medium=api_v3_business_search&utm_source=tzi52j1y9497qJtBsFV1mg,2.5,100 Morris St,Revere,MA,2151,(781) 324-1900,100 Morris St,26
42.35099966,-71.0634137,hotel,Hi Boston Hostel,https://www.yelp.com/biz/hi-boston-hostel-boston?adjust_creative=tzi52j1y9497qJtBsFV1mg&utm_campaign=yelp_api_v3&utm_medium=api_v3_business_search&utm_source=tzi52j1y9497qJtBsFV1mg,3.5,19 Stuart St,Boston,MA,2116,(617) 536-9455,19 Stuart St,10
42.34043884,-71.12591553,hotel,Marion Inn,https://www.yelp.com/biz/marion-inn-brookline?adjust_creative=tzi52j1y9497qJtBsFV1mg&utm_campaign=yelp_api_v3&utm_medium=api_v3_business_search&utm_source=tzi52j1y9497qJtBsFV1mg,4,105 Marion St,Brookline,MA,2446,(617) 487-5887,105 Marion St,6
42.43942,-71.03202,hotel,OYO Hotel Malden MA Broadway,https://www.yelp.com/biz/oyo-hotel-malden-ma-broadway-boston?adjust_creative=tzi52j1y9497qJtBsFV1mg&utm_campaign=yelp_api_v3&utm_medium=api_v3_business_search&utm_source=tzi52j1y9497qJtBsFV1mg,1,551 Broadway Malden,Boston,MA,2148,(628) 263-0418,551 Broadway Malden,1
42.22789,-71.178412,hotel,Fairfield by Marriott Inn,https://www.yelp.com/biz/fairfield-by-marriott-inn-dedham?adjust_creative=tzi52j1y9497qJtBsFV1mg&utm_campaign=yelp_api_v3&utm_medium=api_v3_business_search&utm_source=tzi52j1y9497qJtBsFV1mg,2.5,235 Elm St,Dedham,MA,2026,(781) 326-6700,235 Elm St,43
42.349731,-71.096231,hotel,Abigayle's Bed and Breakfast,https://www.yelp.com/biz/abigayles-bed-and-breakfast-boston?adjust_creative=tzi52j1y9497qJtBsFV1mg&utm_campaign=yelp_api_v3&utm_medium=api_v3_business_search&utm_source=tzi52j1y9497qJtBsFV1mg,4.5,72 Bay State Rd,Boston,MA,2215,(781) 455-6746,72 Bay State Rd,4
42.39855,-71.25855,hotel,Holiday Inn Express Boston-Waltham,https://www.yelp.com/biz/holiday-inn-express-boston-waltham-waltham-2?adjust_creative=tzi52j1y9497qJtBsFV1mg&utm_campaign=yelp_api_v3&utm_medium=api_v3_business_search&utm_source=tzi52j1y9497qJtBsFV1mg,3.5,385 Winter St,Waltham,MA,2451,(781) 890-2800,385 Winter St,43
42.3694725,-70.97075653,hotel,The Inn At Crystal Cove,https://www.yelp.com/biz/the-inn-at-crystal-cove-winthrop?adjust_creative=tzi52j1y9497qJtBsFV1mg&utm_campaign=yelp_api_v3&utm_medium=api_v3_business_search&utm_source=tzi52j1y9497qJtBsFV1mg,4,600 Shirley St,Winthrop,MA,2152,(617) 846-9217,600 Shirley St,26
42.43941498,-71.0321579,hotel,New England Motor Court,https://www.yelp.com/biz/new-england-motor-court-malden?adjust_creative=tzi52j1y9497qJtBsFV1mg&utm_campaign=yelp_api_v3&utm_medium=api_v3_business_search&utm_source=tzi52j1y9497qJtBsFV1mg,5,551 Broadway,Malden,MA,2148,(781) 321-0505,551 Broadway,1
42.22778647,-71.17832378,hotel,Residence Inn by Marriott Boston Dedham,https://www.yelp.com/biz/residence-inn-by-marriott-boston-dedham-dedham-2?adjust_creative=tzi52j1y9497qJtBsFV1mg&utm_campaign=yelp_api_v3&utm_medium=api_v3_business_search&utm_source=tzi52j1y9497qJtBsFV1mg,3,259 Elm St,Dedham,MA,2026,(781) 407-0999,259 Elm St,19
42.48983739,-71.1950223,hotel,Boston Marriott Burlington,https://www.yelp.com/biz/boston-marriott-burlington-burlington-2?adjust_creative=tzi52j1y9497qJtBsFV1mg&utm_campaign=yelp_api_v3&utm_medium=api_v3_business_search&utm_source=tzi52j1y9497qJtBsFV1mg,3.5,One Burlington Mall Road,Burlington,MA,1803,(781) 229-6565,One Burlington Mall Road,111
42.356248,-71.186604,hotel,Four Points by Sheraton Boston Newton,https://www.yelp.com/biz/four-points-by-sheraton-boston-newton-newton?adjust_creative=tzi52j1y9497qJtBsFV1mg&utm_campaign=yelp_api_v3&utm_medium=api_v3_business_search&utm_source=tzi52j1y9497qJtBsFV1mg,2,320 Washington Street,Newton,MA,2458,(617) 969-3010,320 Washington Street,2
42.47506,-71.211062,hotel,Sonesta ES Suites,https://www.yelp.com/biz/sonesta-es-suites-burlington?adjust_creative=tzi52j1y9497qJtBsFV1mg&utm_campaign=yelp_api_v3&utm_medium=api_v3_business_search&utm_source=tzi52j1y9497qJtBsFV1mg,3,11 Old Concord Rd,Burlington,MA,1803,(800) 766-3782,11 Old Concord Rd,30
42.2445828,-71.0285035,hotel,J E Furnished Apartments,https://www.yelp.com/biz/j-e-furnished-apartments-quincy?adjust_creative=tzi52j1y9497qJtBsFV1mg&utm_campaign=yelp_api_v3&utm_medium=api_v3_business_search&utm_source=tzi52j1y9497qJtBsFV1mg,5,33 Furnace Ave,Quincy,MA,2169,(617) 479-4110,33 Furnace Ave,2
42.34588,-71.08777,hotel,Oasis Guest House,https://www.yelp.com/biz/oasis-guest-house-boston?adjust_creative=tzi52j1y9497qJtBsFV1mg&utm_campaign=yelp_api_v3&utm_medium=api_v3_business_search&utm_source=tzi52j1y9497qJtBsFV1mg,3.5,22 Edgerly Rd,Boston,MA,2115,(617) 267-2262,22 Edgerly Rd,43
42.36445,-71.17843,hotel,Super 8 by Wyndham Watertown/Cambridge/Boston Area,https://www.yelp.com/biz/super-8-by-wyndham-watertown-cambridge-boston-area-watertown?adjust_creative=tzi52j1y9497qJtBsFV1mg&utm_campaign=yelp_api_v3&utm_medium=api_v3_business_search&utm_source=tzi52j1y9497qJtBsFV1mg,1.5,100 N Beacon St,Watertown,MA,2472,(800) 536-9326,100 N Beacon St,29
42.33734512,-71.07459259,hotel,Aisling Bed & Breakfast,https://www.yelp.com/biz/aisling-bed-and-breakfast-boston?adjust_creative=tzi52j1y9497qJtBsFV1mg&utm_campaign=yelp_api_v3&utm_medium=api_v3_business_search&utm_source=tzi52j1y9497qJtBsFV1mg,4.5,21 E Concord St,Boston,MA,2118,(617) 206-8049,21 E Concord St,11
42.36678,-71.05941,hotel,FlipKey,https://www.yelp.com/biz/flipkey-boston?adjust_creative=tzi52j1y9497qJtBsFV1mg&utm_campaign=yelp_api_v3&utm_medium=api_v3_business_search&utm_source=tzi52j1y9497qJtBsFV1mg,1,226 Causeway St,Boston,MA,2114,(877) 354-7539,226 Causeway St,103
42.35102844,-71.08781433,hotel,Bed and Breakfast Associates Bay Colony,https://www.yelp.com/biz/bed-and-breakfast-associates-bay-colony-boston?adjust_creative=tzi52j1y9497qJtBsFV1mg&utm_campaign=yelp_api_v3&utm_medium=api_v3_business_search&utm_source=tzi52j1y9497qJtBsFV1mg,3.5,453 Beacon St,Boston,MA,2115,(617) 720-0522,453 Beacon St,8
42.417451,-71.002465,hotel,Rodeway Inn Logan International Airport,https://www.yelp.com/biz/rodeway-inn-logan-international-airport-revere?adjust_creative=tzi52j1y9497qJtBsFV1mg&utm_campaign=yelp_api_v3&utm_medium=api_v3_business_search&utm_source=tzi52j1y9497qJtBsFV1mg,2,309 American Legion Hwy,Revere,MA,2151,(781) 284-3663,309 American Legion Hwy,81
42.47684,-71.21100783,hotel,Hilton Garden Inn Boston-Burlington,https://www.yelp.com/biz/hilton-garden-inn-boston-burlington-burlington?adjust_creative=tzi52j1y9497qJtBsFV1mg&utm_campaign=yelp_api_v3&utm_medium=api_v3_business_search&utm_source=tzi52j1y9497qJtBsFV1mg,3,5 Wheeler Rd,Burlington,MA,1803,(781) 272-8800,5 Wheeler Rd,67
42.39768015,-71.25783491,hotel,Best Western Plus Waltham Boston,https://www.yelp.com/biz/best-western-plus-waltham-boston-waltham?adjust_creative=tzi52j1y9497qJtBsFV1mg&utm_campaign=yelp_api_v3&utm_medium=api_v3_business_search&utm_source=tzi52j1y9497qJtBsFV1mg,2.5,380 Winter St,Waltham,MA,2451,(781) 890-7800,380 Winter St,36
42.48838703,-71.11661822,hotel,Courtyard Boston Woburn/Boston North,https://www.yelp.com/biz/courtyard-boston-woburn-boston-north-woburn?adjust_creative=tzi52j1y9497qJtBsFV1mg&utm_campaign=yelp_api_v3&utm_medium=api_v3_business_search&utm_source=tzi52j1y9497qJtBsFV1mg,3.5,700 Unicorn Park Dr,Woburn,MA,1801,(781) 938-9001,700 Unicorn Park Dr,65
42.253899,-71.191655,hotel,MIT Endicott House,https://www.yelp.com/biz/mit-endicott-house-dedham?adjust_creative=tzi52j1y9497qJtBsFV1mg&utm_campaign=yelp_api_v3&utm_medium=api_v3_business_search&utm_source=tzi52j1y9497qJtBsFV1mg,3.5,80 Haven St,Dedham,MA,2026,(781) 326-5151,80 Haven St,15
42.486262,-71.221936,hotel,Sonesta Simply Suites Boston Burlington,https://www.yelp.com/biz/candlewood-suites-boston-burlington-burlington-2?adjust_creative=tzi52j1y9497qJtBsFV1mg&utm_campaign=yelp_api_v3&utm_medium=api_v3_business_search&utm_source=tzi52j1y9497qJtBsFV1mg,3,130 Middlesex Tpke,Burlington,MA,1803,(781) 229-4300,130 Middlesex Tpke,44
42.2257448,-71.1700795,hotel,Hilton Boston/Dedham,https://www.yelp.com/biz/hilton-boston-dedham-dedham?adjust_creative=tzi52j1y9497qJtBsFV1mg&utm_campaign=yelp_api_v3&utm_medium=api_v3_business_search&utm_source=tzi52j1y9497qJtBsFV1mg,3,25 Allied Dr,Dedham,MA,2026,(781) 329-7900,25 Allied Dr,132
42.33842,-71.141014,hotel,Beacon Inn,https://www.yelp.com/biz/beacon-inn-brookline-2?adjust_creative=tzi52j1y9497qJtBsFV1mg&utm_campaign=yelp_api_v3&utm_medium=api_v3_business_search&utm_source=tzi52j1y9497qJtBsFV1mg,3,1750 Beacon St,Brookline,MA,2446,(617) 566-0088,1750 Beacon St,37
42.47125,-71.02568,hotel,Holiday Inn Express Saugus,https://www.yelp.com/biz/holiday-inn-express-saugus-saugus-3?adjust_creative=tzi52j1y9497qJtBsFV1mg&utm_campaign=yelp_api_v3&utm_medium=api_v3_business_search&utm_source=tzi52j1y9497qJtBsFV1mg,3,999 Broadway,Saugus,MA,1906,(781) 233-1800,999 Broadway,59
42.2018013,-71.0637359,hotel,Comfort Inn Randolph - Boston,https://www.yelp.com/biz/comfort-inn-randolph-boston-randolph?adjust_creative=tzi52j1y9497qJtBsFV1mg&utm_campaign=yelp_api_v3&utm_medium=api_v3_business_search&utm_source=tzi52j1y9497qJtBsFV1mg,3,1374 North Main St,Randolph,MA,2368,(781) 961-1000,1374 North Main St,25
42.3562236,-71.0502554,hotel,Rowes Wharf Bar - Boston Harbor Hotel,https://www.yelp.com/biz/rowes-wharf-bar-boston-harbor-hotel-boston?adjust_creative=tzi52j1y9497qJtBsFV1mg&utm_campaign=yelp_api_v3&utm_medium=api_v3_business_search&utm_source=tzi52j1y9497qJtBsFV1mg,4,70 Rowes Wharf,Boston,MA,2110,(617) 439-7000,70 Rowes Wharf,36
42.46866,-71.02451,hotel,Red Roof PLUS+ Boston - Logan,https://www.yelp.com/biz/red-roof-plus-boston-logan-saugus?adjust_creative=tzi52j1y9497qJtBsFV1mg&utm_campaign=yelp_api_v3&utm_medium=api_v3_business_search&utm_source=tzi52j1y9497qJtBsFV1mg,3,920 Broadway,Saugus,MA,1906,(781) 941-1400,920 Broadway,57
42.31141663,-71.2731781,hotel,Wellesley Bed & Breakfast,https://www.yelp.com/biz/wellesley-bed-and-breakfast-wellesley?adjust_creative=tzi52j1y9497qJtBsFV1mg&utm_campaign=yelp_api_v3&utm_medium=api_v3_business_search&utm_source=tzi52j1y9497qJtBsFV1mg,3.5,28 Eaton Ct,Wellesley,MA,2481,(781) 956-9946,28 Eaton Ct,8
42.375532,-71.110793,hotel,Irving House At Harvard Inn,https://www.yelp.com/biz/irving-house-at-harvard-cambridge?adjust_creative=tzi52j1y9497qJtBsFV1mg&utm_campaign=yelp_api_v3&utm_medium=api_v3_business_search&utm_source=tzi52j1y9497qJtBsFV1mg,3.5,24 Irving St,Cambridge,MA,2138,(617) 547-4600,24 Irving St,43
42.34608,-71.08788,hotel,Adams Bed and Breakfast,https://www.yelp.com/biz/adams-bed-and-breakfast-boston?adjust_creative=tzi52j1y9497qJtBsFV1mg&utm_campaign=yelp_api_v3&utm_medium=api_v3_business_search&utm_source=tzi52j1y9497qJtBsFV1mg,3,14 Edgerly Rd,Boston,MA,2115,(617) 267-2262,14 Edgerly Rd,2
42.22059631,-71.03910828,hotel,Candlewood Suites Boston-Braintree,https://www.yelp.com/biz/candlewood-suites-boston-braintree-braintree-2?adjust_creative=tzi52j1y9497qJtBsFV1mg&utm_campaign=yelp_api_v3&utm_medium=api_v3_business_search&utm_source=tzi52j1y9497qJtBsFV1mg,2.5,235 Wood Rd,Braintree,MA,2184,(781) 849-7450,235 Wood Rd,43
42.3518199,-71.06249,hotel,Global Luxury Suites,https://www.yelp.com/biz/global-luxury-suites-boston-4?adjust_creative=tzi52j1y9497qJtBsFV1mg&utm_campaign=yelp_api_v3&utm_medium=api_v3_business_search&utm_source=tzi52j1y9497qJtBsFV1mg,1.5,660 Washington St,Boston,MA,2116,(844) 893-3465,660 Washington St,12
42.48082375,-71.11883193,hotel,Best Western Plus New Englander,https://www.yelp.com/biz/best-western-plus-new-englander-woburn-2?adjust_creative=tzi52j1y9497qJtBsFV1mg&utm_campaign=yelp_api_v3&utm_medium=api_v3_business_search&utm_source=tzi52j1y9497qJtBsFV1mg,3,1 Rainin Rd,Woburn,MA,1801,(781) 935-8160,1 Rainin Rd,58
42.39477539,-71.25962067,hotel,The Westin Waltham Boston,https://www.yelp.com/biz/the-westin-waltham-boston-waltham?adjust_creative=tzi52j1y9497qJtBsFV1mg&utm_campaign=yelp_api_v3&utm_medium=api_v3_business_search&utm_source=tzi52j1y9497qJtBsFV1mg,3,70 Third Ave,Waltham,MA,2451,(781) 290-5600,70 Third Ave,158
42.33938,-71.08138,hotel,CorpHouses,https://www.yelp.com/biz/corphouses-boston?adjust_creative=tzi52j1y9497qJtBsFV1mg&utm_campaign=yelp_api_v3&utm_medium=api_v3_business_search&utm_source=tzi52j1y9497qJtBsFV1mg,3.5,257 Northampton St,Boston,MA,2118,(504) 507-0523,257 Northampton St,48
42.3417,-71.07645,hotel,CAJ House,https://www.yelp.com/biz/caj-house-boston?adjust_creative=tzi52j1y9497qJtBsFV1mg&utm_campaign=yelp_api_v3&utm_medium=api_v3_business_search&utm_source=tzi52j1y9497qJtBsFV1mg,3.5,677 Tremont St,Boston,MA,2118,(617) 803-4279,677 Tremont St,10
42.39025,-71.03734,hotel,Stanley Hotel,https://www.yelp.com/biz/stanley-hotel-chelsea?adjust_creative=tzi52j1y9497qJtBsFV1mg&utm_campaign=yelp_api_v3&utm_medium=api_v3_business_search&utm_source=tzi52j1y9497qJtBsFV1mg,1,15 Congress Ave,Chelsea,MA,2150,(617) 884-9080,15 Congress Ave,3
42.2482994,-71.0014458,hotel,Miranova Suites,https://www.yelp.com/biz/miranova-suites-quincy?adjust_creative=tzi52j1y9497qJtBsFV1mg&utm_campaign=yelp_api_v3&utm_medium=api_v3_business_search&utm_source=tzi52j1y9497qJtBsFV1mg,2.5,3 Cottage Ave,Quincy,MA,2169,(617) 302-2052,3 Cottage Ave,14
42.39638277,-71.25588244,hotel,Hilton Garden Inn Boston/Waltham,https://www.yelp.com/biz/hilton-garden-inn-boston-waltham-waltham-2?adjust_creative=tzi52j1y9497qJtBsFV1mg&utm_campaign=yelp_api_v3&utm_medium=api_v3_business_search&utm_source=tzi52j1y9497qJtBsFV1mg,3,450 Totten Pond Rd,Waltham,MA,2451,(781) 890-0100,450 Totten Pond Rd,63
42.373247,-71.11440891,hotel,Harvard Faculty Club,https://www.yelp.com/biz/harvard-faculty-club-cambridge?adjust_creative=tzi52j1y9497qJtBsFV1mg&utm_campaign=yelp_api_v3&utm_medium=api_v3_business_search&utm_source=tzi52j1y9497qJtBsFV1mg,4,20 Quincy St,Cambridge,MA,2138,(617) 495-5758,20 Quincy St,54
42.27342,-71.02968,hotel,Staybridge Suites Boston-Quincy,https://www.yelp.com/biz/staybridge-suites-boston-quincy-quincy?adjust_creative=tzi52j1y9497qJtBsFV1mg&utm_campaign=yelp_api_v3&utm_medium=api_v3_business_search&utm_source=tzi52j1y9497qJtBsFV1mg,3,1 Arlington St,Quincy,MA,2171,(781) 819-3890,1 Arlington St,4
42.39780426,-71.1202774,hotel,The Morrison House,https://www.yelp.com/biz/the-morrison-house-somerville?adjust_creative=tzi52j1y9497qJtBsFV1mg&utm_campaign=yelp_api_v3&utm_medium=api_v3_business_search&utm_source=tzi52j1y9497qJtBsFV1mg,4.5,221 Morrison Ave,Somerville,MA,2144,(617) 627-9670,221 Morrison Ave,8
42.2208091,-71.0359129,hotel,Best Western Braintree Inn,https://www.yelp.com/biz/best-western-braintree-inn-braintree?adjust_creative=tzi52j1y9497qJtBsFV1mg&utm_campaign=yelp_api_v3&utm_medium=api_v3_business_search&utm_source=tzi52j1y9497qJtBsFV1mg,3,190 Wood Rd,Braintree,MA,2184,(781) 848-1260,190 Wood Rd,4
42.4731451,-71.2502429,hotel,Quality Inn & Suites,https://www.yelp.com/biz/quality-inn-and-suites-lexington?adjust_creative=tzi52j1y9497qJtBsFV1mg&utm_campaign=yelp_api_v3&utm_medium=api_v3_business_search&utm_source=tzi52j1y9497qJtBsFV1mg,2,440 Bedford St,Lexington,MA,2420,(781) 861-0850,440 Bedford St,65
42.478954,-71.115304,hotel,Comfort Inn,https://www.yelp.com/biz/comfort-inn-woburn?adjust_creative=tzi52j1y9497qJtBsFV1mg&utm_campaign=yelp_api_v3&utm_medium=api_v3_business_search&utm_source=tzi52j1y9497qJtBsFV1mg,3.5,14 Hill St,Woburn,MA,1801,(781) 933-5363,14 Hill St,22
42.23196793,-71.01734924,hotel,Marriott Crown Colony,https://www.yelp.com/biz/marriott-crown-colony-quincy?adjust_creative=tzi52j1y9497qJtBsFV1mg&utm_campaign=yelp_api_v3&utm_medium=api_v3_business_search&utm_source=tzi52j1y9497qJtBsFV1mg,3.5,1100 Crown Colony Dr,Quincy,MA,2169,(617) 472-1000,1100 Crown Colony Dr,4
42.34928,-71.08272,hotel,Royalton Suites,https://www.yelp.com/biz/royalton-suites-boston?adjust_creative=tzi52j1y9497qJtBsFV1mg&utm_campaign=yelp_api_v3&utm_medium=api_v3_business_search&utm_source=tzi52j1y9497qJtBsFV1mg,2.5,254 Newbury St,Boston,MA,2116,(617) 578-9700,254 Newbury St,4
42.39770126,-71.25669861,hotel,Home Suites Inn,https://www.yelp.com/biz/home-suites-inn-waltham?adjust_creative=tzi52j1y9497qJtBsFV1mg&utm_campaign=yelp_api_v3&utm_medium=api_v3_business_search&utm_source=tzi52j1y9497qJtBsFV1mg,2,455 Totten Pond Rd,Waltham,MA,2451,(781) 330-2616,455 Totten Pond Rd,4
42.387839,-71.016669,hotel,Brinkleys Restaurant & Pub,https://www.yelp.com/biz/brinkleys-restaurant-and-pub-boston?adjust_creative=tzi52j1y9497qJtBsFV1mg&utm_campaign=yelp_api_v3&utm_medium=api_v3_business_search&utm_source=tzi52j1y9497qJtBsFV1mg,3,225 William F McClellan,Boston,MA,2128,(617) 569-5250,225 William F McClellan,29
42.22217178,-70.93881989,hotel,Stec & Stay,https://www.yelp.com/biz/stec-and-stay-weymouth?adjust_creative=tzi52j1y9497qJtBsFV1mg&utm_campaign=yelp_api_v3&utm_medium=api_v3_business_search&utm_source=tzi52j1y9497qJtBsFV1mg,5,48 Fairfax St,Weymouth,MA,2191,,48 Fairfax St,2
42.3579293,-71.0542852,hotel,AAA Corporate Rental,https://www.yelp.com/biz/aaa-corporate-rental-boston?adjust_creative=tzi52j1y9497qJtBsFV1mg&utm_campaign=yelp_api_v3&utm_medium=api_v3_business_search&utm_source=tzi52j1y9497qJtBsFV1mg,1,120 Milk St,Boston,MA,2109,(617) 357-6900,120 Milk St,1
42.32434082,-71.07409668,hotel,Dudley Inn,https://www.yelp.com/biz/dudley-inn-roxbury-3?adjust_creative=tzi52j1y9497qJtBsFV1mg&utm_campaign=yelp_api_v3&utm_medium=api_v3_business_search&utm_source=tzi52j1y9497qJtBsFV1mg,2,436 Dudley St,Roxbury,MA,2119,(617) 541-4812,436 Dudley St,1
42.36672211,-71.03163147,hotel,Airport Garden House,https://www.yelp.com/biz/airport-garden-house-boston?adjust_creative=tzi52j1y9497qJtBsFV1mg&utm_campaign=yelp_api_v3&utm_medium=api_v3_business_search&utm_source=tzi52j1y9497qJtBsFV1mg,2,319 Maverick St,Boston,MA,2128,(857) 234-8299,319 Maverick St,2
42.34854,-71.09523,hotel,Hotel Commonwealth,https://www.yelp.com/biz/hotel-commonwealth-boston-4?adjust_creative=tzi52j1y9497qJtBsFV1mg&utm_campaign=yelp_api_v3&utm_medium=api_v3_business_search&utm_source=tzi52j1y9497qJtBsFV1mg,4.5,500 Commonwealth Ave,Boston,MA,2215,(617) 426-0604,500 Commonwealth Ave,2
42.2250824,-71.1827774,hotel,Budget Inn of Westwood,https://www.yelp.com/biz/budget-inn-of-westwood-westwood?adjust_creative=tzi52j1y9497qJtBsFV1mg&utm_campaign=yelp_api_v3&utm_medium=api_v3_business_search&utm_source=tzi52j1y9497qJtBsFV1mg,1,71 Providence Hwy,Westwood,MA,2090,(781) 326-4477,71 Providence Hwy,6
42.39353858,-71.25940561,hotel,Extended Stay America - Boston - Waltham - 52 4th Ave.,https://www.yelp.com/biz/extended-stay-america-boston-waltham-52-4th-ave-waltham-3?adjust_creative=tzi52j1y9497qJtBsFV1mg&utm_campaign=yelp_api_v3&utm_medium=api_v3_business_search&utm_source=tzi52j1y9497qJtBsFV1mg,1.5,52 Fourth Ave.,Waltham,MA,2451,(800) 804-3724,52 Fourth Ave.,21
42.36201,-71.05064,hotel,Bed & Breakfast Agency of Boston,https://www.yelp.com/biz/bed-and-breakfast-agency-of-boston-boston?adjust_creative=tzi52j1y9497qJtBsFV1mg&utm_campaign=yelp_api_v3&utm_medium=api_v3_business_search&utm_source=tzi52j1y9497qJtBsFV1mg,2.5,47 Commercial Wharf,Boston,MA,2110,(617) 720-3540,47 Commercial Wharf,3
42.37509,-71.1329499,hotel,Harvard Sq Short & Long Term by Corporate Stay,https://www.yelp.com/biz/harvard-sq-short-and-long-term-by-corporate-stay-cambridge?adjust_creative=tzi52j1y9497qJtBsFV1mg&utm_campaign=yelp_api_v3&utm_medium=api_v3_business_search&utm_source=tzi52j1y9497qJtBsFV1mg,3,30 Lowell St,Cambridge,MA,2138,(617) 354-3500,30 Lowell St,1
42.48231506,-71.21952057,hotel,Extended Stay America - Boston - Burlington,https://www.yelp.com/biz/extended-stay-america-boston-burlington-burlington?adjust_creative=tzi52j1y9497qJtBsFV1mg&utm_campaign=yelp_api_v3&utm_medium=api_v3_business_search&utm_source=tzi52j1y9497qJtBsFV1mg,1.5,40 South Ave,Burlington,MA,1803,(800) 804-3724,40 South Ave,35
42.33936,-71.11892,hotel,Coolidge Corner Guest House,https://www.yelp.com/biz/coolidge-corner-guest-house-brookline?adjust_creative=tzi52j1y9497qJtBsFV1mg&utm_campaign=yelp_api_v3&utm_medium=api_v3_business_search&utm_source=tzi52j1y9497qJtBsFV1mg,3,17 Littell Rd,Brookline,MA,2446,(617) 734-4041,17 Littell Rd,19
42.4856073,-71.2605927,hotel,Bedford Plaza Hotel,https://www.yelp.com/biz/bedford-plaza-hotel-bedford-2?adjust_creative=tzi52j1y9497qJtBsFV1mg&utm_campaign=yelp_api_v3&utm_medium=api_v3_business_search&utm_source=tzi52j1y9497qJtBsFV1mg,2,340 Great Rd,Bedford,MA,1730,(781) 275-6700,340 Great Rd,56
42.22633362,-71.02977753,hotel,Extended Stay America - Boston - Braintree,https://www.yelp.com/biz/extended-stay-america-boston-braintree-braintree?adjust_creative=tzi52j1y9497qJtBsFV1mg&utm_campaign=yelp_api_v3&utm_medium=api_v3_business_search&utm_source=tzi52j1y9497qJtBsFV1mg,1.5,20 Rockdale St.,Braintree,MA,2184,(800) 804-3724,20 Rockdale St.,21
42.3445015,-71.0353241,hotel,Carnival Glory,https://www.yelp.com/biz/carnival-glory-boston?adjust_creative=tzi52j1y9497qJtBsFV1mg&utm_campaign=yelp_api_v3&utm_medium=api_v3_business_search&utm_source=tzi52j1y9497qJtBsFV1mg,3,11-13 Drydock Ave,Boston,MA,2210,,11-13 Drydock Ave,3
42.39329,-71.12614,hotel,A Cambridge House Inn,https://www.yelp.com/biz/a-cambridge-house-inn-cambridge?adjust_creative=tzi52j1y9497qJtBsFV1mg&utm_campaign=yelp_api_v3&utm_medium=api_v3_business_search&utm_source=tzi52j1y9497qJtBsFV1mg,3,2218 Massachusetts Ave,Cambridge,MA,2140,(617) 491-6300,2218 Massachusetts Ave,17
42.44486,-71.027064,hotel,Town Line Inn,https://www.yelp.com/biz/town-line-inn-malden-2?adjust_creative=tzi52j1y9497qJtBsFV1mg&utm_campaign=yelp_api_v3&utm_medium=api_v3_business_search&utm_source=tzi52j1y9497qJtBsFV1mg,2.5,735 Broadway,Malden,MA,2148,(781) 324-7400,735 Broadway,11
42.34652,-71.07977,hotel,Sonesta International Hotels Corporation,https://www.yelp.com/biz/sonesta-international-hotels-corporation-boston?adjust_creative=tzi52j1y9497qJtBsFV1mg&utm_campaign=yelp_api_v3&utm_medium=api_v3_business_search&utm_source=tzi52j1y9497qJtBsFV1mg,1,116 Huntington Ave,Boston,MA,2116,(617) 421-5400,116 Huntington Ave,1
42.38942827,-71.26474785,hotel,Fairfield Inn & Suites Boston Waltham,https://www.yelp.com/biz/fairfield-inn-and-suites-boston-waltham-waltham-2?adjust_creative=tzi52j1y9497qJtBsFV1mg&utm_campaign=yelp_api_v3&utm_medium=api_v3_business_search&utm_source=tzi52j1y9497qJtBsFV1mg,2.5,250 Second Avenue,Waltham,MA,2145,(781) 202-5140,250 Second Avenue,9
42.37516,-71.11085,hotel,A Friendly Inn at Harvard Square,https://www.yelp.com/biz/a-friendly-inn-at-harvard-square-cambridge?adjust_creative=tzi52j1y9497qJtBsFV1mg&utm_campaign=yelp_api_v3&utm_medium=api_v3_business_search&utm_source=tzi52j1y9497qJtBsFV1mg,3,1673 Cambridge St,Cambridge,MA,2138,(617) 547-7851,1673 Cambridge St,15
42.454097,-71.022817,hotel,Chisholm's Motor Inn,https://www.yelp.com/biz/chisholms-motor-inn-saugus?adjust_creative=tzi52j1y9497qJtBsFV1mg&utm_campaign=yelp_api_v3&utm_medium=api_v3_business_search&utm_source=tzi52j1y9497qJtBsFV1mg,3.5,1314 Broadway,Saugus,MA,1906,(781) 233-5100,1314 Broadway,3
42.345909,-71.079918,hotel,Copley Garrison,https://www.yelp.com/biz/copley-garrison-boston?adjust_creative=tzi52j1y9497qJtBsFV1mg&utm_campaign=yelp_api_v3&utm_medium=api_v3_business_search&utm_source=tzi52j1y9497qJtBsFV1mg,2.5,17 Garrison St,Boston,MA,2116,(617) 236-2227,17 Garrison St,2
42.3709,-71.10103,hotel,Amory Guest House,https://www.yelp.com/biz/amory-guest-house-cambridge?adjust_creative=tzi52j1y9497qJtBsFV1mg&utm_campaign=yelp_api_v3&utm_medium=api_v3_business_search&utm_source=tzi52j1y9497qJtBsFV1mg,2.5,62 Amory St,Cambridge,MA,2139,(857) 247-0742,62 Amory St,3
42.3475113,-71.0813522,hotel,Suffolk Construction At the Mandarin Hotel,https://www.yelp.com/biz/suffolk-construction-at-the-mandarin-hotel-boston?adjust_creative=tzi52j1y9497qJtBsFV1mg&utm_campaign=yelp_api_v3&utm_medium=api_v3_business_search&utm_source=tzi52j1y9497qJtBsFV1mg,5,800 Boylston St,Boston,MA,2199,(617) 236-6417,800 Boylston St,1
42.37124,-70.99272,hotel,Chateau sur Mer,https://www.yelp.com/biz/chateau-sur-mer-winthrop-2?adjust_creative=tzi52j1y9497qJtBsFV1mg&utm_campaign=yelp_api_v3&utm_medium=api_v3_business_search&utm_source=tzi52j1y9497qJtBsFV1mg,4,100 Sargent St,Winthrop,MA,2152,(617) 539-0591,100 Sargent St,2
42.46365346,-71.02473043,hotel,Woodspring Suites Hotel,https://www.yelp.com/biz/woodspring-suites-hotel-saugus?adjust_creative=tzi52j1y9497qJtBsFV1mg&utm_campaign=yelp_api_v3&utm_medium=api_v3_business_search&utm_source=tzi52j1y9497qJtBsFV1mg,2,832 Broadway,Saugus,MA,1906,,832 Broadway,3
42.24626,-70.93598,hotel,Arbor Inn Motorlodge,https://www.yelp.com/biz/arbor-inn-motorlodge-north-weymouth?adjust_creative=tzi52j1y9497qJtBsFV1mg&utm_campaign=yelp_api_v3&utm_medium=api_v3_business_search&utm_source=tzi52j1y9497qJtBsFV1mg,2,750 Bridge St,North Weymouth,MA,2191,(781) 337-8070,750 Bridge St,2
42.31653,-71.10106,hotel,The Bed & Breakfast Agency of Boston,https://www.yelp.com/biz/the-bed-and-breakfast-agency-of-boston-boston?adjust_creative=tzi52j1y9497qJtBsFV1mg&utm_campaign=yelp_api_v3&utm_medium=api_v3_business_search&utm_source=tzi52j1y9497qJtBsFV1mg,2.5,Copley Sq,Boston,MA,2108,(617) 720-3540,Copley Sq,3
42.35777,-71.06044,hotel,Sports Club L A,https://www.yelp.com/biz/sports-club-l-a-boston?adjust_creative=tzi52j1y9497qJtBsFV1mg&utm_campaign=yelp_api_v3&utm_medium=api_v3_business_search&utm_source=tzi52j1y9497qJtBsFV1mg,2.5,72 Tremont St,Boston,MA,2108,(617) 375-8200,72 Tremont St,3
42.345032,-71.080845,hotel,Inn Boston Reservations,https://www.yelp.com/biz/inn-boston-reservations-boston?adjust_creative=tzi52j1y9497qJtBsFV1mg&utm_campaign=yelp_api_v3&utm_medium=api_v3_business_search&utm_source=tzi52j1y9497qJtBsFV1mg,3.5,99 St Botolph St,Boston,MA,2116,(617) 236-2227,99 St Botolph St,6
42.40541,-71.07455,hotel,Sodexho Marriott Services,https://www.yelp.com/biz/sodexho-marriott-services-medford?adjust_creative=tzi52j1y9497qJtBsFV1mg&utm_campaign=yelp_api_v3&utm_medium=api_v3_business_search&utm_source=tzi52j1y9497qJtBsFV1mg,3,1 Cabot Rd,Medford,MA,2155,(781) 396-5957,1 Cabot Rd,1
42.348522,-71.038719,hotel,Pelican Executive Suites,https://www.yelp.com/biz/pelican-executive-suites-boston-2?adjust_creative=tzi52j1y9497qJtBsFV1mg&utm_campaign=yelp_api_v3&utm_medium=api_v3_business_search&utm_source=tzi52j1y9497qJtBsFV1mg,2,1 Park Ln,Boston,MA,2210,(857) 770-2787,1 Park Ln,6
42.36688,-71.07482,hotel,Sonesta Hotel,https://www.yelp.com/biz/sonesta-hotel-cambridge-2?adjust_creative=tzi52j1y9497qJtBsFV1mg&utm_campaign=yelp_api_v3&utm_medium=api_v3_business_search&utm_source=tzi52j1y9497qJtBsFV1mg,1,5 Cambridge Pkwy,Cambridge,MA,2142,(617) 491-3600,5 Cambridge Pkwy,1
42.37281799,-71.12017059,hotel,American Express Travel,https://www.yelp.com/biz/american-express-travel-cambridge-2?adjust_creative=tzi52j1y9497qJtBsFV1mg&utm_campaign=yelp_api_v3&utm_medium=api_v3_business_search&utm_source=tzi52j1y9497qJtBsFV1mg,1,39 Jfk St,Cambridge,MA,2138,(617) 868-2600,39 Jfk St,1
42.39387,-71.25898,hotel,Extended Stay America - Boston,https://www.yelp.com/biz/extended-stay-america-boston-waltham?adjust_creative=tzi52j1y9497qJtBsFV1mg&utm_campaign=yelp_api_v3&utm_medium=api_v3_business_search&utm_source=tzi52j1y9497qJtBsFV1mg,2,32 4th Ave,Waltham,MA,2451,(800) 804-3724,32 4th Ave,32
42.217731,-70.966042,hotel,Weymouth Landing Cat Clinic & Hotel,https://www.yelp.com/biz/weymouth-landing-cat-clinic-and-hotel-weymouth?adjust_creative=tzi52j1y9497qJtBsFV1mg&utm_campaign=yelp_api_v3&utm_medium=api_v3_business_search&utm_source=tzi52j1y9497qJtBsFV1mg,5,127 Washington St,Weymouth,MA,2188,(781) 337-0400,127 Washington St,57
42.49649429,-70.88267517,hotel,Fox Pond Bed & Breakfast,https://www.yelp.com/biz/fox-pond-bed-and-breakfast-marblehead?adjust_creative=tzi52j1y9497qJtBsFV1mg&utm_campaign=yelp_api_v3&utm_medium=api_v3_business_search&utm_source=tzi52j1y9497qJtBsFV1mg,4.5,31 Arthur Ave,Marblehead,MA,1945,(781) 631-1630,31 Arthur Ave,3
42.34472,-71.11043,hotel,Beacon Inn,https://www.yelp.com/biz/beacon-inn-brookline?adjust_creative=tzi52j1y9497qJtBsFV1mg&utm_campaign=yelp_api_v3&utm_medium=api_v3_business_search&utm_source=tzi52j1y9497qJtBsFV1mg,2.5,1087 Beacon St,Brookline,MA,2446,(617) 566-0088,1087 Beacon St,22
42.4012041,-71.1362182,hotel,Hawthorn Suites,https://www.yelp.com/biz/hawthorn-suites-arlington?adjust_creative=tzi52j1y9497qJtBsFV1mg&utm_campaign=yelp_api_v3&utm_medium=api_v3_business_search&utm_source=tzi52j1y9497qJtBsFV1mg,1,1 Massachusetts Ave,Arlington,MA,2474,(781) 643-7258,1 Massachusetts Ave,1
42.44984,-71.026754,hotel,Colonial Traveler Inn,https://www.yelp.com/biz/colonial-traveler-inn-saugus?adjust_creative=tzi52j1y9497qJtBsFV1mg&utm_campaign=yelp_api_v3&utm_medium=api_v3_business_search&utm_source=tzi52j1y9497qJtBsFV1mg,3,1753 Broadway,Saugus,MA,1906,(781) 233-6700,1753 Broadway,2
42.3568939,-71.0698107,hotel,Beacon Hill Hotel & Bistro,https://www.yelp.com/biz/beacon-hill-hotel-and-bistro-boston-4?adjust_creative=tzi52j1y9497qJtBsFV1mg&utm_campaign=yelp_api_v3&utm_medium=api_v3_business_search&utm_source=tzi52j1y9497qJtBsFV1mg,3.5,25 Charles St,Boston,MA,2114,(617) 723-7575,25 Charles St,342
42.454857,-71.024535,hotel,Avalon Motel,https://www.yelp.com/biz/avalon-motel-saugus?adjust_creative=tzi52j1y9497qJtBsFV1mg&utm_campaign=yelp_api_v3&utm_medium=api_v3_business_search&utm_source=tzi52j1y9497qJtBsFV1mg,2.5,1529 Broadway,Saugus,MA,1906,(781) 233-4200,1529 Broadway,4
42.20362,-70.95056,hotel,Super 8 by Wyndham Weymouth/BostonArea,https://www.yelp.com/biz/super-8-by-wyndham-weymouth-bostonarea-weymouth?adjust_creative=tzi52j1y9497qJtBsFV1mg&utm_campaign=yelp_api_v3&utm_medium=api_v3_business_search&utm_source=tzi52j1y9497qJtBsFV1mg,1.5,655 Washington St,Weymouth,MA,2188,(800) 536-9326,655 Washington St,12
42.3442521,-71.0994885,hotel,Global Luxury Suites at Fenway,https://www.yelp.com/biz/global-luxury-suites-at-fenway-boston?adjust_creative=tzi52j1y9497qJtBsFV1mg&utm_campaign=yelp_api_v3&utm_medium=api_v3_business_search&utm_source=tzi52j1y9497qJtBsFV1mg,1,1335 Boylston St,Boston,MA,2215,(844) 893-3465,1335 Boylston St,4
42.37516022,-71.11038208,hotel,A Bed and Breakfast in Cambridge,https://www.yelp.com/biz/a-bed-and-breakfast-in-cambridge-cambridge?adjust_creative=tzi52j1y9497qJtBsFV1mg&utm_campaign=yelp_api_v3&utm_medium=api_v3_business_search&utm_source=tzi52j1y9497qJtBsFV1mg,1,1657 Cambridge St,Cambridge,MA,2138,(617) 868-7082,1657 Cambridge St,2
42.37124007,-70.99271994,hotel,castle by the sea,https://www.yelp.com/biz/castle-by-the-sea-winthrop?adjust_creative=tzi52j1y9497qJtBsFV1mg&utm_campaign=yelp_api_v3&utm_medium=api_v3_business_search&utm_source=tzi52j1y9497qJtBsFV1mg,2,100 Sargent St,Winthrop,MA,2152,(617) 539-0591,100 Sargent St,1
42.3977,-71.2567,hotel,Home Suites Inn Waltham,https://www.yelp.com/biz/home-suites-inn-waltham-waltham?adjust_creative=tzi52j1y9497qJtBsFV1mg&utm_campaign=yelp_api_v3&utm_medium=api_v3_business_search&utm_source=tzi52j1y9497qJtBsFV1mg,1,455 Totten Pond Rd,Waltham,MA,2451,(866) 335-6175,455 Totten Pond Rd,1
42.4150297,-71.2345197,hotel,Oakwood Apartment @ Avalon,https://www.yelp.com/biz/oakwood-apartment-avalon-lexington?adjust_creative=tzi52j1y9497qJtBsFV1mg&utm_campaign=yelp_api_v3&utm_medium=api_v3_business_search&utm_source=tzi52j1y9497qJtBsFV1mg,1,100 Lexington Ridge E,Lexington,MA,2421,,100 Lexington Ridge E,1
42.3526013,-71.1987028,hotel,Pooch Hotel,https://www.yelp.com/biz/pooch-hotel-newton?adjust_creative=tzi52j1y9497qJtBsFV1mg&utm_campaign=yelp_api_v3&utm_medium=api_v3_business_search&utm_source=tzi52j1y9497qJtBsFV1mg,3.5,285 Newtonville Ave,Newton,MA,2460,(617) 332-3503,285 Newtonville Ave,79
42.431358,-71.25922,hotel,Red Roof Inns,https://www.yelp.com/biz/red-roof-inns-elkridge-2?adjust_creative=tzi52j1y9497qJtBsFV1mg&utm_campaign=yelp_api_v3&utm_medium=api_v3_business_search&utm_source=tzi52j1y9497qJtBsFV1mg,1,I-95 Sr 175 At US 1,Elkridge,MD,21075,(410) 796-0380,I-95 Sr 175 At US 1,2
42.34154844,-71.25078628,hotel,Walker Center,https://www.yelp.com/biz/walker-center-auburndale?adjust_creative=tzi52j1y9497qJtBsFV1mg&utm_campaign=yelp_api_v3&utm_medium=api_v3_business_search&utm_source=tzi52j1y9497qJtBsFV1mg,4,144 Hancock St,Auburndale,MA,2466,(617) 969-3919,144 Hancock St,6
