41.8184486,-71.4249733,automotive,Ralph & Sons,https://www.yelp.com/biz/ralph-and-sons-providence?adjust_creative=tzi52j1y9497qJtBsFV1mg&utm_campaign=yelp_api_v3&utm_medium=api_v3_business_search&utm_source=tzi52j1y9497qJtBsFV1mg,5,456 W Fountain St,Providence,RI,2903,(401) 831-5599,456 W Fountain St,4
41.8363762,-71.4183655,automotive,Rego's Auto Body,https://www.yelp.com/biz/regos-auto-body-providence-3?adjust_creative=tzi52j1y9497qJtBsFV1mg&utm_campaign=yelp_api_v3&utm_medium=api_v3_business_search&utm_source=tzi52j1y9497qJtBsFV1mg,4.5,300 Chalkstone Ave,Providence,RI,2908,(401) 274-5199,300 Chalkstone Ave,23
41.82649244,-71.47288665,automotive,Mr Wrap,https://www.yelp.com/biz/mr-wrap-johnston?adjust_creative=tzi52j1y9497qJtBsFV1mg&utm_campaign=yelp_api_v3&utm_medium=api_v3_business_search&utm_source=tzi52j1y9497qJtBsFV1mg,5,16 Alcazar Ave,Johnston,RI,2919,(401) 226-3737,16 Alcazar Ave,4
41.77942,-71.43758,automotive,Park Ave Auto Service,https://www.yelp.com/biz/park-ave-auto-service-cranston?adjust_creative=tzi52j1y9497qJtBsFV1mg&utm_campaign=yelp_api_v3&utm_medium=api_v3_business_search&utm_source=tzi52j1y9497qJtBsFV1mg,4.5,880 Park Ave,Cranston,RI,2910,(401) 941-6222,880 Park Ave,32
41.843484,-71.446752,automotive,MW Auto Service,https://www.yelp.com/biz/mw-auto-service-providence?adjust_creative=tzi52j1y9497qJtBsFV1mg&utm_campaign=yelp_api_v3&utm_medium=api_v3_business_search&utm_source=tzi52j1y9497qJtBsFV1mg,5,1055 Smith St,Providence,RI,2908,(401) 603-1086,1055 Smith St,1
41.8396122,-71.4092807,automotive,Dean Auto and Collision Center,https://www.yelp.com/biz/dean-auto-and-collision-center-providence?adjust_creative=tzi52j1y9497qJtBsFV1mg&utm_campaign=yelp_api_v3&utm_medium=api_v3_business_search&utm_source=tzi52j1y9497qJtBsFV1mg,4.5,700 N Main St,Providence,RI,2904,(401) 421-4700,700 N Main St,57
41.80971527,-71.42376709,automotive,Diego Auto Repair,https://www.yelp.com/biz/diego-auto-repair-providence-2?adjust_creative=tzi52j1y9497qJtBsFV1mg&utm_campaign=yelp_api_v3&utm_medium=api_v3_business_search&utm_source=tzi52j1y9497qJtBsFV1mg,5,110 Elmwood Ave,Providence,RI,2907,(401) 349-7414,110 Elmwood Ave,2
41.795818,-71.438224,automotive,Coletta's Garage,https://www.yelp.com/biz/colettas-garage-providence-2?adjust_creative=tzi52j1y9497qJtBsFV1mg&utm_campaign=yelp_api_v3&utm_medium=api_v3_business_search&utm_source=tzi52j1y9497qJtBsFV1mg,2.5,250 Niantic Ave,Providence,RI,2907,(401) 421-3232,250 Niantic Ave,10
41.82074094,-71.42086923,automotive,Monro Auto Service And Tire Centers,https://www.yelp.com/biz/monro-auto-service-and-tire-centers-providence?adjust_creative=tzi52j1y9497qJtBsFV1mg&utm_campaign=yelp_api_v3&utm_medium=api_v3_business_search&utm_source=tzi52j1y9497qJtBsFV1mg,4,62 Carpenter St,Providence,RI,2903,(401) 751-6612,62 Carpenter St,42
41.85796625,-71.42144735,automotive,Jimmy's Charles Street Auto,https://www.yelp.com/biz/jimmys-charles-street-auto-providence?adjust_creative=tzi52j1y9497qJtBsFV1mg&utm_campaign=yelp_api_v3&utm_medium=api_v3_business_search&utm_source=tzi52j1y9497qJtBsFV1mg,5,800 Charles St,Providence,RI,2904,(401) 331-6676,800 Charles St,12
41.81938,-71.42174,automotive,Banchwerks,https://www.yelp.com/biz/banchwerks-providence?adjust_creative=tzi52j1y9497qJtBsFV1mg&utm_campaign=yelp_api_v3&utm_medium=api_v3_business_search&utm_source=tzi52j1y9497qJtBsFV1mg,4.5,357 W Fountain St,Providence,RI,2903,(401) 335-3336,357 W Fountain St,9
41.819691,-71.439241,automotive,PD Autobody,https://www.yelp.com/biz/pd-autobody-providence?adjust_creative=tzi52j1y9497qJtBsFV1mg&utm_campaign=yelp_api_v3&utm_medium=api_v3_business_search&utm_source=tzi52j1y9497qJtBsFV1mg,5,13 Delaine St,Providence,RI,2909,(401) 685-3155,13 Delaine St,2
41.78952026,-71.43006897,automotive,Reservoir Avenue Auto Services,https://www.yelp.com/biz/reservoir-avenue-auto-services-providence?adjust_creative=tzi52j1y9497qJtBsFV1mg&utm_campaign=yelp_api_v3&utm_medium=api_v3_business_search&utm_source=tzi52j1y9497qJtBsFV1mg,5,271 Reservoir Ave,Providence,RI,2907,(401) 941-6560,271 Reservoir Ave,3
41.78937531,-71.4197464,automotive,D & F Motor Sport Service & Repair,https://www.yelp.com/biz/d-and-f-motor-sport-service-and-repair-providence?adjust_creative=tzi52j1y9497qJtBsFV1mg&utm_campaign=yelp_api_v3&utm_medium=api_v3_business_search&utm_source=tzi52j1y9497qJtBsFV1mg,5,60 Cadillac Dr,Providence,RI,2907,(401) 781-0720,60 Cadillac Dr,5
41.8040311,-71.4392424,automotive,A & M International Auto Salvage,https://www.yelp.com/biz/a-and-m-international-auto-salvage-providence?adjust_creative=tzi52j1y9497qJtBsFV1mg&utm_campaign=yelp_api_v3&utm_medium=api_v3_business_search&utm_source=tzi52j1y9497qJtBsFV1mg,5,385 Huntington Ave,Providence,RI,2909,(401) 942-1165,385 Huntington Ave,1
41.8415701,-71.4078292,automotive,Action Auto Parts,https://www.yelp.com/biz/action-reverse-auto-parts-providence?adjust_creative=tzi52j1y9497qJtBsFV1mg&utm_campaign=yelp_api_v3&utm_medium=api_v3_business_search&utm_source=tzi52j1y9497qJtBsFV1mg,5,795 N Main St,Providence,RI,2904,(401) 273-0330,795 N Main St,3
41.82146,-71.39827,automotive,Legend Bicycle,https://www.yelp.com/biz/legend-bicycle-providence?adjust_creative=tzi52j1y9497qJtBsFV1mg&utm_campaign=yelp_api_v3&utm_medium=api_v3_business_search&utm_source=tzi52j1y9497qJtBsFV1mg,4.5,181 Brook St,Providence,RI,2906,(401) 383-3070,181 Brook St,42
41.80241013,-71.43338013,automotive,Dominican Muffler,https://www.yelp.com/biz/dominican-muffler-providence-4?adjust_creative=tzi52j1y9497qJtBsFV1mg&utm_campaign=yelp_api_v3&utm_medium=api_v3_business_search&utm_source=tzi52j1y9497qJtBsFV1mg,3.5,33 Seabury St,Providence,RI,2907,(401) 467-1991,33 Seabury St,7
41.823406,-71.378944,automotive,Barbosa & Son Auto Repair,https://www.yelp.com/biz/barbosa-and-son-auto-repair-east-providence?adjust_creative=tzi52j1y9497qJtBsFV1mg&utm_campaign=yelp_api_v3&utm_medium=api_v3_business_search&utm_source=tzi52j1y9497qJtBsFV1mg,4.5,205 N Brow St,East Providence,RI,2914,(401) 431-0366,205 N Brow St,38
41.8164444,-71.431488,automotive,We Gas,https://www.yelp.com/biz/we-gas-providence?adjust_creative=tzi52j1y9497qJtBsFV1mg&utm_campaign=yelp_api_v3&utm_medium=api_v3_business_search&utm_source=tzi52j1y9497qJtBsFV1mg,5,1344 Westminster St,Providence,RI,2909,(401) 270-8890,1344 Westminster St,2
41.85689,-71.39148,automotive,East Side Service Center,https://www.yelp.com/biz/east-side-service-center-providence?adjust_creative=tzi52j1y9497qJtBsFV1mg&utm_campaign=yelp_api_v3&utm_medium=api_v3_business_search&utm_source=tzi52j1y9497qJtBsFV1mg,4,1100 Hope St,Providence,RI,2906,(401) 421-9100,1100 Hope St,30
41.81929779,-71.42428589,automotive,Action Auto Parts,https://www.yelp.com/biz/action-auto-parts-providence?adjust_creative=tzi52j1y9497qJtBsFV1mg&utm_campaign=yelp_api_v3&utm_medium=api_v3_business_search&utm_source=tzi52j1y9497qJtBsFV1mg,4.5,168 Carpenter St,Providence,RI,2903,(401) 621-7777,168 Carpenter St,3
41.81785271,-71.44491502,automotive,O'Reilly Auto Parts,https://www.yelp.com/biz/o-reilly-auto-parts-providence-2?adjust_creative=tzi52j1y9497qJtBsFV1mg&utm_campaign=yelp_api_v3&utm_medium=api_v3_business_search&utm_source=tzi52j1y9497qJtBsFV1mg,5,80 Manton Ave,Providence,RI,2909,(401) 626-4867,80 Manton Ave,1
41.80354798,-71.43543296,automotive,Howdy's Auto,https://www.yelp.com/biz/howdys-auto-providence-3?adjust_creative=tzi52j1y9497qJtBsFV1mg&utm_campaign=yelp_api_v3&utm_medium=api_v3_business_search&utm_source=tzi52j1y9497qJtBsFV1mg,5,20 Homestead Ave,Providence,RI,2907,(401) 862-7352,20 Homestead Ave,16
41.82510757,-71.47057343,automotive,Aci Customs,https://www.yelp.com/biz/aci-customs-johnston?adjust_creative=tzi52j1y9497qJtBsFV1mg&utm_campaign=yelp_api_v3&utm_medium=api_v3_business_search&utm_source=tzi52j1y9497qJtBsFV1mg,5,21 Oakdale Ave,Johnston,RI,2919,(401) 273-7378,21 Oakdale Ave,1
41.7826,-71.44718,automotive,Blanch Auto Repair,https://www.yelp.com/biz/blanch-auto-repair-cranston?adjust_creative=tzi52j1y9497qJtBsFV1mg&utm_campaign=yelp_api_v3&utm_medium=api_v3_business_search&utm_source=tzi52j1y9497qJtBsFV1mg,5,1108 Park Ave,Cranston,RI,2910,(401) 365-3346,1108 Park Ave,3
41.856996,-71.390759,automotive,Jerry's Service Station,https://www.yelp.com/biz/jerrys-service-station-providence?adjust_creative=tzi52j1y9497qJtBsFV1mg&utm_campaign=yelp_api_v3&utm_medium=api_v3_business_search&utm_source=tzi52j1y9497qJtBsFV1mg,4.5,1101 Hope St,Providence,RI,2906,(401) 831-9268,1101 Hope St,7
41.85549927,-71.40013885,automotive,Reliable Automotive Service Center,https://www.yelp.com/biz/reliable-automotive-service-center-providence?adjust_creative=tzi52j1y9497qJtBsFV1mg&utm_campaign=yelp_api_v3&utm_medium=api_v3_business_search&utm_source=tzi52j1y9497qJtBsFV1mg,4,1290 N Main St,Providence,RI,2904,(401) 272-0301,1290 N Main St,4
41.901676,-71.391766,automotive,Galinda's Automotive Service,https://www.yelp.com/biz/galindas-automotive-service-cumberland-2?adjust_creative=tzi52j1y9497qJtBsFV1mg&utm_campaign=yelp_api_v3&utm_medium=api_v3_business_search&utm_source=tzi52j1y9497qJtBsFV1mg,5,94 Broad St,Cumberland,RI,2864,(401) 726-1080,94 Broad St,3
41.79508972,-71.42601776,automotive,Jireh Auto Repair,https://www.yelp.com/biz/jireh-auto-repair-providence?adjust_creative=tzi52j1y9497qJtBsFV1mg&utm_campaign=yelp_api_v3&utm_medium=api_v3_business_search&utm_source=tzi52j1y9497qJtBsFV1mg,5,66 Reservoir Ave,Providence,RI,2907,(401) 490-0372,66 Reservoir Ave,1
41.832244,-71.3678709,automotive,KD Designs,https://www.yelp.com/biz/kd-designs-east-providence?adjust_creative=tzi52j1y9497qJtBsFV1mg&utm_campaign=yelp_api_v3&utm_medium=api_v3_business_search&utm_source=tzi52j1y9497qJtBsFV1mg,5,101 Dexter Rd,East providence ,RI,2914,(508) 233-8182,101 Dexter Rd,7
41.8126,-71.3639,automotive,Joe's Automotive Services,https://www.yelp.com/biz/joes-automotive-services-east-providence?adjust_creative=tzi52j1y9497qJtBsFV1mg&utm_campaign=yelp_api_v3&utm_medium=api_v3_business_search&utm_source=tzi52j1y9497qJtBsFV1mg,5,508 Warren Ave,East Providence,RI,2914,(401) 434-4596,508 Warren Ave,4
41.8060623,-71.4611547,automotive,U Save Auto Glass,https://www.yelp.com/biz/u-save-auto-glass-providence?adjust_creative=tzi52j1y9497qJtBsFV1mg&utm_campaign=yelp_api_v3&utm_medium=api_v3_business_search&utm_source=tzi52j1y9497qJtBsFV1mg,4.5,90 Farmington Ave,Providence,RI,2909,(401) 588-9885,90 Farmington Ave,10
41.81082,-71.4244499,automotive,Solution Auto Body,https://www.yelp.com/biz/solution-auto-body-providence?adjust_creative=tzi52j1y9497qJtBsFV1mg&utm_campaign=yelp_api_v3&utm_medium=api_v3_business_search&utm_source=tzi52j1y9497qJtBsFV1mg,4,17 Warren St,Providence,RI,2907,(401) 490-4866,17 Warren St,1
41.86924,-71.49202991,automotive,R and M Auto Care,https://www.yelp.com/biz/r-and-m-auto-care-north-providence?adjust_creative=tzi52j1y9497qJtBsFV1mg&utm_campaign=yelp_api_v3&utm_medium=api_v3_business_search&utm_source=tzi52j1y9497qJtBsFV1mg,5,245 Waterman Ave,North Providence,RI,2911,(401) 231-2070,245 Waterman Ave,4
41.789502,-71.420984,automotive,Tire Warehouse,https://www.yelp.com/biz/tire-warehouse-providence?adjust_creative=tzi52j1y9497qJtBsFV1mg&utm_campaign=yelp_api_v3&utm_medium=api_v3_business_search&utm_source=tzi52j1y9497qJtBsFV1mg,4,852 Elmwood Ave,Providence,RI,2907,(401) 941-5858,852 Elmwood Ave,19
41.8189539,-71.4969088,automotive,The Enthusiast,https://www.yelp.com/biz/the-enthusiast-johnston?adjust_creative=tzi52j1y9497qJtBsFV1mg&utm_campaign=yelp_api_v3&utm_medium=api_v3_business_search&utm_source=tzi52j1y9497qJtBsFV1mg,5,1417 Atwood Ave,Johnston,RI,2919,(401) 943-1050,1417 Atwood Ave,3
41.85113132,-71.41305688,automotive,Wayne's Service Plus,https://www.yelp.com/biz/waynes-service-plus-providence?adjust_creative=tzi52j1y9497qJtBsFV1mg&utm_campaign=yelp_api_v3&utm_medium=api_v3_business_search&utm_source=tzi52j1y9497qJtBsFV1mg,3.5,269 Silver Spring St,Providence,RI,2904,(401) 455-0282,269 Silver Spring St,46
41.82818222,-71.47829437,automotive,Affordable Glass RI,https://www.yelp.com/biz/affordable-glass-ri-johnston-2?adjust_creative=tzi52j1y9497qJtBsFV1mg&utm_campaign=yelp_api_v3&utm_medium=api_v3_business_search&utm_source=tzi52j1y9497qJtBsFV1mg,5,None,Johnston,RI,2919,(401) 232-3838,None,10
41.79941,-71.44703,automotive,American Auto Body & Collision,https://www.yelp.com/biz/american-auto-body-and-collision-cranston?adjust_creative=tzi52j1y9497qJtBsFV1mg&utm_campaign=yelp_api_v3&utm_medium=api_v3_business_search&utm_source=tzi52j1y9497qJtBsFV1mg,3.5,1006 Cranston St,Cranston,RI,2920,(401) 228-7300,1006 Cranston St,3
41.8519373,-71.4131497,automotive,Intensive Care Auto Repair Enterprises,https://www.yelp.com/biz/intensive-care-auto-repair-enterprises-providence?adjust_creative=tzi52j1y9497qJtBsFV1mg&utm_campaign=yelp_api_v3&utm_medium=api_v3_business_search&utm_source=tzi52j1y9497qJtBsFV1mg,5,304 Silver Spring St,Providence,RI,2904,(401) 274-6320,304 Silver Spring St,4
41.8186,-71.42298,automotive,West Fountain Auto Body/Providence Self Storage,https://www.yelp.com/biz/west-fountain-auto-body-providence-self-storage-providence?adjust_creative=tzi52j1y9497qJtBsFV1mg&utm_campaign=yelp_api_v3&utm_medium=api_v3_business_search&utm_source=tzi52j1y9497qJtBsFV1mg,4.5,400 W Fountain St,Providence,RI,2903,(401) 272-3340,400 W Fountain St,3
41.781463,-71.401252,automotive,Edgewood Service,https://www.yelp.com/biz/edgewood-service-cranston?adjust_creative=tzi52j1y9497qJtBsFV1mg&utm_campaign=yelp_api_v3&utm_medium=api_v3_business_search&utm_source=tzi52j1y9497qJtBsFV1mg,5,1647 Broad St,Cranston,RI,2905,(401) 941-0780,1647 Broad St,1
41.825249,-71.448767,automotive,Sam's Community Service Station,https://www.yelp.com/biz/sams-community-service-station-providence?adjust_creative=tzi52j1y9497qJtBsFV1mg&utm_campaign=yelp_api_v3&utm_medium=api_v3_business_search&utm_source=tzi52j1y9497qJtBsFV1mg,5,2 Mount Pleasant Ave,Providence,RI,2908,(401) 831-9278,2 Mount Pleasant Ave,3
41.78227,-71.45767,automotive,Passport Auto Body,https://www.yelp.com/biz/passport-auto-body-cranston?adjust_creative=tzi52j1y9497qJtBsFV1mg&utm_campaign=yelp_api_v3&utm_medium=api_v3_business_search&utm_source=tzi52j1y9497qJtBsFV1mg,5,55 Budlong Rd,Cranston,RI,2920,(401) 942-2400,55 Budlong Rd,6
41.823848,-71.421765,automotive,Nick's Auto Body & Radiator Works,https://www.yelp.com/biz/nicks-auto-body-and-radiator-works-providence?adjust_creative=tzi52j1y9497qJtBsFV1mg&utm_campaign=yelp_api_v3&utm_medium=api_v3_business_search&utm_source=tzi52j1y9497qJtBsFV1mg,3.5,44 Bradford St,Providence,RI,2903,(401) 421-0993,44 Bradford St,20
41.8564606,-71.481842,automotive,L'Europa Auto Repair,https://www.yelp.com/biz/l-europa-auto-repair-north-providence?adjust_creative=tzi52j1y9497qJtBsFV1mg&utm_campaign=yelp_api_v3&utm_medium=api_v3_business_search&utm_source=tzi52j1y9497qJtBsFV1mg,5,1954 Smith St,North Providence,RI,2911,(401) 353-1750,1954 Smith St,45
41.82978976,-71.4272085,automotive,Finest Auto Repair,https://www.yelp.com/biz/finest-auto-repair-providence?adjust_creative=tzi52j1y9497qJtBsFV1mg&utm_campaign=yelp_api_v3&utm_medium=api_v3_business_search&utm_source=tzi52j1y9497qJtBsFV1mg,5,38 Pleasant Valley Pkwy,Providence,RI,2908,(401) 331-0101,38 Pleasant Valley Pkwy,1
41.8231008,-71.3728851,automotive,Laires & Son Auto Sales,https://www.yelp.com/biz/laires-and-son-auto-sales-east-providence?adjust_creative=tzi52j1y9497qJtBsFV1mg&utm_campaign=yelp_api_v3&utm_medium=api_v3_business_search&utm_source=tzi52j1y9497qJtBsFV1mg,3.5,158 Waterman Ave,East Providence,RI,2914,(401) 434-0570,158 Waterman Ave,6
41.80766678,-71.44319153,automotive,Union Avenue Shell,https://www.yelp.com/biz/union-avenue-shell-providence?adjust_creative=tzi52j1y9497qJtBsFV1mg&utm_campaign=yelp_api_v3&utm_medium=api_v3_business_search&utm_source=tzi52j1y9497qJtBsFV1mg,4.5,200 Union Ave,Providence,RI,2909,(401) 943-8133,200 Union Ave,2
41.82230377,-71.44116974,automotive,Lemus Auto Sales & Service,https://www.yelp.com/biz/lemus-auto-sales-and-service-providence?adjust_creative=tzi52j1y9497qJtBsFV1mg&utm_campaign=yelp_api_v3&utm_medium=api_v3_business_search&utm_source=tzi52j1y9497qJtBsFV1mg,2.5,190 Valley St,Providence,RI,2909,(401) 331-3136,190 Valley St,3
41.8323593,-71.417984,automotive,Geko,https://www.yelp.com/biz/geko-providence?adjust_creative=tzi52j1y9497qJtBsFV1mg&utm_campaign=yelp_api_v3&utm_medium=api_v3_business_search&utm_source=tzi52j1y9497qJtBsFV1mg,4.5,199-209 Smith St,Providence,RI,2908,(401) 272-0966,199-209 Smith St,3
41.8368371,-71.4781247,automotive,Xtreme Auto Body,https://www.yelp.com/biz/xtreme-auto-body-johnston-2?adjust_creative=tzi52j1y9497qJtBsFV1mg&utm_campaign=yelp_api_v3&utm_medium=api_v3_business_search&utm_source=tzi52j1y9497qJtBsFV1mg,3,15 Bucklin St,Johnston,RI,2919,(401) 830-5760,15 Bucklin St,1
41.829783,-71.473288,automotive,Ocean State Auto Repair,https://www.yelp.com/biz/ocean-state-auto-repair-johnston?adjust_creative=tzi52j1y9497qJtBsFV1mg&utm_campaign=yelp_api_v3&utm_medium=api_v3_business_search&utm_source=tzi52j1y9497qJtBsFV1mg,4.5,644 Killingly St,Johnston,RI,2919,(401) 831-5577,644 Killingly St,12
41.78928757,-71.42027283,automotive,Superior Auto Body,https://www.yelp.com/biz/superior-auto-body-providence?adjust_creative=tzi52j1y9497qJtBsFV1mg&utm_campaign=yelp_api_v3&utm_medium=api_v3_business_search&utm_source=tzi52j1y9497qJtBsFV1mg,3.5,50 Cadillac Dr,Providence,RI,2907,(401) 941-7690,50 Cadillac Dr,3
41.81404495,-71.44994354,automotive,Vasquez Electro Auto and Towing,https://www.yelp.com/biz/vasquez-electro-auto-and-towing-providence?adjust_creative=tzi52j1y9497qJtBsFV1mg&utm_campaign=yelp_api_v3&utm_medium=api_v3_business_search&utm_source=tzi52j1y9497qJtBsFV1mg,2.5,6 Heath St,Providence,RI,2909,(401) 419-8339,6 Heath St,3
41.79694,-71.44916,automotive,Gershkoff Auto Body,https://www.yelp.com/biz/gershkoff-auto-body-cranston?adjust_creative=tzi52j1y9497qJtBsFV1mg&utm_campaign=yelp_api_v3&utm_medium=api_v3_business_search&utm_source=tzi52j1y9497qJtBsFV1mg,5,1085 Cranston St,Cranston,RI,2920,(401) 942-9700,1085 Cranston St,4
41.79249573,-71.42551422,automotive,Walsh's Auto Body & Sales,https://www.yelp.com/biz/walshs-auto-body-and-sales-providence?adjust_creative=tzi52j1y9497qJtBsFV1mg&utm_campaign=yelp_api_v3&utm_medium=api_v3_business_search&utm_source=tzi52j1y9497qJtBsFV1mg,5,60 Narragansett Ave,Providence,RI,2907,(401) 785-3560,60 Narragansett Ave,1
41.81241608,-71.44997406,automotive,Matarese's Auto Repair,https://www.yelp.com/biz/matareses-auto-repair-providence?adjust_creative=tzi52j1y9497qJtBsFV1mg&utm_campaign=yelp_api_v3&utm_medium=api_v3_business_search&utm_source=tzi52j1y9497qJtBsFV1mg,5,140 Webster Ave,Providence,RI,2909,,140 Webster Ave,1
41.7883017,-71.4211765,automotive,Franks's Auto Top & Upholstery,https://www.yelp.com/biz/franks-auto-top-and-upholstery-providence-2?adjust_creative=tzi52j1y9497qJtBsFV1mg&utm_campaign=yelp_api_v3&utm_medium=api_v3_business_search&utm_source=tzi52j1y9497qJtBsFV1mg,4,883 Elmwood Ave,Providence,RI,2907,(401) 781-6396,883 Elmwood Ave,9
41.783561,-71.458984,automotive,American Muffler and Brake,https://www.yelp.com/biz/american-muffler-and-brake-cranston?adjust_creative=tzi52j1y9497qJtBsFV1mg&utm_campaign=yelp_api_v3&utm_medium=api_v3_business_search&utm_source=tzi52j1y9497qJtBsFV1mg,5,1380 Park Ave,Cranston,RI,2920,(401) 944-3390,1380 Park Ave,13
41.80622101,-71.46089172,automotive,Genesis Auto Repair And Tires,https://www.yelp.com/biz/genesis-auto-repair-and-tires-providence-5?adjust_creative=tzi52j1y9497qJtBsFV1mg&utm_campaign=yelp_api_v3&utm_medium=api_v3_business_search&utm_source=tzi52j1y9497qJtBsFV1mg,5,78 Farmington Ave,Providence,RI,2909,(401) 457-8720,78 Farmington Ave,3
41.89424896,-71.37104797,automotive,Benefit Auto Service,https://www.yelp.com/biz/benefit-auto-service-pawtucket?adjust_creative=tzi52j1y9497qJtBsFV1mg&utm_campaign=yelp_api_v3&utm_medium=api_v3_business_search&utm_source=tzi52j1y9497qJtBsFV1mg,5,795 Broadway,Pawtucket,RI,2861,(401) 722-6287,795 Broadway,7
41.804056,-71.435002,automotive,Ken Rocha Collision,https://www.yelp.com/biz/ken-rocha-collision-providence?adjust_creative=tzi52j1y9497qJtBsFV1mg&utm_campaign=yelp_api_v3&utm_medium=api_v3_business_search&utm_source=tzi52j1y9497qJtBsFV1mg,4.5,555 Cranston St,Providence,RI,2907,(401) 467-4800,555 Cranston St,9
41.87696075,-71.40646362,automotive,Fairlawn Auto Tech,https://www.yelp.com/biz/fairlawn-auto-tech-pawtucket?adjust_creative=tzi52j1y9497qJtBsFV1mg&utm_campaign=yelp_api_v3&utm_medium=api_v3_business_search&utm_source=tzi52j1y9497qJtBsFV1mg,5,526 Weeden St,Pawtucket,RI,2860,(401) 722-5110,526 Weeden St,5
41.86413193,-71.37220001,automotive,Honest MechaniX,https://www.yelp.com/biz/honest-mechanix-pawtucket-3?adjust_creative=tzi52j1y9497qJtBsFV1mg&utm_campaign=yelp_api_v3&utm_medium=api_v3_business_search&utm_source=tzi52j1y9497qJtBsFV1mg,5,441 Prospect St,Pawtucket,RI,2860,(401) 617-1704,441 Prospect St,4
41.8216926,-71.3989943,automotive,East Providence Auto Service Center,https://www.yelp.com/biz/east-providence-auto-service-center-east-providence?adjust_creative=tzi52j1y9497qJtBsFV1mg&utm_campaign=yelp_api_v3&utm_medium=api_v3_business_search&utm_source=tzi52j1y9497qJtBsFV1mg,4.5,47 John St,East Providence,RI,2914,(401) 228-6690,47 John St,3
41.80562,-71.46496,automotive,Performance Paint and Body,https://www.yelp.com/biz/performance-paint-and-body-johnston-2?adjust_creative=tzi52j1y9497qJtBsFV1mg&utm_campaign=yelp_api_v3&utm_medium=api_v3_business_search&utm_source=tzi52j1y9497qJtBsFV1mg,5,920 Plainfield St,Johnston,RI,2919,(401) 383-0312,920 Plainfield St,1
41.824455,-71.375163,automotive,Wally & Sons Auto Shop,https://www.yelp.com/biz/wally-and-sons-auto-shop-east-providence?adjust_creative=tzi52j1y9497qJtBsFV1mg&utm_campaign=yelp_api_v3&utm_medium=api_v3_business_search&utm_source=tzi52j1y9497qJtBsFV1mg,5,100 Waterman Ave,East Providence,RI,2914,(401) 429-2166,100 Waterman Ave,3
41.84692764,-71.43023682,automotive,Douglas Tire Shop,https://www.yelp.com/biz/douglas-tire-shop-providence?adjust_creative=tzi52j1y9497qJtBsFV1mg&utm_campaign=yelp_api_v3&utm_medium=api_v3_business_search&utm_source=tzi52j1y9497qJtBsFV1mg,4.5,616 Douglas Ave,Providence,RI,2908,(401) 270-0205,616 Douglas Ave,3
41.85922,-71.44727,automotive,Townline Service and Towing,https://www.yelp.com/biz/town-line-towing-and-recovery-north-providence-2?adjust_creative=tzi52j1y9497qJtBsFV1mg&utm_campaign=yelp_api_v3&utm_medium=api_v3_business_search&utm_source=tzi52j1y9497qJtBsFV1mg,3,1232 Douglas Ave,North Providence,RI,2904,(401) 353-6610,1232 Douglas Ave,2
41.8582511,-71.44524,automotive,Detroit Collision Center,https://www.yelp.com/biz/detroit-collision-center-n-providence?adjust_creative=tzi52j1y9497qJtBsFV1mg&utm_campaign=yelp_api_v3&utm_medium=api_v3_business_search&utm_source=tzi52j1y9497qJtBsFV1mg,4.5,1189 Douglas Ave,N Providence,RI,2904,(401) 353-9500,1189 Douglas Ave,13
41.8165512,-71.3796768,automotive,JC Auto Repair,https://www.yelp.com/biz/jc-auto-repair-east-providence?adjust_creative=tzi52j1y9497qJtBsFV1mg&utm_campaign=yelp_api_v3&utm_medium=api_v3_business_search&utm_source=tzi52j1y9497qJtBsFV1mg,5,111 Warren Ave,East Providence,RI,2914,(401) 435-8979,111 Warren Ave,4
41.857597,-71.421594,automotive,Prior Service,https://www.yelp.com/biz/prior-service-providence?adjust_creative=tzi52j1y9497qJtBsFV1mg&utm_campaign=yelp_api_v3&utm_medium=api_v3_business_search&utm_source=tzi52j1y9497qJtBsFV1mg,5,778 Charles St,Providence,RI,2904,(401) 831-9128,778 Charles St,4
41.8244339,-71.3752021,automotive,Check In Auto Repair and Body,https://www.yelp.com/biz/check-in-auto-repair-and-body-east-providence-5?adjust_creative=tzi52j1y9497qJtBsFV1mg&utm_campaign=yelp_api_v3&utm_medium=api_v3_business_search&utm_source=tzi52j1y9497qJtBsFV1mg,4.5,100 Waterman Ave,East Providence,RI,2914,(401) 415-8647,100 Waterman Ave,2
41.9043294,-71.3662321,automotive,D & G Auto Service,https://www.yelp.com/biz/d-and-g-auto-service-attleboro?adjust_creative=tzi52j1y9497qJtBsFV1mg&utm_campaign=yelp_api_v3&utm_medium=api_v3_business_search&utm_source=tzi52j1y9497qJtBsFV1mg,5,839 Washington St,Attleboro,MA,2703,(508) 399-7500,839 Washington St,1
41.8275,-71.43731,automotive,State Auto Body,https://www.yelp.com/biz/state-auto-body-providence?adjust_creative=tzi52j1y9497qJtBsFV1mg&utm_campaign=yelp_api_v3&utm_medium=api_v3_business_search&utm_source=tzi52j1y9497qJtBsFV1mg,4.5,380 Valley St,Providence,RI,2908,(401) 331-8431,380 Valley St,23
41.97002792,-71.67002106,automotive,Curran's Automated Design,https://www.yelp.com/biz/currans-automated-design-harrisville?adjust_creative=tzi52j1y9497qJtBsFV1mg&utm_campaign=yelp_api_v3&utm_medium=api_v3_business_search&utm_source=tzi52j1y9497qJtBsFV1mg,5,30 Colonial Rd,Harrisville,RI,2830,(401) 338-5568,30 Colonial Rd,1
41.8082695,-71.402565,automotive,Pete's Tire Barn Inc,https://www.yelp.com/biz/petes-tire-barn-inc-providence-2?adjust_creative=tzi52j1y9497qJtBsFV1mg&utm_campaign=yelp_api_v3&utm_medium=api_v3_business_search&utm_source=tzi52j1y9497qJtBsFV1mg,5,80 Public St,Providence,RI,2903,(401) 521-2240,80 Public St,1
41.77953,-71.29308,automotive,Mobile Car Pro - Seekonk,https://www.yelp.com/biz/mobile-car-pro-seekonk-seekonk?adjust_creative=tzi52j1y9497qJtBsFV1mg&utm_campaign=yelp_api_v3&utm_medium=api_v3_business_search&utm_source=tzi52j1y9497qJtBsFV1mg,5,2020 Fall River Ave,Seekonk,MA,2771,(800) 627-0501,2020 Fall River Ave,2
41.82229996,-71.4397049,automotive,Ri Collision Service,https://www.yelp.com/biz/ri-collision-service-providence?adjust_creative=tzi52j1y9497qJtBsFV1mg&utm_campaign=yelp_api_v3&utm_medium=api_v3_business_search&utm_source=tzi52j1y9497qJtBsFV1mg,5,195 Valley St,Providence,RI,2909,(401) 521-3112,195 Valley St,2
41.78147,-71.46276,automotive,Phoenix Truck and Auto Service,https://www.yelp.com/biz/phoenix-truck-and-auto-service-cranston?adjust_creative=tzi52j1y9497qJtBsFV1mg&utm_campaign=yelp_api_v3&utm_medium=api_v3_business_search&utm_source=tzi52j1y9497qJtBsFV1mg,5,86 Calder St,Cranston,RI,2920,(401) 489-2497,86 Calder St,1
41.822965,-71.43805,automotive,International Chromium Plating,https://www.yelp.com/biz/international-chromium-plating-providence?adjust_creative=tzi52j1y9497qJtBsFV1mg&utm_campaign=yelp_api_v3&utm_medium=api_v3_business_search&utm_source=tzi52j1y9497qJtBsFV1mg,2.5,2 Addison Pl,Providence,RI,2909,(401) 421-0205,2 Addison Pl,3
41.87365,-71.38758,automotive,Candeias Auto Repair Service,https://www.yelp.com/biz/candeias-auto-repair-service-pawtucket?adjust_creative=tzi52j1y9497qJtBsFV1mg&utm_campaign=yelp_api_v3&utm_medium=api_v3_business_search&utm_source=tzi52j1y9497qJtBsFV1mg,5,35 Cedar St,Pawtucket,RI,2860,(401) 726-9272,35 Cedar St,2
41.835395,-71.416644,automotive,Veneton Auto Solutions,https://www.yelp.com/biz/veneton-auto-solutions-providence?adjust_creative=tzi52j1y9497qJtBsFV1mg&utm_campaign=yelp_api_v3&utm_medium=api_v3_business_search&utm_source=tzi52j1y9497qJtBsFV1mg,4.5,30 N Davis St,Providence,RI,2908,(401) 456-0006,30 N Davis St,28
41.85818401,-71.39060221,automotive,Swedish Motors,https://www.yelp.com/biz/swedish-motors-pawtucket?adjust_creative=tzi52j1y9497qJtBsFV1mg&utm_campaign=yelp_api_v3&utm_medium=api_v3_business_search&utm_source=tzi52j1y9497qJtBsFV1mg,4,729 East Ave,Pawtucket,RI,2860,(401) 723-1111,729 East Ave,20
41.86628342,-71.50231934,automotive,Sal's One Stop Auto Repair & Motorcycle Service,https://www.yelp.com/biz/sals-one-stop-auto-repair-and-motorcycle-service-johnston?adjust_creative=tzi52j1y9497qJtBsFV1mg&utm_campaign=yelp_api_v3&utm_medium=api_v3_business_search&utm_source=tzi52j1y9497qJtBsFV1mg,4,200 Putnam Pike,Johnston,RI,2919,(401) 231-3898,200 Putnam Pike,16
41.8074379,-71.44412231,automotive,National & International Tire,https://www.yelp.com/biz/national-and-international-tire-providence-2?adjust_creative=tzi52j1y9497qJtBsFV1mg&utm_campaign=yelp_api_v3&utm_medium=api_v3_business_search&utm_source=tzi52j1y9497qJtBsFV1mg,4,224 Union Ave,Providence,RI,2909,(401) 519-5985,224 Union Ave,4
41.8578529,-71.4215088,automotive,Providence Tint,https://www.yelp.com/biz/providence-tint-providence?adjust_creative=tzi52j1y9497qJtBsFV1mg&utm_campaign=yelp_api_v3&utm_medium=api_v3_business_search&utm_source=tzi52j1y9497qJtBsFV1mg,5,790 Charles St,Providence,RI,2904,(401) 439-1980,790 Charles St,8
41.8203777,-71.4421097,automotive,Touch Of Class Auto Salon,https://www.yelp.com/biz/touch-of-class-auto-salon-providence?adjust_creative=tzi52j1y9497qJtBsFV1mg&utm_campaign=yelp_api_v3&utm_medium=api_v3_business_search&utm_source=tzi52j1y9497qJtBsFV1mg,3.5,40 Sonoma Ct,Providence,RI,2909,(401) 861-2886,40 Sonoma Ct,16
41.79380218,-71.34775288,automotive,Geared 2 Perfection,https://www.yelp.com/biz/geared-2-perfection-warren-2?adjust_creative=tzi52j1y9497qJtBsFV1mg&utm_campaign=yelp_api_v3&utm_medium=api_v3_business_search&utm_source=tzi52j1y9497qJtBsFV1mg,5,371 Metacom Ave,Warren,RI,2915,(401) 434-4800,371 Metacom Ave,1
41.89222336,-71.41169739,automotive,Automotive Services & Technology,https://www.yelp.com/biz/automotive-services-and-technology-lincoln?adjust_creative=tzi52j1y9497qJtBsFV1mg&utm_campaign=yelp_api_v3&utm_medium=api_v3_business_search&utm_source=tzi52j1y9497qJtBsFV1mg,5,1208 Smithfield Ave,Lincoln,RI,2865,(401) 726-9753,1208 Smithfield Ave,2
41.83226,-71.42445,automotive,Desmond Auto Body,https://www.yelp.com/biz/desmond-auto-body-providence?adjust_creative=tzi52j1y9497qJtBsFV1mg&utm_campaign=yelp_api_v3&utm_medium=api_v3_business_search&utm_source=tzi52j1y9497qJtBsFV1mg,2.5,69 Bath St,Providence,RI,2908,(401) 521-9376,69 Bath St,5
41.80061,-71.44672,automotive,Sunset Tint & Sign,https://www.yelp.com/biz/sunset-tint-and-sign-cranston?adjust_creative=tzi52j1y9497qJtBsFV1mg&utm_campaign=yelp_api_v3&utm_medium=api_v3_business_search&utm_source=tzi52j1y9497qJtBsFV1mg,5,971 Cranston St,Cranston,RI,2920,(401) 946-9344,971 Cranston St,4
41.8370071,-71.4282833,automotive,N & A Auto Body Shop,https://www.yelp.com/biz/n-and-a-auto-body-shop-providence-2?adjust_creative=tzi52j1y9497qJtBsFV1mg&utm_campaign=yelp_api_v3&utm_medium=api_v3_business_search&utm_source=tzi52j1y9497qJtBsFV1mg,1,None,Providence,RI,2908,(401) 516-3075,None,1
41.85679518,-71.39134122,automotive,Shell Station,https://www.yelp.com/biz/shell-station-providence?adjust_creative=tzi52j1y9497qJtBsFV1mg&utm_campaign=yelp_api_v3&utm_medium=api_v3_business_search&utm_source=tzi52j1y9497qJtBsFV1mg,4,1100 Hope St,Providence,RI,2906,29065025,1100 Hope St,2
41.88876688,-71.48746215,automotive,Dens Auto Repair,https://www.yelp.com/biz/dens-auto-repair-smithfield?adjust_creative=tzi52j1y9497qJtBsFV1mg&utm_campaign=yelp_api_v3&utm_medium=api_v3_business_search&utm_source=tzi52j1y9497qJtBsFV1mg,5,351 Douglas Pike,Smithfield,RI,2917,(401) 349-4905,351 Douglas Pike,4
41.7960939,-71.425417,automotive,Neighborhood Auto Center,https://www.yelp.com/biz/neighborhood-auto-center-providence?adjust_creative=tzi52j1y9497qJtBsFV1mg&utm_campaign=yelp_api_v3&utm_medium=api_v3_business_search&utm_source=tzi52j1y9497qJtBsFV1mg,4.5,591 Elmwood Ave,Providence,RI,2907,(401) 785-0941,591 Elmwood Ave,2
41.8722045,-71.4108791,automotive,Ace Armature,https://www.yelp.com/biz/ace-armature-pawtucket?adjust_creative=tzi52j1y9497qJtBsFV1mg&utm_campaign=yelp_api_v3&utm_medium=api_v3_business_search&utm_source=tzi52j1y9497qJtBsFV1mg,5,683 Mineral Spring Ave,Pawtucket,RI,2860,(401) 723-5935,683 Mineral Spring Ave,2
41.82197,-71.42112,automotive,BTS Tire & Service,https://www.yelp.com/biz/bts-tire-and-service-providence?adjust_creative=tzi52j1y9497qJtBsFV1mg&utm_campaign=yelp_api_v3&utm_medium=api_v3_business_search&utm_source=tzi52j1y9497qJtBsFV1mg,3.5,113 Broadway,Providence,RI,2903,(401) 621-3390,113 Broadway,12
41.88141632,-71.36335754,automotive,Perry's Automotive,https://www.yelp.com/biz/perrys-automotive-pawtucket?adjust_creative=tzi52j1y9497qJtBsFV1mg&utm_campaign=yelp_api_v3&utm_medium=api_v3_business_search&utm_source=tzi52j1y9497qJtBsFV1mg,5,45 Alden St,Pawtucket,RI,2861,(401) 729-0800,45 Alden St,5
41.7622807,-71.4247581,automotive,Spring Green Auto Body,https://www.yelp.com/biz/spring-green-auto-body-cranston-2?adjust_creative=tzi52j1y9497qJtBsFV1mg&utm_campaign=yelp_api_v3&utm_medium=api_v3_business_search&utm_source=tzi52j1y9497qJtBsFV1mg,5,1664 Elmwood Ave,Cranston,RI,2910,(401) 785-0099,1664 Elmwood Ave,1
41.8758625,-71.3900805,automotive,Gansett Auto Parts,https://www.yelp.com/biz/gansett-auto-parts-pawtucket?adjust_creative=tzi52j1y9497qJtBsFV1mg&utm_campaign=yelp_api_v3&utm_medium=api_v3_business_search&utm_source=tzi52j1y9497qJtBsFV1mg,4.5,206 Pine St,Pawtucket,RI,2860,(401) 728-8520,206 Pine St,3
41.822326,-71.380676,automotive,Tony's Tire Service,https://www.yelp.com/biz/tonys-tire-service-east-providence?adjust_creative=tzi52j1y9497qJtBsFV1mg&utm_campaign=yelp_api_v3&utm_medium=api_v3_business_search&utm_source=tzi52j1y9497qJtBsFV1mg,5,175 Valley St,East Providence,RI,2914,(401) 438-7041,175 Valley St,7
41.85981,-71.47008,automotive,Certified Auto Sales and Service,https://www.yelp.com/biz/certified-auto-sales-and-service-north-providence?adjust_creative=tzi52j1y9497qJtBsFV1mg&utm_campaign=yelp_api_v3&utm_medium=api_v3_business_search&utm_source=tzi52j1y9497qJtBsFV1mg,4.5,1940 Mineral Spring Ave,North Providence,RI,2904,,1940 Mineral Spring Ave,6
41.749661,-71.423659,automotive,J Poulos Automotive Center,https://www.yelp.com/biz/j-poulos-automotive-center-warwick?adjust_creative=tzi52j1y9497qJtBsFV1mg&utm_campaign=yelp_api_v3&utm_medium=api_v3_business_search&utm_source=tzi52j1y9497qJtBsFV1mg,5,85 Perry Ave,Warwick,RI,2888,(401) 941-6440,85 Perry Ave,1
41.79419,-71.40453,automotive,Jenny Auto Repair,https://www.yelp.com/biz/jenny-auto-repair-providence?adjust_creative=tzi52j1y9497qJtBsFV1mg&utm_campaign=yelp_api_v3&utm_medium=api_v3_business_search&utm_source=tzi52j1y9497qJtBsFV1mg,1,1159 Eddy St,Providence,RI,2905,(401) 781-0125,1159 Eddy St,1
41.7905299,-71.4374,automotive,Frank's Auto Electric Service,https://www.yelp.com/biz/franks-auto-electric-service-cranston?adjust_creative=tzi52j1y9497qJtBsFV1mg&utm_campaign=yelp_api_v3&utm_medium=api_v3_business_search&utm_source=tzi52j1y9497qJtBsFV1mg,4.5,517 Niantic Ave,Cranston,RI,2910,(401) 461-6720,517 Niantic Ave,6
41.80467987,-71.40273285,automotive,Travelers Auto Body,https://www.yelp.com/biz/travelers-auto-body-providence?adjust_creative=tzi52j1y9497qJtBsFV1mg&utm_campaign=yelp_api_v3&utm_medium=api_v3_business_search&utm_source=tzi52j1y9497qJtBsFV1mg,5,299 Allens Ave,Providence,RI,2905,(401) 461-9200,299 Allens Ave,6
41.85227,-71.41307,automotive,Luigi Auto Repair,https://www.yelp.com/biz/luigi-auto-repair-providence?adjust_creative=tzi52j1y9497qJtBsFV1mg&utm_campaign=yelp_api_v3&utm_medium=api_v3_business_search&utm_source=tzi52j1y9497qJtBsFV1mg,5,320 Silver Spring St,Providence,RI,2904,(401) 421-3673,320 Silver Spring St,1
41.79381,-71.4508199,automotive,Caravan Auto,https://www.yelp.com/biz/caravan-auto-cranston?adjust_creative=tzi52j1y9497qJtBsFV1mg&utm_campaign=yelp_api_v3&utm_medium=api_v3_business_search&utm_source=tzi52j1y9497qJtBsFV1mg,3.5,1185 Cranston St,Cranston,RI,2920,(401) 944-4430,1185 Cranston St,3
41.94684,-71.28027,automotive,Trusted Auto,https://www.yelp.com/biz/trusted-auto-attleboro?adjust_creative=tzi52j1y9497qJtBsFV1mg&utm_campaign=yelp_api_v3&utm_medium=api_v3_business_search&utm_source=tzi52j1y9497qJtBsFV1mg,5,64 Pleasant St,Attleboro,MA,2703,(508) 838-4980,64 Pleasant St,2
41.8215,-71.3621578,automotive,Cabral's Towing,https://www.yelp.com/biz/cabrals-towing-east-providence?adjust_creative=tzi52j1y9497qJtBsFV1mg&utm_campaign=yelp_api_v3&utm_medium=api_v3_business_search&utm_source=tzi52j1y9497qJtBsFV1mg,4.5,10 Goldsmith Ave,East Providence,RI,2914,(401) 438-2426,10 Goldsmith Ave,3
41.87005,-71.42625,automotive,Quality Rental,https://www.yelp.com/biz/quality-rental-north-providence-2?adjust_creative=tzi52j1y9497qJtBsFV1mg&utm_campaign=yelp_api_v3&utm_medium=api_v3_business_search&utm_source=tzi52j1y9497qJtBsFV1mg,4,1122 Charles St,North Providence,RI,2904,(401) 723-5555,1122 Charles St,1
41.86484,-71.39241,automotive,382 Collision Center,https://www.yelp.com/biz/382-collision-center-pawtucket?adjust_creative=tzi52j1y9497qJtBsFV1mg&utm_campaign=yelp_api_v3&utm_medium=api_v3_business_search&utm_source=tzi52j1y9497qJtBsFV1mg,5,382 Pawtucket Ave,Pawtucket,RI,2860,(401) 305-3838,382 Pawtucket Ave,3
41.7883,-71.47374,automotive,Cranston Collision and Service Center,https://www.yelp.com/biz/cranston-collision-and-service-center-cranston?adjust_creative=tzi52j1y9497qJtBsFV1mg&utm_campaign=yelp_api_v3&utm_medium=api_v3_business_search&utm_source=tzi52j1y9497qJtBsFV1mg,4.5,30 Walnut Grove Ave,Cranston,RI,2920,(401) 223-1111,30 Walnut Grove Ave,33
41.802791,-71.430755,automotive,K & B Service Inc,https://www.yelp.com/biz/k-and-b-service-inc-providence?adjust_creative=tzi52j1y9497qJtBsFV1mg&utm_campaign=yelp_api_v3&utm_medium=api_v3_business_search&utm_source=tzi52j1y9497qJtBsFV1mg,1,635 Potters Ave,Providence,RI,2907,(401) 941-5562,635 Potters Ave,2
41.82892227,-71.47248077,automotive,Towne Auto Upholstery,https://www.yelp.com/biz/towne-auto-upholstery-johnston?adjust_creative=tzi52j1y9497qJtBsFV1mg&utm_campaign=yelp_api_v3&utm_medium=api_v3_business_search&utm_source=tzi52j1y9497qJtBsFV1mg,3.5,627 Killingly St,Johnston,RI,2919,(401) 861-6585,627 Killingly St,4
41.8167572,-71.4467926,automotive,Grasso's Service,https://www.yelp.com/biz/grassos-service-providence?adjust_creative=tzi52j1y9497qJtBsFV1mg&utm_campaign=yelp_api_v3&utm_medium=api_v3_business_search&utm_source=tzi52j1y9497qJtBsFV1mg,3,116 Hartford Ave,Providence,RI,2909,(401) 831-4800,116 Hartford Ave,2
41.85959834,-71.47058563,automotive,North Providence Tire & Auto Center,https://www.yelp.com/biz/north-providence-tire-and-auto-north-providence-2?adjust_creative=tzi52j1y9497qJtBsFV1mg&utm_campaign=yelp_api_v3&utm_medium=api_v3_business_search&utm_source=tzi52j1y9497qJtBsFV1mg,4,1968 Mineral Spring Ave,North Providence,RI,2904,(401) 231-6868,1968 Mineral Spring Ave,17
41.8136147,-71.4501485,automotive,Petro Mobile,https://www.yelp.com/biz/petro-mobile-providence?adjust_creative=tzi52j1y9497qJtBsFV1mg&utm_campaign=yelp_api_v3&utm_medium=api_v3_business_search&utm_source=tzi52j1y9497qJtBsFV1mg,3.5,360 Plainfield St,Providence,RI,2909,(401) 944-0018,360 Plainfield St,3
41.97333,-71.46074,automotive,Woods Power Equipment,https://www.yelp.com/biz/woods-power-equipment-cumberland?adjust_creative=tzi52j1y9497qJtBsFV1mg&utm_campaign=yelp_api_v3&utm_medium=api_v3_business_search&utm_source=tzi52j1y9497qJtBsFV1mg,5,,Cumberland,RI,2864,(508) 846-7450,,3
41.833396,-71.312797,automotive,A G Automotive,https://www.yelp.com/biz/a-g-automotive-seekonk?adjust_creative=tzi52j1y9497qJtBsFV1mg&utm_campaign=yelp_api_v3&utm_medium=api_v3_business_search&utm_source=tzi52j1y9497qJtBsFV1mg,5,746 Ledge Rd,Seekonk,MA,2771,(508) 336-8550,746 Ledge Rd,3
41.78891,-71.47069,automotive,D & M Tyre Automotive Service Center,https://www.yelp.com/biz/d-and-m-tyre-automotive-service-center-cranston?adjust_creative=tzi52j1y9497qJtBsFV1mg&utm_campaign=yelp_api_v3&utm_medium=api_v3_business_search&utm_source=tzi52j1y9497qJtBsFV1mg,3.5,50 Libera St,Cranston,RI,2920,(401) 943-2050,50 Libera St,25
41.79532242,-71.42595673,automotive,Reservoir Auto and Alignment Repair,https://www.yelp.com/biz/reservoir-auto-and-alignment-repair-providence?adjust_creative=tzi52j1y9497qJtBsFV1mg&utm_campaign=yelp_api_v3&utm_medium=api_v3_business_search&utm_source=tzi52j1y9497qJtBsFV1mg,2.5,60 Reservoir Ave,Providence,RI,2907,(401) 461-4800,60 Reservoir Ave,3
41.86791,-71.42479,automotive,New England Auto Center,https://www.yelp.com/biz/new-england-auto-center-north-providence?adjust_creative=tzi52j1y9497qJtBsFV1mg&utm_campaign=yelp_api_v3&utm_medium=api_v3_business_search&utm_source=tzi52j1y9497qJtBsFV1mg,4.5,1063 Charles St,North Providence,RI,2904,(401) 454-5575,1063 Charles St,10
41.85489,-71.41204,automotive,AAMCO Transmissions & Total Car Care,https://www.yelp.com/biz/aamco-transmissions-and-total-car-care-providence?adjust_creative=tzi52j1y9497qJtBsFV1mg&utm_campaign=yelp_api_v3&utm_medium=api_v3_business_search&utm_source=tzi52j1y9497qJtBsFV1mg,2.5,422 Silver Spring St,Providence,RI,2904,(401) 831-6920,422 Silver Spring St,7
42.276307,-71.407627,automotive,K & S Auto Body,https://www.yelp.com/biz/k-and-s-auto-body-framingham?adjust_creative=tzi52j1y9497qJtBsFV1mg&utm_campaign=yelp_api_v3&utm_medium=api_v3_business_search&utm_source=tzi52j1y9497qJtBsFV1mg,5,67 Beaver St,Framingham,MA,1702,(508) 872-9452,67 Beaver St,7
41.85376,-71.35464,automotive,Lou's Custom Exhaust,https://www.yelp.com/biz/lous-custom-exhaust-east-providence?adjust_creative=tzi52j1y9497qJtBsFV1mg&utm_campaign=yelp_api_v3&utm_medium=api_v3_business_search&utm_source=tzi52j1y9497qJtBsFV1mg,4.5,195 Newport Ave,East Providence,RI,2916,(401) 434-5687,195 Newport Ave,23
41.90207591,-71.34190567,automotive,Sarkis Auto Repair,https://www.yelp.com/biz/sarkis-auto-repair-attleboro-2?adjust_creative=tzi52j1y9497qJtBsFV1mg&utm_campaign=yelp_api_v3&utm_medium=api_v3_business_search&utm_source=tzi52j1y9497qJtBsFV1mg,3.5,1895 County St,Attleboro,MA,2703,(781) 775-3766,1895 County St,3
41.79815,-71.43959,automotive,Ercilios Electro Auto,https://www.yelp.com/biz/ercilios-electro-auto-providence?adjust_creative=tzi52j1y9497qJtBsFV1mg&utm_campaign=yelp_api_v3&utm_medium=api_v3_business_search&utm_source=tzi52j1y9497qJtBsFV1mg,1,173 Niantic Ave,Providence,RI,2907,(401) 467-5550,173 Niantic Ave,1
41.901316,-71.645276,automotive,Rocco's Transmission,https://www.yelp.com/biz/roccos-transmission-chepachet?adjust_creative=tzi52j1y9497qJtBsFV1mg&utm_campaign=yelp_api_v3&utm_medium=api_v3_business_search&utm_source=tzi52j1y9497qJtBsFV1mg,4.5,47 Terry Ln,Chepachet,RI,2814,(401) 696-1796,47 Terry Ln,3
41.81945,-71.44595,automotive,Markos Auto Body Sales & Service,https://www.yelp.com/biz/markos-auto-body-sales-and-service-providence?adjust_creative=tzi52j1y9497qJtBsFV1mg&utm_campaign=yelp_api_v3&utm_medium=api_v3_business_search&utm_source=tzi52j1y9497qJtBsFV1mg,4.5,141 Manton Ave,Providence,RI,2909,(401) 272-5789,141 Manton Ave,4
41.8104439,-71.358743,automotive,Ed Oliveira and Sons Auto Repair,https://www.yelp.com/biz/ed-oliveira-and-sons-auto-repair-east-providence?adjust_creative=tzi52j1y9497qJtBsFV1mg&utm_campaign=yelp_api_v3&utm_medium=api_v3_business_search&utm_source=tzi52j1y9497qJtBsFV1mg,5,2378 Pawtucket Ave,East Providence,RI,2914,(401) 431-1122,2378 Pawtucket Ave,6
41.80838776,-71.43495178,automotive,Garcia Auto Accessories,https://www.yelp.com/biz/garcia-auto-accessories-providence?adjust_creative=tzi52j1y9497qJtBsFV1mg&utm_campaign=yelp_api_v3&utm_medium=api_v3_business_search&utm_source=tzi52j1y9497qJtBsFV1mg,1,559 Cranston St,Providence,RI,2907,(401) 351-8405,559 Cranston St,1
41.7949399,-71.475455,automotive,Professional Auto Cleaning Mobile Detailing,https://www.yelp.com/biz/professional-auto-cleaning-mobile-detailing-cranston-2?adjust_creative=tzi52j1y9497qJtBsFV1mg&utm_campaign=yelp_api_v3&utm_medium=api_v3_business_search&utm_source=tzi52j1y9497qJtBsFV1mg,5,109 Fletcher Ave,Cranston,RI,2920,(401) 230-3262,109 Fletcher Ave,2
41.87482902,-71.38986736,automotive,Central Auto Radiator,https://www.yelp.com/biz/central-auto-radiator-pawtucket-7?adjust_creative=tzi52j1y9497qJtBsFV1mg&utm_campaign=yelp_api_v3&utm_medium=api_v3_business_search&utm_source=tzi52j1y9497qJtBsFV1mg,5,188 Pine St,Pawtucket,RI,2860,(401) 725-6660,188 Pine St,4
41.78792191,-71.31813049,automotive,Inmotion Motor Sports,https://www.yelp.com/biz/inmotion-motor-sports-seekonk?adjust_creative=tzi52j1y9497qJtBsFV1mg&utm_campaign=yelp_api_v3&utm_medium=api_v3_business_search&utm_source=tzi52j1y9497qJtBsFV1mg,5,1420 Fall River Ave,Seekonk,MA,2771,(508) 336-0023,1420 Fall River Ave,3
41.788291,-71.472694,automotive,Kleer-vue auto glass,https://www.yelp.com/biz/kleer-vue-auto-glass-cranston?adjust_creative=tzi52j1y9497qJtBsFV1mg&utm_campaign=yelp_api_v3&utm_medium=api_v3_business_search&utm_source=tzi52j1y9497qJtBsFV1mg,5,460 Atwood Ave,Cranston,RI,2920,(401) 588-9943,460 Atwood Ave,3
41.8075,-71.42813,automotive,Correa Auto Repair,https://www.yelp.com/biz/correa-auto-repair-providence?adjust_creative=tzi52j1y9497qJtBsFV1mg&utm_campaign=yelp_api_v3&utm_medium=api_v3_business_search&utm_source=tzi52j1y9497qJtBsFV1mg,3,57 Bucklin St,Providence,RI,2907,(401) 572-3311,57 Bucklin St,2
41.8787067,-71.3677149,automotive,Triton Fleet Services,https://www.yelp.com/biz/triton-fleet-services-pawtucket?adjust_creative=tzi52j1y9497qJtBsFV1mg&utm_campaign=yelp_api_v3&utm_medium=api_v3_business_search&utm_source=tzi52j1y9497qJtBsFV1mg,5,350 Walcott St,Pawtucket,RI,2860,(401) 721-5757,350 Walcott St,1
41.795598,-71.439467,automotive,Auto Rust Technicians,https://www.yelp.com/biz/auto-rust-technicians-cranston?adjust_creative=tzi52j1y9497qJtBsFV1mg&utm_campaign=yelp_api_v3&utm_medium=api_v3_business_search&utm_source=tzi52j1y9497qJtBsFV1mg,4,275 Niantic Ave,Cranston,RI,2907,(401) 944-4444,275 Niantic Ave,10
41.78875351,-71.5116806,automotive,Protech Automotive Services,https://www.yelp.com/biz/protech-automotive-services-johnston-2?adjust_creative=tzi52j1y9497qJtBsFV1mg&utm_campaign=yelp_api_v3&utm_medium=api_v3_business_search&utm_source=tzi52j1y9497qJtBsFV1mg,4.5,1901 Plainfield Pike,Johnston,RI,2919,(401) 464-9900,1901 Plainfield Pike,19
41.79559,-71.4498,automotive,Classic Car Wash,https://www.yelp.com/biz/classic-car-wash-cranston?adjust_creative=tzi52j1y9497qJtBsFV1mg&utm_campaign=yelp_api_v3&utm_medium=api_v3_business_search&utm_source=tzi52j1y9497qJtBsFV1mg,2,1125 Cranston St,Cranston,RI,2920,(401) 944-9860,1125 Cranston St,20
41.82972,-71.43445,automotive,J M Auto Repair,https://www.yelp.com/biz/j-m-auto-repair-providence-3?adjust_creative=tzi52j1y9497qJtBsFV1mg&utm_campaign=yelp_api_v3&utm_medium=api_v3_business_search&utm_source=tzi52j1y9497qJtBsFV1mg,1,107 Prescott St.,Providence,RI,2908,(401) 274-5535,107 Prescott St.,1
42.1367577,-70.9500128,automotive,Offroad Elements,https://www.yelp.com/biz/offroad-elements-abington-3?adjust_creative=tzi52j1y9497qJtBsFV1mg&utm_campaign=yelp_api_v3&utm_medium=api_v3_business_search&utm_source=tzi52j1y9497qJtBsFV1mg,5,1209 Bedford St,Abington,MA,2351,(774) 826-9948,1209 Bedford St,13
41.5882268,-71.4582101,automotive,Dent Doctor,https://www.yelp.com/biz/dent-doctor-north-kingstown?adjust_creative=tzi52j1y9497qJtBsFV1mg&utm_campaign=yelp_api_v3&utm_medium=api_v3_business_search&utm_source=tzi52j1y9497qJtBsFV1mg,5,7715 Post Rd,North Kingstown,RI,2852,(401) 500-3368,7715 Post Rd,6
41.81956482,-71.36603546,automotive,Oxford Motorcars,https://www.yelp.com/biz/oxford-motorcars-east-providence?adjust_creative=tzi52j1y9497qJtBsFV1mg&utm_campaign=yelp_api_v3&utm_medium=api_v3_business_search&utm_source=tzi52j1y9497qJtBsFV1mg,3.5,330 Waterman Ave,East Providence,RI,2914,(401) 435-3333,330 Waterman Ave,3
