41.82471848,-71.41038513,bank,Bank of America,https://www.yelp.com/biz/bank-of-america-providence-10?adjust_creative=tzi52j1y9497qJtBsFV1mg&utm_campaign=yelp_api_v3&utm_medium=api_v3_business_search&utm_source=tzi52j1y9497qJtBsFV1mg,3.5,100 Westminster St,Providence,RI,2903,(401) 228-0128,100 Westminster St,3
41.81036,-71.4113,bank,HarborOne Bank,https://www.yelp.com/biz/harborone-bank-providence?adjust_creative=tzi52j1y9497qJtBsFV1mg&utm_campaign=yelp_api_v3&utm_medium=api_v3_business_search&utm_source=tzi52j1y9497qJtBsFV1mg,5,101 Dudley St,Providence,RI,2905,(401) 455-3222,101 Dudley St,1
41.8276329,-71.39907837,bank,Citizens Bank,https://www.yelp.com/biz/citizens-bank-providence-8?adjust_creative=tzi52j1y9497qJtBsFV1mg&utm_campaign=yelp_api_v3&utm_medium=api_v3_business_search&utm_source=tzi52j1y9497qJtBsFV1mg,2,120 Waterman St,Providence,RI,2906,(401) 456-7050,120 Waterman St,17
41.8233833,-71.4117203,bank,TD Bank,https://www.yelp.com/biz/td-bank-providence?adjust_creative=tzi52j1y9497qJtBsFV1mg&utm_campaign=yelp_api_v3&utm_medium=api_v3_business_search&utm_source=tzi52j1y9497qJtBsFV1mg,2,180 Westminster St,Providence,RI,2903,(401) 455-2900,180 Westminster St,12
41.84928131,-71.39517975,bank,Bank of America,https://www.yelp.com/biz/bank-of-america-providence-2?adjust_creative=tzi52j1y9497qJtBsFV1mg&utm_campaign=yelp_api_v3&utm_medium=api_v3_business_search&utm_source=tzi52j1y9497qJtBsFV1mg,4.5,814 Hope St,Providence,RI,2906,(401) 450-3897,814 Hope St,3
41.82373428,-71.42516327,bank,Bank of America,https://www.yelp.com/biz/bank-of-america-providence-3?adjust_creative=tzi52j1y9497qJtBsFV1mg&utm_campaign=yelp_api_v3&utm_medium=api_v3_business_search&utm_source=tzi52j1y9497qJtBsFV1mg,3,215 Atwells Ave,Providence,RI,2903,(800) 432-1000,215 Atwells Ave,6
41.78237,-71.44422,bank,Bank Rhode Island,https://www.yelp.com/biz/bank-rhode-island-cranston?adjust_creative=tzi52j1y9497qJtBsFV1mg&utm_campaign=yelp_api_v3&utm_medium=api_v3_business_search&utm_source=tzi52j1y9497qJtBsFV1mg,5,1047 Park Ave,Cranston,RI,2910,(401) 946-2244,1047 Park Ave,2
41.82349447,-71.42734462,bank,Santander Bank,https://www.yelp.com/biz/santander-bank-providence-2?adjust_creative=tzi52j1y9497qJtBsFV1mg&utm_campaign=yelp_api_v3&utm_medium=api_v3_business_search&utm_source=tzi52j1y9497qJtBsFV1mg,2.5,280 Atwells Ave,Providence,RI,2903,(401) 521-0739,280 Atwells Ave,2
41.8266613,-71.3875241,bank,Bank Rhode Island,https://www.yelp.com/biz/bank-rhode-island-providence?adjust_creative=tzi52j1y9497qJtBsFV1mg&utm_campaign=yelp_api_v3&utm_medium=api_v3_business_search&utm_source=tzi52j1y9497qJtBsFV1mg,3,137 Pitman St,Providence,RI,2906,(401) 456-5160,137 Pitman St,4
41.8421384,-71.3688903,bank,We Share Hope,https://www.yelp.com/biz/we-share-hope-rumford?adjust_creative=tzi52j1y9497qJtBsFV1mg&utm_campaign=yelp_api_v3&utm_medium=api_v3_business_search&utm_source=tzi52j1y9497qJtBsFV1mg,5,310 Bourne Ave,Rumford,RI,2916,(401) 289-0448,310 Bourne Ave,1
41.82218,-71.41559,bank,HarborOne Bank,https://www.yelp.com/biz/harborone-bank-providence-2?adjust_creative=tzi52j1y9497qJtBsFV1mg&utm_campaign=yelp_api_v3&utm_medium=api_v3_business_search&utm_source=tzi52j1y9497qJtBsFV1mg,2.5,180 Washington St,Providence,RI,2903,(401) 861-2583,180 Washington St,9
41.843399,-71.4463882,bank,Santander,https://www.yelp.com/biz/santander-providence?adjust_creative=tzi52j1y9497qJtBsFV1mg&utm_campaign=yelp_api_v3&utm_medium=api_v3_business_search&utm_source=tzi52j1y9497qJtBsFV1mg,3.5,1025 Smith St,Providence,RI,2908,(401) 274-1025,1025 Smith St,3
41.7974315,-71.4391753,bank,Rhode Island Community Food Bank,https://www.yelp.com/biz/rhode-island-community-food-bank-providence?adjust_creative=tzi52j1y9497qJtBsFV1mg&utm_campaign=yelp_api_v3&utm_medium=api_v3_business_search&utm_source=tzi52j1y9497qJtBsFV1mg,5,200 Niantic Ave,Providence,RI,2907,(401) 942-6325,200 Niantic Ave,1
41.8198242,-71.3724365,bank,Bank of America,https://www.yelp.com/biz/bank-of-america-east-providence?adjust_creative=tzi52j1y9497qJtBsFV1mg&utm_campaign=yelp_api_v3&utm_medium=api_v3_business_search&utm_source=tzi52j1y9497qJtBsFV1mg,1,218 Taunton Ave,East Providence,RI,2914,,218 Taunton Ave,1
41.82644653,-71.41488647,bank,Fidelity Investments,https://www.yelp.com/biz/fidelity-investments-providence?adjust_creative=tzi52j1y9497qJtBsFV1mg&utm_campaign=yelp_api_v3&utm_medium=api_v3_business_search&utm_source=tzi52j1y9497qJtBsFV1mg,3.5,10 Memorial Blvd,Providence,RI,2903,(401) 276-2752,10 Memorial Blvd,3
41.82978439,-71.38933563,bank,Bank of America,https://www.yelp.com/biz/bank-of-america-providence?adjust_creative=tzi52j1y9497qJtBsFV1mg&utm_campaign=yelp_api_v3&utm_medium=api_v3_business_search&utm_source=tzi52j1y9497qJtBsFV1mg,2,457 Angell St,Providence,RI,2906,(401) 421-3953,457 Angell St,6
41.83140564,-71.41654968,bank,Rhode Island Credit Union,https://www.yelp.com/biz/rhode-island-credit-union-providence?adjust_creative=tzi52j1y9497qJtBsFV1mg&utm_campaign=yelp_api_v3&utm_medium=api_v3_business_search&utm_source=tzi52j1y9497qJtBsFV1mg,1,160 Francis St,Providence,RI,2903,(401) 751-7440,160 Francis St,17
41.81693,-71.44211,bank,Citizens Bank,https://www.yelp.com/biz/citizens-bank-providence-10?adjust_creative=tzi52j1y9497qJtBsFV1mg&utm_campaign=yelp_api_v3&utm_medium=api_v3_business_search&utm_source=tzi52j1y9497qJtBsFV1mg,2,1917 Westminster St,Providence,RI,2909,(401) 455-5604,1917 Westminster St,1
41.7804225,-71.5150814,bank,Coastway Bank,https://www.yelp.com/biz/coastway-community-bank-cranston?adjust_creative=tzi52j1y9497qJtBsFV1mg&utm_campaign=yelp_api_v3&utm_medium=api_v3_business_search&utm_source=tzi52j1y9497qJtBsFV1mg,5,200 Comstock Pkwy,Cranston,RI,2921,(401) 223-1790,200 Comstock Pkwy,1
41.8248797,-71.4101424,bank,Citizens Bank,https://www.yelp.com/biz/citizens-bank-providence-11?adjust_creative=tzi52j1y9497qJtBsFV1mg&utm_campaign=yelp_api_v3&utm_medium=api_v3_business_search&utm_source=tzi52j1y9497qJtBsFV1mg,1.5,63 Westminster St,Providence,RI,2903,(401) 456-7010,63 Westminster St,6
41.828341,-71.41662,bank,Citizens Bank,https://www.yelp.com/biz/citizens-bank-providence-4?adjust_creative=tzi52j1y9497qJtBsFV1mg&utm_campaign=yelp_api_v3&utm_medium=api_v3_business_search&utm_source=tzi52j1y9497qJtBsFV1mg,2.5,126 Providence Pl,Providence,RI,2903,(401) 270-4200,126 Providence Pl,3
41.8485533,-71.3954255,bank,Citizens Bank,https://www.yelp.com/biz/citizens-bank-providence-2?adjust_creative=tzi52j1y9497qJtBsFV1mg&utm_campaign=yelp_api_v3&utm_medium=api_v3_business_search&utm_source=tzi52j1y9497qJtBsFV1mg,3.5,792 Hope St,Providence,RI,2906,(401) 455-5800,792 Hope St,3
41.7832756,-71.51613617,bank,Centreville Bank,https://www.yelp.com/biz/centreville-bank-cranston?adjust_creative=tzi52j1y9497qJtBsFV1mg&utm_campaign=yelp_api_v3&utm_medium=api_v3_business_search&utm_source=tzi52j1y9497qJtBsFV1mg,5,193 Comstock Pkwy,Cranston,RI,2921,(401) 464-9100,193 Comstock Pkwy,1
41.805145,-71.340629,bank,Bank RI,https://www.yelp.com/biz/bank-ri-east-providence?adjust_creative=tzi52j1y9497qJtBsFV1mg&utm_campaign=yelp_api_v3&utm_medium=api_v3_business_search&utm_source=tzi52j1y9497qJtBsFV1mg,5,77 Highland Ave,East Providence,RI,2914,(401) 434-2244,77 Highland Ave,2
41.8473167,-71.3538818,bank,TD Bank,https://www.yelp.com/biz/td-bank-east-providence?adjust_creative=tzi52j1y9497qJtBsFV1mg&utm_campaign=yelp_api_v3&utm_medium=api_v3_business_search&utm_source=tzi52j1y9497qJtBsFV1mg,3.5,440 Pawtucket Ave,East Providence,RI,2916,(401) 431-4057,440 Pawtucket Ave,3
41.827437,-71.410734,bank,Citizens Bank,https://www.yelp.com/biz/citizens-bank-providence-14?adjust_creative=tzi52j1y9497qJtBsFV1mg&utm_campaign=yelp_api_v3&utm_medium=api_v3_business_search&utm_source=tzi52j1y9497qJtBsFV1mg,1,1 Citizens Plz,Providence,RI,2903,(401) 456-7096,1 Citizens Plz,48
41.824516,-71.354872,bank,Province Mortgage Associates,https://www.yelp.com/biz/province-mortgage-associates-east-providence?adjust_creative=tzi52j1y9497qJtBsFV1mg&utm_campaign=yelp_api_v3&utm_medium=api_v3_business_search&utm_source=tzi52j1y9497qJtBsFV1mg,4.5,50 Office Pkwy,East Providence,RI,2914,(401) 490-4400,50 Office Pkwy,6
41.8253211,-71.4095239,bank,Bny Mellon,https://www.yelp.com/biz/bny-mellon-providence?adjust_creative=tzi52j1y9497qJtBsFV1mg&utm_campaign=yelp_api_v3&utm_medium=api_v3_business_search&utm_source=tzi52j1y9497qJtBsFV1mg,1,1 Financial Plz,Providence,RI,2903,(401) 276-4740,1 Financial Plz,2
41.821655,-71.364639,bank,Community & Teacher's Federal Credit,https://www.yelp.com/biz/community-and-teachers-federal-credit-east-providence?adjust_creative=tzi52j1y9497qJtBsFV1mg&utm_campaign=yelp_api_v3&utm_medium=api_v3_business_search&utm_source=tzi52j1y9497qJtBsFV1mg,5,362 Taunton Ave,East Providence,RI,2914,(401) 438-7788,362 Taunton Ave,1
41.8528605,-71.3542006,bank,Navigant Credit Union,https://www.yelp.com/biz/navigant-credit-union-east-providence?adjust_creative=tzi52j1y9497qJtBsFV1mg&utm_campaign=yelp_api_v3&utm_medium=api_v3_business_search&utm_source=tzi52j1y9497qJtBsFV1mg,5,230 Newport Ave,East Providence,RI,2916,(401) 233-4700,230 Newport Ave,1
41.79233551,-71.40103912,bank,United Refrigeration,https://www.yelp.com/biz/united-refrigeration-providence?adjust_creative=tzi52j1y9497qJtBsFV1mg&utm_campaign=yelp_api_v3&utm_medium=api_v3_business_search&utm_source=tzi52j1y9497qJtBsFV1mg,5,185 Toronto Ave,Providence,RI,2905,(401) 467-3600,185 Toronto Ave,1
41.8309421,-71.4964841,bank,TD Bank,https://www.yelp.com/biz/td-bank-johnston?adjust_creative=tzi52j1y9497qJtBsFV1mg&utm_campaign=yelp_api_v3&utm_medium=api_v3_business_search&utm_source=tzi52j1y9497qJtBsFV1mg,2,1547 Atwood Ave,Johnston,RI,2919,(401) 868-9050,1547 Atwood Ave,5
41.80014342,-71.33487761,bank,Citizens Bank,https://www.yelp.com/biz/citizens-bank-seekonk?adjust_creative=tzi52j1y9497qJtBsFV1mg&utm_campaign=yelp_api_v3&utm_medium=api_v3_business_search&utm_source=tzi52j1y9497qJtBsFV1mg,3,125 Highland Ave,Seekonk,MA,2771,(508) 336-3532,125 Highland Ave,3
41.81332,-71.370948,bank,Bank Rhode Island,https://www.yelp.com/biz/bank-rhode-island-east-providence?adjust_creative=tzi52j1y9497qJtBsFV1mg&utm_campaign=yelp_api_v3&utm_medium=api_v3_business_search&utm_source=tzi52j1y9497qJtBsFV1mg,4,999 S Broadway,East Providence,RI,2914,(401) 434-2244,999 S Broadway,1
41.81037926,-71.3570898,bank,Pawtucket Credit Union,https://www.yelp.com/biz/pawtucket-credit-union-east-providence?adjust_creative=tzi52j1y9497qJtBsFV1mg&utm_campaign=yelp_api_v3&utm_medium=api_v3_business_search&utm_source=tzi52j1y9497qJtBsFV1mg,1,660 Warren Ave,East Providence,RI,2914,(401) 722-2212,660 Warren Ave,1
41.8802871,-71.3669191,bank,Bristol County Savings Bank,https://www.yelp.com/biz/bristol-county-savings-bank-pawtucket?adjust_creative=tzi52j1y9497qJtBsFV1mg&utm_campaign=yelp_api_v3&utm_medium=api_v3_business_search&utm_source=tzi52j1y9497qJtBsFV1mg,4,215 Armistice Blvd,Pawtucket,RI,2860,(401) 722-8838,215 Armistice Blvd,1
41.82331,-71.35748,bank,Citizens Bank,https://www.yelp.com/biz/citizens-bank-east-providence-2?adjust_creative=tzi52j1y9497qJtBsFV1mg&utm_campaign=yelp_api_v3&utm_medium=api_v3_business_search&utm_source=tzi52j1y9497qJtBsFV1mg,4,1925 Pawtucket Ave,East Providence,RI,2914,(401) 431-4100,1925 Pawtucket Ave,1
41.78698,-71.40281,bank,Citizens Bank,https://www.yelp.com/biz/citizens-bank-providence-5?adjust_creative=tzi52j1y9497qJtBsFV1mg&utm_campaign=yelp_api_v3&utm_medium=api_v3_business_search&utm_source=tzi52j1y9497qJtBsFV1mg,1,1477 Broad St,Providence,RI,2905,(401) 784-8960,1477 Broad St,3
41.78139114,-71.44221497,bank,Bank of America,https://www.yelp.com/biz/bank-of-america-cranston-2?adjust_creative=tzi52j1y9497qJtBsFV1mg&utm_campaign=yelp_api_v3&utm_medium=api_v3_business_search&utm_source=tzi52j1y9497qJtBsFV1mg,2,1000 Park Ave,Cranston,RI,2910,(800) 432-1000,1000 Park Ave,5
41.864424,-71.450724,bank,Bank of America,https://www.yelp.com/biz/bank-of-america-north-providence?adjust_creative=tzi52j1y9497qJtBsFV1mg&utm_campaign=yelp_api_v3&utm_medium=api_v3_business_search&utm_source=tzi52j1y9497qJtBsFV1mg,2.5,1625 Mineral Spring Ave,North Providence,RI,2904,(800) 432-1000,1625 Mineral Spring Ave,6
41.820976,-71.412689,bank,Home Loan & Investment Bank,https://www.yelp.com/biz/home-loan-and-investment-bank-providence?adjust_creative=tzi52j1y9497qJtBsFV1mg&utm_campaign=yelp_api_v3&utm_medium=api_v3_business_search&utm_source=tzi52j1y9497qJtBsFV1mg,1.5,244 Weybosset St,Providence,RI,2903,(401) 272-5100,244 Weybosset St,3
41.78712,-71.40292,bank,Bank of America,https://www.yelp.com/biz/bank-of-america-providence-4?adjust_creative=tzi52j1y9497qJtBsFV1mg&utm_campaign=yelp_api_v3&utm_medium=api_v3_business_search&utm_source=tzi52j1y9497qJtBsFV1mg,1.5,1473 Broad St,Providence,RI,2905,(800) 432-1000,1473 Broad St,4
41.82430901,-71.34169235,bank,Santander Bank,https://www.yelp.com/biz/santander-bank-seekonk?adjust_creative=tzi52j1y9497qJtBsFV1mg&utm_campaign=yelp_api_v3&utm_medium=api_v3_business_search&utm_source=tzi52j1y9497qJtBsFV1mg,3,130 Taunton Ave,Seekonk,MA,2771,(508) 336-2000,130 Taunton Ave,3
41.88364,-71.352252,bank,Wave Federal Credit Union,https://www.yelp.com/biz/wave-federal-credit-union-pawtucket-2?adjust_creative=tzi52j1y9497qJtBsFV1mg&utm_campaign=yelp_api_v3&utm_medium=api_v3_business_search&utm_source=tzi52j1y9497qJtBsFV1mg,5,1027 Newport Ave,Pawtucket,RI,2861,(401) 723-5202,1027 Newport Ave,1
41.84623,-71.41296,bank,Citizens Bank,https://www.yelp.com/biz/citizens-bank-providence?adjust_creative=tzi52j1y9497qJtBsFV1mg&utm_campaign=yelp_api_v3&utm_medium=api_v3_business_search&utm_source=tzi52j1y9497qJtBsFV1mg,2,333 W River St,Providence,RI,2904,(401) 861-0091,333 W River St,6
41.8166189,-71.4182655,bank,Platinum Tax & Accounting Services,https://www.yelp.com/biz/platinum-tax-and-accounting-services-providence?adjust_creative=tzi52j1y9497qJtBsFV1mg&utm_campaign=yelp_api_v3&utm_medium=api_v3_business_search&utm_source=tzi52j1y9497qJtBsFV1mg,5,190 Broad St,Providence,RI,2903,(401) 273-2100,190 Broad St,3
41.78309631,-71.47385406,bank,Bank of America,https://www.yelp.com/biz/bank-of-america-cranston?adjust_creative=tzi52j1y9497qJtBsFV1mg&utm_campaign=yelp_api_v3&utm_medium=api_v3_business_search&utm_source=tzi52j1y9497qJtBsFV1mg,5,260 Atwood Ave,Cranston,RI,2920,(800) 432-1000,260 Atwood Ave,1
41.87547684,-71.41452026,bank,Bank Rhode Island,https://www.yelp.com/biz/bank-rhode-island-pawtucket?adjust_creative=tzi52j1y9497qJtBsFV1mg&utm_campaign=yelp_api_v3&utm_medium=api_v3_business_search&utm_source=tzi52j1y9497qJtBsFV1mg,4,499 Smithfield Ave,Pawtucket,RI,2860,(401) 721-0751,499 Smithfield Ave,1
41.8233218,-71.4986333,bank,Bank of America,https://www.yelp.com/biz/bank-of-america-johnston?adjust_creative=tzi52j1y9497qJtBsFV1mg&utm_campaign=yelp_api_v3&utm_medium=api_v3_business_search&utm_source=tzi52j1y9497qJtBsFV1mg,4.5,1491 Atwood Ave,Johnston,RI,2919,(800) 432-1000,1491 Atwood Ave,4
41.7955799,-71.4432696,bank,Citizen's Bank,https://www.yelp.com/biz/citizens-bank-cranston-2?adjust_creative=tzi52j1y9497qJtBsFV1mg&utm_campaign=yelp_api_v3&utm_medium=api_v3_business_search&utm_source=tzi52j1y9497qJtBsFV1mg,3.5,204 Garfield Ave,Cranston,RI,2920,(401) 270-5024,204 Garfield Ave,3
41.83369827,-71.46737671,bank,Citizens Bank,https://www.yelp.com/biz/citizens-bank-providence-7?adjust_creative=tzi52j1y9497qJtBsFV1mg&utm_campaign=yelp_api_v3&utm_medium=api_v3_business_search&utm_source=tzi52j1y9497qJtBsFV1mg,1,850 Manton Ave,Providence,RI,2909,(401) 453-2803,850 Manton Ave,2
41.822399,-71.354278,bank,Citizens Bank,https://www.yelp.com/biz/citizens-bank-east-providence?adjust_creative=tzi52j1y9497qJtBsFV1mg&utm_campaign=yelp_api_v3&utm_medium=api_v3_business_search&utm_source=tzi52j1y9497qJtBsFV1mg,2,622 Taunton Ave,East Providence,RI,2914,(401) 438-1368,622 Taunton Ave,5
41.854183,-71.471649,bank,Citizens Bank,https://www.yelp.com/biz/citizens-bank-north-providence-2?adjust_creative=tzi52j1y9497qJtBsFV1mg&utm_campaign=yelp_api_v3&utm_medium=api_v3_business_search&utm_source=tzi52j1y9497qJtBsFV1mg,2,1798 Smith St,North Providence,RI,2911,(401) 354-7922,1798 Smith St,5
41.81965256,-71.46838379,bank,Citizens Bank,https://www.yelp.com/biz/citizens-bank-providence-13?adjust_creative=tzi52j1y9497qJtBsFV1mg&utm_campaign=yelp_api_v3&utm_medium=api_v3_business_search&utm_source=tzi52j1y9497qJtBsFV1mg,1.5,700 Hartford Ave,Providence,RI,2909,(401) 272-7701,700 Hartford Ave,4
41.78930283,-71.50112152,bank,Citizens Bank,https://www.yelp.com/biz/citizens-bank-cranston-5?adjust_creative=tzi52j1y9497qJtBsFV1mg&utm_campaign=yelp_api_v3&utm_medium=api_v3_business_search&utm_source=tzi52j1y9497qJtBsFV1mg,1,1850 Plainfield Pike,Cranston,RI,2921,(401) 275-6480,1850 Plainfield Pike,1
41.76530555,-71.39078222,bank,Citizens Bank,https://www.yelp.com/biz/citizens-bank-cranston-4?adjust_creative=tzi52j1y9497qJtBsFV1mg&utm_campaign=yelp_api_v3&utm_medium=api_v3_business_search&utm_source=tzi52j1y9497qJtBsFV1mg,3.5,2191 Broad St,Cranston,RI,2905,(401) 784-8955,2191 Broad St,5
41.86421724,-71.44998118,bank,Pawtucket Credit Union,https://www.yelp.com/biz/pawtucket-credit-union-north-providence-2?adjust_creative=tzi52j1y9497qJtBsFV1mg&utm_campaign=yelp_api_v3&utm_medium=api_v3_business_search&utm_source=tzi52j1y9497qJtBsFV1mg,2,1617 Mineral Spring Ave,North Providence,RI,2904,,1617 Mineral Spring Ave,5
41.89089203,-71.34079742,bank,Pawtucket Credit Union,https://www.yelp.com/biz/pawtucket-credit-union-pawtucket-2?adjust_creative=tzi52j1y9497qJtBsFV1mg&utm_campaign=yelp_api_v3&utm_medium=api_v3_business_search&utm_source=tzi52j1y9497qJtBsFV1mg,1.5,1200 Central Ave,Pawtucket,RI,2861,(401) 722-2212,1200 Central Ave,40
41.88831329,-71.37465668,bank,Pawtucket Credit Union,https://www.yelp.com/biz/pawtucket-credit-union-pawtucket-3?adjust_creative=tzi52j1y9497qJtBsFV1mg&utm_campaign=yelp_api_v3&utm_medium=api_v3_business_search&utm_source=tzi52j1y9497qJtBsFV1mg,1,540 Broadway,Pawtucket,RI,2860,(401) 727-6990,540 Broadway,1
41.79600932,-71.4258238,bank,Shannon Motors Providence,https://www.yelp.com/biz/shannon-motors-providence-providence?adjust_creative=tzi52j1y9497qJtBsFV1mg&utm_campaign=yelp_api_v3&utm_medium=api_v3_business_search&utm_source=tzi52j1y9497qJtBsFV1mg,2,40 Reservoir Ave,Providence,RI,2907,(401) 941-8000,40 Reservoir Ave,4
41.78184,-71.44401,bank,Citizens Bank,https://www.yelp.com/biz/citizens-bank-cranston?adjust_creative=tzi52j1y9497qJtBsFV1mg&utm_campaign=yelp_api_v3&utm_medium=api_v3_business_search&utm_source=tzi52j1y9497qJtBsFV1mg,1,1030 Park Ave,Cranston,RI,2910,(401) 275-6474,1030 Park Ave,2
41.85035,-71.3546,bank,Pawtucket Credit Union,https://www.yelp.com/biz/pawtucket-credit-union-rumford?adjust_creative=tzi52j1y9497qJtBsFV1mg&utm_campaign=yelp_api_v3&utm_medium=api_v3_business_search&utm_source=tzi52j1y9497qJtBsFV1mg,1,339 Newport Ave,Rumford,RI,2916,(401) 722-2212,339 Newport Ave,1
41.780624,-71.472804,bank,TD Bank,https://www.yelp.com/biz/td-bank-cranston?adjust_creative=tzi52j1y9497qJtBsFV1mg&utm_campaign=yelp_api_v3&utm_medium=api_v3_business_search&utm_source=tzi52j1y9497qJtBsFV1mg,2.5,178 Phenix Ave,Cranston,RI,2920,(401) 275-5970,178 Phenix Ave,3
41.8237632,-71.4134654,bank,Rhode Island Housing & Mortgage Finance,https://www.yelp.com/biz/rhode-island-housing-and-mortgage-finance-providence?adjust_creative=tzi52j1y9497qJtBsFV1mg&utm_campaign=yelp_api_v3&utm_medium=api_v3_business_search&utm_source=tzi52j1y9497qJtBsFV1mg,2,44 Washington St,Providence,RI,2903,(401) 243-0016,44 Washington St,11
41.81185,-71.43073,bank,Monimen,https://www.yelp.com/biz/monimen-providence?adjust_creative=tzi52j1y9497qJtBsFV1mg&utm_campaign=yelp_api_v3&utm_medium=api_v3_business_search&utm_source=tzi52j1y9497qJtBsFV1mg,3.5,370 Cranston St,Providence,RI,2907,(401) 331-6664,370 Cranston St,4
41.76460266,-71.45874786,bank,Citizens Bank,https://www.yelp.com/biz/citizens-bank-cranston-7?adjust_creative=tzi52j1y9497qJtBsFV1mg&utm_campaign=yelp_api_v3&utm_medium=api_v3_business_search&utm_source=tzi52j1y9497qJtBsFV1mg,2.5,5 Garden City Dr,Cranston,RI,2920,(401) 275-6475,5 Garden City Dr,3
41.867683,-71.387372,bank,Citizens Bank,https://www.yelp.com/biz/citizens-bank-pawtucket?adjust_creative=tzi52j1y9497qJtBsFV1mg&utm_campaign=yelp_api_v3&utm_medium=api_v3_business_search&utm_source=tzi52j1y9497qJtBsFV1mg,2,409 East Ave,Pawtucket,RI,2860,(401) 722-7065,409 East Ave,3
41.82394,-71.41105,bank,Piccerelli Gilstein & Company,https://www.yelp.com/biz/piccerelli-gilstein-and-company-providence-3?adjust_creative=tzi52j1y9497qJtBsFV1mg&utm_campaign=yelp_api_v3&utm_medium=api_v3_business_search&utm_source=tzi52j1y9497qJtBsFV1mg,1,144 Westminster St,Providence,RI,2903,(401) 831-0200,144 Westminster St,1
41.76046,-71.34187,bank,Citizens Bank,https://www.yelp.com/biz/citizens-bank-riverside-2?adjust_creative=tzi52j1y9497qJtBsFV1mg&utm_campaign=yelp_api_v3&utm_medium=api_v3_business_search&utm_source=tzi52j1y9497qJtBsFV1mg,1,1086 Willett Ave,Riverside,RI,2915,(401) 437-1425,1086 Willett Ave,1
41.85185623,-71.35470581,bank,Citizens Bank,https://www.yelp.com/biz/citizens-bank-rumford?adjust_creative=tzi52j1y9497qJtBsFV1mg&utm_campaign=yelp_api_v3&utm_medium=api_v3_business_search&utm_source=tzi52j1y9497qJtBsFV1mg,1,275 Newport Ave,Rumford,RI,2916,(401) 431-1100,275 Newport Ave,2
41.83606149,-71.4201758,bank,Check 'n Go,https://www.yelp.com/biz/check-n-go-providence?adjust_creative=tzi52j1y9497qJtBsFV1mg&utm_campaign=yelp_api_v3&utm_medium=api_v3_business_search&utm_source=tzi52j1y9497qJtBsFV1mg,1,112 Douglas Ave,Providence,RI,2908,(401) 274-0653,112 Douglas Ave,2
41.867153,-71.428642,bank,Citizens Bank,https://www.yelp.com/biz/citizens-bank-north-providence-3?adjust_creative=tzi52j1y9497qJtBsFV1mg&utm_campaign=yelp_api_v3&utm_medium=api_v3_business_search&utm_source=tzi52j1y9497qJtBsFV1mg,1,1128 Mineral Spring Ave,North Providence,RI,2904,(401) 727-0460,1128 Mineral Spring Ave,1
41.889122,-71.399932,bank,Dexter Credit Union,https://www.yelp.com/biz/dexter-credit-union-central-falls?adjust_creative=tzi52j1y9497qJtBsFV1mg&utm_campaign=yelp_api_v3&utm_medium=api_v3_business_search&utm_source=tzi52j1y9497qJtBsFV1mg,2,934 Dexter St,Central Falls,RI,2863,(401) 724-6200,934 Dexter St,4
41.865124,-71.3541042,bank,Seacoast Mortgage,https://www.yelp.com/biz/seacoast-mortgage-pawtucket?adjust_creative=tzi52j1y9497qJtBsFV1mg&utm_campaign=yelp_api_v3&utm_medium=api_v3_business_search&utm_source=tzi52j1y9497qJtBsFV1mg,5,267 Newport Ave,Pawtucket,RI,2861,(401) 475-1600,267 Newport Ave,7
41.79534912,-71.41065979,bank,Las Americas,https://www.yelp.com/biz/las-americas-providence?adjust_creative=tzi52j1y9497qJtBsFV1mg&utm_campaign=yelp_api_v3&utm_medium=api_v3_business_search&utm_source=tzi52j1y9497qJtBsFV1mg,1,1112 Broad St,Providence,RI,2905,(401) 785-4321,1112 Broad St,1
41.76530555,-71.39078222,bank,Citizen's Bank,https://www.yelp.com/biz/citizens-bank-cranston-10?adjust_creative=tzi52j1y9497qJtBsFV1mg&utm_campaign=yelp_api_v3&utm_medium=api_v3_business_search&utm_source=tzi52j1y9497qJtBsFV1mg,3.5,2191 Broad St,Cranston,RI,2905,(401) 784-8955,2191 Broad St,4
41.759405,-71.4588949,bank,Bank of America,https://www.yelp.com/biz/bank-of-america-cranston-3?adjust_creative=tzi52j1y9497qJtBsFV1mg&utm_campaign=yelp_api_v3&utm_medium=api_v3_business_search&utm_source=tzi52j1y9497qJtBsFV1mg,1.5,201 Hillside Rd,Cranston,RI,2920,(401) 464-6762,201 Hillside Rd,2
41.86937341,-71.42583182,bank,Citizens Bank,https://www.yelp.com/biz/citizens-bank-north-providence-4?adjust_creative=tzi52j1y9497qJtBsFV1mg&utm_campaign=yelp_api_v3&utm_medium=api_v3_business_search&utm_source=tzi52j1y9497qJtBsFV1mg,2,1090 Charles St,North Providence,RI,2904,(401) 728-6001,1090 Charles St,3
41.86018372,-71.35274506,bank,Citizens Bank,https://www.yelp.com/biz/citizens-bank-pawtucket-4?adjust_creative=tzi52j1y9497qJtBsFV1mg&utm_campaign=yelp_api_v3&utm_medium=api_v3_business_search&utm_source=tzi52j1y9497qJtBsFV1mg,1,675 Beverage Hill Ave,Pawtucket,RI,2861,(401) 726-0124,675 Beverage Hill Ave,1
41.888995,-71.331622,bank,Webster Bank,https://www.yelp.com/biz/webster-bank-seekonk?adjust_creative=tzi52j1y9497qJtBsFV1mg&utm_campaign=yelp_api_v3&utm_medium=api_v3_business_search&utm_source=tzi52j1y9497qJtBsFV1mg,2.5,1519 Newman Ave,Seekonk,MA,2771,(508) 761-8342,1519 Newman Ave,3
41.87775803,-71.35472107,bank,Citizens Bank,https://www.yelp.com/biz/citizens-bank-pawtucket-2?adjust_creative=tzi52j1y9497qJtBsFV1mg&utm_campaign=yelp_api_v3&utm_medium=api_v3_business_search&utm_source=tzi52j1y9497qJtBsFV1mg,4,800 Newport Ave,Pawtucket,RI,2861,(401) 723-2010,800 Newport Ave,1
41.81439083,-71.42318437,bank,Capital Good Fund,https://www.yelp.com/biz/capital-good-fund-providence?adjust_creative=tzi52j1y9497qJtBsFV1mg&utm_campaign=yelp_api_v3&utm_medium=api_v3_business_search&utm_source=tzi52j1y9497qJtBsFV1mg,3,22 A St,Providence,RI,2907,(866) 584-3651,22 A St,3
41.82507324,-71.50278473,bank,Citizens Bank,https://www.yelp.com/biz/citizens-bank-johnston-2?adjust_creative=tzi52j1y9497qJtBsFV1mg&utm_campaign=yelp_api_v3&utm_medium=api_v3_business_search&utm_source=tzi52j1y9497qJtBsFV1mg,2,1495 Hartford Ave,Johnston,RI,2919,(401) 455-5899,1495 Hartford Ave,3
41.77131,-71.43619,bank,Rhode Island Credit Union,https://www.yelp.com/biz/rhode-island-credit-union-cranston?adjust_creative=tzi52j1y9497qJtBsFV1mg&utm_campaign=yelp_api_v3&utm_medium=api_v3_business_search&utm_source=tzi52j1y9497qJtBsFV1mg,1.5,570 Pontiac Ave,Cranston,RI,2910,(401) 941-8770,570 Pontiac Ave,3
41.7816891,-71.4432052,bank,Capuano Insurance,https://www.yelp.com/biz/capuano-insurance-cranston-2?adjust_creative=tzi52j1y9497qJtBsFV1mg&utm_campaign=yelp_api_v3&utm_medium=api_v3_business_search&utm_source=tzi52j1y9497qJtBsFV1mg,5,1020 Park Ave,Cranston,RI,2910,(401) 943-0550,1020 Park Ave,2
41.8794918,-71.3543649,bank,Fastcash Pawn & Checkcashers,https://www.yelp.com/biz/fastcash-pawn-and-checkcashers-pawtucket?adjust_creative=tzi52j1y9497qJtBsFV1mg&utm_campaign=yelp_api_v3&utm_medium=api_v3_business_search&utm_source=tzi52j1y9497qJtBsFV1mg,4.5,848 Newport Ave,Pawtucket,RI,2861,(401) 722-1113,848 Newport Ave,15
41.82334,-71.348552,bank,PreOwned Factory,https://www.yelp.com/biz/preowned-factory-east-providence?adjust_creative=tzi52j1y9497qJtBsFV1mg&utm_campaign=yelp_api_v3&utm_medium=api_v3_business_search&utm_source=tzi52j1y9497qJtBsFV1mg,1,854 Taunton Ave,East Providence,RI,2914,(401) 438-7900,854 Taunton Ave,7
41.8308528,-71.4736847,bank,Shannon Motors,https://www.yelp.com/biz/shannon-motors-johnston-2?adjust_creative=tzi52j1y9497qJtBsFV1mg&utm_campaign=yelp_api_v3&utm_medium=api_v3_business_search&utm_source=tzi52j1y9497qJtBsFV1mg,2.5,648 Killingly St,Johnston,RI,2919,(401) 273-0110,648 Killingly St,21
41.9002,-71.36852,bank,J.D. Byrider,https://www.yelp.com/biz/j-d-byrider-s-attleboro?adjust_creative=tzi52j1y9497qJtBsFV1mg&utm_campaign=yelp_api_v3&utm_medium=api_v3_business_search&utm_source=tzi52j1y9497qJtBsFV1mg,2,957 Washington St,S Attleboro,MA,2703,(508) 761-1111,957 Washington St,9
41.82372614,-71.499734,bank,Check 'n Go,https://www.yelp.com/biz/check-n-go-johnston?adjust_creative=tzi52j1y9497qJtBsFV1mg&utm_campaign=yelp_api_v3&utm_medium=api_v3_business_search&utm_source=tzi52j1y9497qJtBsFV1mg,1.5,1426 Hartford Ave,Johnston,RI,2919,(401) 276-9107,1426 Hartford Ave,5
41.86969665,-71.42101943,bank,Allstate Insurance: Natalia Furtado,https://www.yelp.com/biz/allstate-insurance-natalia-furtado-north-providence-2?adjust_creative=tzi52j1y9497qJtBsFV1mg&utm_campaign=yelp_api_v3&utm_medium=api_v3_business_search&utm_source=tzi52j1y9497qJtBsFV1mg,1,959 Mineral Spring Ave,North Providence,RI,2904,(401) 722-4022,959 Mineral Spring Ave,1
41.87786,-71.38534,bank,Narragansett Bay Ins,https://www.yelp.com/biz/narragansett-bay-ins-pawtucket?adjust_creative=tzi52j1y9497qJtBsFV1mg&utm_campaign=yelp_api_v3&utm_medium=api_v3_business_search&utm_source=tzi52j1y9497qJtBsFV1mg,1,25 Maple St,Pawtucket,RI,2860,(401) 725-5600,25 Maple St,2
41.80970383,-71.48635864,bank,Ri Automobile Insurance Service Center,https://www.yelp.com/biz/ri-automobile-insurance-service-center-johnston?adjust_creative=tzi52j1y9497qJtBsFV1mg&utm_campaign=yelp_api_v3&utm_medium=api_v3_business_search&utm_source=tzi52j1y9497qJtBsFV1mg,1,302 Central Ave,Johnston,RI,2919,(401) 946-2600,302 Central Ave,3
41.812491,-71.489222,bank,Narragansett Bay Insurance Company,https://www.yelp.com/biz/narragansett-bay-insurance-company-johnston?adjust_creative=tzi52j1y9497qJtBsFV1mg&utm_campaign=yelp_api_v3&utm_medium=api_v3_business_search&utm_source=tzi52j1y9497qJtBsFV1mg,1.5,1301 Atwood Ave,Johnston,RI,2919,(800) 343-3375,1301 Atwood Ave,23
