41.83914566,-71.43466187,landscaping,Gonzalez Landscaping,https://www.yelp.com/biz/gonzalez-landscaping-providence-5?adjust_creative=tzi52j1y9497qJtBsFV1mg&utm_campaign=yelp_api_v3&utm_medium=api_v3_business_search&utm_source=tzi52j1y9497qJtBsFV1mg,4.5,None,Providence,RI,2908,(401) 744-0589,None,13
41.81712723,-71.44672394,landscaping,City & Estate Gardener,https://www.yelp.com/biz/city-and-estate-gardener-providence?adjust_creative=tzi52j1y9497qJtBsFV1mg&utm_campaign=yelp_api_v3&utm_medium=api_v3_business_search&utm_source=tzi52j1y9497qJtBsFV1mg,4.5,,Providence,RI,2909,(401) 935-2312,,8
41.70310974,-71.45219421,landscaping,Dessaint Landscaping,https://www.yelp.com/biz/dessaint-landscaping-warwick?adjust_creative=tzi52j1y9497qJtBsFV1mg&utm_campaign=yelp_api_v3&utm_medium=api_v3_business_search&utm_source=tzi52j1y9497qJtBsFV1mg,5,None,Warwick,RI,2886,(401) 354-9446,None,1
41.8269,-71.45124,landscaping,Alejandro's tree services,https://www.yelp.com/biz/alejandros-tree-services-north-providence?adjust_creative=tzi52j1y9497qJtBsFV1mg&utm_campaign=yelp_api_v3&utm_medium=api_v3_business_search&utm_source=tzi52j1y9497qJtBsFV1mg,5,53 Leah St,North Providence,RI,2908,(401) 369-5653,53 Leah St,2
41.81541,-71.36522,landscaping,Mendonca Bros. Landscaping,https://www.yelp.com/biz/mendonca-bros-landscaping-east-providence?adjust_creative=tzi52j1y9497qJtBsFV1mg&utm_campaign=yelp_api_v3&utm_medium=api_v3_business_search&utm_source=tzi52j1y9497qJtBsFV1mg,5,,East Providence,RI,2914,(508) 493-9667,,3
41.81713,-71.44672,landscaping,New Dawn Landscaping and construction,https://www.yelp.com/biz/new-dawn-landscaping-and-construction-providence?adjust_creative=tzi52j1y9497qJtBsFV1mg&utm_campaign=yelp_api_v3&utm_medium=api_v3_business_search&utm_source=tzi52j1y9497qJtBsFV1mg,5,,Providence,RI,2909,(401) 415-5735,,1
41.86225,-71.562381,landscaping,Pristine Lawn Care,https://www.yelp.com/biz/pristine-lawn-care-greenville-2?adjust_creative=tzi52j1y9497qJtBsFV1mg&utm_campaign=yelp_api_v3&utm_medium=api_v3_business_search&utm_source=tzi52j1y9497qJtBsFV1mg,5,None,Greenville,RI,2828,(401) 719-6984,None,1
41.87368082,-71.55342732,landscaping,R & K Pro Landscaping,https://www.yelp.com/biz/r-and-k-pro-landscaping-greenville-2?adjust_creative=tzi52j1y9497qJtBsFV1mg&utm_campaign=yelp_api_v3&utm_medium=api_v3_business_search&utm_source=tzi52j1y9497qJtBsFV1mg,5,7 Austin Ave,Greenville,RI,2828,(401) 863-0350,7 Austin Ave,1
41.752342,-71.460153,landscaping,J&G Masonry,https://www.yelp.com/biz/j-and-g-masonry-cranston?adjust_creative=tzi52j1y9497qJtBsFV1mg&utm_campaign=yelp_api_v3&utm_medium=api_v3_business_search&utm_source=tzi52j1y9497qJtBsFV1mg,4,None,Cranston,RI,2920,(401) 477-4525,None,18
41.43867,-71.49495,landscaping,Clark & Company Complete Landscape Maintenance,https://www.yelp.com/biz/clark-and-company-complete-landscape-maintenance-wakefield-6?adjust_creative=tzi52j1y9497qJtBsFV1mg&utm_campaign=yelp_api_v3&utm_medium=api_v3_business_search&utm_source=tzi52j1y9497qJtBsFV1mg,4.5,,Wakefield,RI,2879,(401) 871-1675,,3
41.82978821,-71.32518768,landscaping,Nick's Lawn & Landscape,https://www.yelp.com/biz/nicks-lawn-and-landscape-seekonk?adjust_creative=tzi52j1y9497qJtBsFV1mg&utm_campaign=yelp_api_v3&utm_medium=api_v3_business_search&utm_source=tzi52j1y9497qJtBsFV1mg,5,,Seekonk,MA,2771,(508) 989-7229,,2
41.76258087,-71.34117126,landscaping,LD's Lawn Service,https://www.yelp.com/biz/lds-lawn-service-riverside?adjust_creative=tzi52j1y9497qJtBsFV1mg&utm_campaign=yelp_api_v3&utm_medium=api_v3_business_search&utm_source=tzi52j1y9497qJtBsFV1mg,5,9 Plaza Dr,Riverside,RI,2915,(401) 465-1195,9 Plaza Dr,2
41.8969639,-71.629537,landscaping,Northern Landscape,https://www.yelp.com/biz/northern-landscape-chepachet?adjust_creative=tzi52j1y9497qJtBsFV1mg&utm_campaign=yelp_api_v3&utm_medium=api_v3_business_search&utm_source=tzi52j1y9497qJtBsFV1mg,5,600 Putnam Pike,Chepachet,RI,2814,(401) 309-6601,600 Putnam Pike,2
42.00232,-71.51284,landscaping,OCD Landscaping,https://www.yelp.com/biz/ocd-landscaping-woonsocket?adjust_creative=tzi52j1y9497qJtBsFV1mg&utm_campaign=yelp_api_v3&utm_medium=api_v3_business_search&utm_source=tzi52j1y9497qJtBsFV1mg,5,,Woonsocket,RI,2895,(401) 654-7437,,1
41.555874,-71.129603,landscaping,Helger Bros Tree Service,https://www.yelp.com/biz/helger-bros-tree-service-little-compton?adjust_creative=tzi52j1y9497qJtBsFV1mg&utm_campaign=yelp_api_v3&utm_medium=api_v3_business_search&utm_source=tzi52j1y9497qJtBsFV1mg,5,65 Crandall Rd,Little Compton,RI,2837,(774) 292-9961,65 Crandall Rd,1
41.800921,-71.450685,landscaping,Northscapes,https://www.yelp.com/biz/northscapes-cranston-4?adjust_creative=tzi52j1y9497qJtBsFV1mg&utm_campaign=yelp_api_v3&utm_medium=api_v3_business_search&utm_source=tzi52j1y9497qJtBsFV1mg,5,57 Browne St,Cranston,RI,2920,(401) 241-1062,57 Browne St,1
41.80788,-71.45202,landscaping,Gutierrez Landscaping I,https://www.yelp.com/biz/gutierrez-landscaping-i-providence?adjust_creative=tzi52j1y9497qJtBsFV1mg&utm_campaign=yelp_api_v3&utm_medium=api_v3_business_search&utm_source=tzi52j1y9497qJtBsFV1mg,5,49 Terrace Ave,Providence,RI,2909,(401) 241-3532,49 Terrace Ave,1
41.773559,-71.2743,landscaping,Redwood Nursery & Garden Center,https://www.yelp.com/biz/redwood-nursery-and-garden-center-swansea?adjust_creative=tzi52j1y9497qJtBsFV1mg&utm_campaign=yelp_api_v3&utm_medium=api_v3_business_search&utm_source=tzi52j1y9497qJtBsFV1mg,4,2664 Grand Army Hwy Rte 6,Swansea,MA,2777,(508) 379-0081,2664 Grand Army Hwy Rte 6,13
41.84739,-71.43727,landscaping,Dicenzo Inc,https://www.yelp.com/biz/dicenzo-inc-providence-9?adjust_creative=tzi52j1y9497qJtBsFV1mg&utm_campaign=yelp_api_v3&utm_medium=api_v3_business_search&utm_source=tzi52j1y9497qJtBsFV1mg,5,65 Cumberland St,Providence,RI,2908,(401) 282-9675,65 Cumberland St,1
41.824002,-71.4118,landscaping,Lawn Love Lawn Care,https://www.yelp.com/biz/lawn-love-lawn-care-providence?adjust_creative=tzi52j1y9497qJtBsFV1mg&utm_campaign=yelp_api_v3&utm_medium=api_v3_business_search&utm_source=tzi52j1y9497qJtBsFV1mg,3,10 Dorrance St,Providence,RI,2903,(401) 519-9194,10 Dorrance St,5
41.86925,-71.39228,landscaping,New Era Masonry and Construction,https://www.yelp.com/biz/new-era-masonry-and-construction-pawtucket?adjust_creative=tzi52j1y9497qJtBsFV1mg&utm_campaign=yelp_api_v3&utm_medium=api_v3_business_search&utm_source=tzi52j1y9497qJtBsFV1mg,5,None,Pawtucket,RI,2860,(401) 595-6769,None,2
41.8049321,-71.4876839,landscaping,Sitescapes,https://www.yelp.com/biz/sitescapes-johnston?adjust_creative=tzi52j1y9497qJtBsFV1mg&utm_campaign=yelp_api_v3&utm_medium=api_v3_business_search&utm_source=tzi52j1y9497qJtBsFV1mg,2.5,300 Morgan Ave,Johnston,RI,2919,(401) 658-0200,300 Morgan Ave,8
41.808572,-71.4524534,landscaping,The Best Never Rest Landscaping,https://www.yelp.com/biz/the-best-never-rest-landscaping-providence?adjust_creative=tzi52j1y9497qJtBsFV1mg&utm_campaign=yelp_api_v3&utm_medium=api_v3_business_search&utm_source=tzi52j1y9497qJtBsFV1mg,5,29 Terrace Ave,Providence,RI,2909,(401) 419-1547,29 Terrace Ave,1
41.838358,-71.408502,landscaping,Green Environment Landscaping,https://www.yelp.com/biz/green-environment-landscaping-and-snow-providence-3?adjust_creative=tzi52j1y9497qJtBsFV1mg&utm_campaign=yelp_api_v3&utm_medium=api_v3_business_search&utm_source=tzi52j1y9497qJtBsFV1mg,4,7 Doyle Ave,Providence,RI,2906,(401) 215-3663,7 Doyle Ave,4
42.06761,-71.31425,landscaping,Fenway Landscaping,https://www.yelp.com/biz/fenway-landscaping-wrentham?adjust_creative=tzi52j1y9497qJtBsFV1mg&utm_campaign=yelp_api_v3&utm_medium=api_v3_business_search&utm_source=tzi52j1y9497qJtBsFV1mg,5,25 Trafalgar Square,Wrentham,MA,2093,(508) 962-7744,25 Trafalgar Square,6
41.933829,-71.429254,landscaping,The Other Side Landscaping & Disposal,https://www.yelp.com/biz/the-other-side-landscaping-and-disposal-cumberland-2?adjust_creative=tzi52j1y9497qJtBsFV1mg&utm_campaign=yelp_api_v3&utm_medium=api_v3_business_search&utm_source=tzi52j1y9497qJtBsFV1mg,5,17 Ashton Pkwy,Cumberland,RI,2864,(401) 722-3616,17 Ashton Pkwy,4
41.7798226,-71.4372796,landscaping,Mario's Landscaping,https://www.yelp.com/biz/marios-landscaping-cranston?adjust_creative=tzi52j1y9497qJtBsFV1mg&utm_campaign=yelp_api_v3&utm_medium=api_v3_business_search&utm_source=tzi52j1y9497qJtBsFV1mg,2,,Cranston,RI,2920,(401) 230-8110,,6
41.8344,-71.48736,landscaping,M&B Lang'scaping,https://www.yelp.com/biz/m-and-b-langscaping-johnston-2?adjust_creative=tzi52j1y9497qJtBsFV1mg&utm_campaign=yelp_api_v3&utm_medium=api_v3_business_search&utm_source=tzi52j1y9497qJtBsFV1mg,5,50 Union Ave,Johnston,RI,2919,(401) 626-2335,50 Union Ave,1
41.915761,-71.549247,landscaping,Complete Irrigation Services,https://www.yelp.com/biz/complete-irrigation-services-smithfield?adjust_creative=tzi52j1y9497qJtBsFV1mg&utm_campaign=yelp_api_v3&utm_medium=api_v3_business_search&utm_source=tzi52j1y9497qJtBsFV1mg,5,3 Industrial Dr,Smithfield,RI,2917,(401) 232-7400,3 Industrial Dr,2
41.7649134,-70.9517056,landscaping,M.A.G Irrigation,https://www.yelp.com/biz/m-a-g-irrigation-east-freetown?adjust_creative=tzi52j1y9497qJtBsFV1mg&utm_campaign=yelp_api_v3&utm_medium=api_v3_business_search&utm_source=tzi52j1y9497qJtBsFV1mg,5,123 County Rd,East Freetown,MA,2717,(508) 763-8828,123 County Rd,1
41.84439087,-71.24318695,landscaping,Live Earth New England,https://www.yelp.com/biz/live-earth-new-england-rehoboth-2?adjust_creative=tzi52j1y9497qJtBsFV1mg&utm_campaign=yelp_api_v3&utm_medium=api_v3_business_search&utm_source=tzi52j1y9497qJtBsFV1mg,5,,Rehoboth,MA,2769,(508) 252-9323,,1
41.861888,-71.491851,landscaping,Reyes Landscaping & Maintenance,https://www.yelp.com/biz/reyes-landscaping-and-maintenance-johnston?adjust_creative=tzi52j1y9497qJtBsFV1mg&utm_campaign=yelp_api_v3&utm_medium=api_v3_business_search&utm_source=tzi52j1y9497qJtBsFV1mg,5,75 Putnam Pike,Johnston,RI,2919,(401) 865-8445,75 Putnam Pike,1
41.82608306,-71.33127473,landscaping,J & L Landscaping Co,https://www.yelp.com/biz/j-and-l-landscaping-co-seekonk?adjust_creative=tzi52j1y9497qJtBsFV1mg&utm_campaign=yelp_api_v3&utm_medium=api_v3_business_search&utm_source=tzi52j1y9497qJtBsFV1mg,2,363 Taunton Ave,Seekonk,MA,2771,(508) 399-8947,363 Taunton Ave,15
41.84439,-71.24319,landscaping,P & G Irrigation,https://www.yelp.com/biz/p-and-g-irrigation-rehoboth-3?adjust_creative=tzi52j1y9497qJtBsFV1mg&utm_campaign=yelp_api_v3&utm_medium=api_v3_business_search&utm_source=tzi52j1y9497qJtBsFV1mg,4.5,,Rehoboth,MA,2769,(508) 252-9523,,6
41.7673378,-71.466362,landscaping,Anderson Yard Care,https://www.yelp.com/biz/anderson-yard-care-cranston?adjust_creative=tzi52j1y9497qJtBsFV1mg&utm_campaign=yelp_api_v3&utm_medium=api_v3_business_search&utm_source=tzi52j1y9497qJtBsFV1mg,5,,Cranston,RI,2920,(401) 451-6363,,1
41.60343,-71.47782,landscaping,Proscape Landscaping,https://www.yelp.com/biz/proscape-landscaping-north-kingstown?adjust_creative=tzi52j1y9497qJtBsFV1mg&utm_campaign=yelp_api_v3&utm_medium=api_v3_business_search&utm_source=tzi52j1y9497qJtBsFV1mg,1,338 Compass Cir,North Kingstown,RI,2852,(401) 886-7000,338 Compass Cir,2
41.898983,-71.329078,landscaping,Matt's Landscaping,https://www.yelp.com/biz/matts-landscaping-seekonk?adjust_creative=tzi52j1y9497qJtBsFV1mg&utm_campaign=yelp_api_v3&utm_medium=api_v3_business_search&utm_source=tzi52j1y9497qJtBsFV1mg,5,120 Pond St,Seekonk,MA,2771,(508) 226-1859,120 Pond St,1
41.86906815,-71.39208221,landscaping,Above & Beyond Landscape,https://www.yelp.com/biz/above-and-beyond-landscape-pawtucket-2?adjust_creative=tzi52j1y9497qJtBsFV1mg&utm_campaign=yelp_api_v3&utm_medium=api_v3_business_search&utm_source=tzi52j1y9497qJtBsFV1mg,3.5,,Pawtucket,RI,2860,(401) 300-1164,,3
41.83879852,-71.41372681,landscaping,Keen Grounds Maintenance,https://www.yelp.com/biz/keen-grounds-maintenance-providence?adjust_creative=tzi52j1y9497qJtBsFV1mg&utm_campaign=yelp_api_v3&utm_medium=api_v3_business_search&utm_source=tzi52j1y9497qJtBsFV1mg,2,None,Providence,RI,2940,(401) 440-0987,None,1
41.975566,-71.16898093,landscaping,Old Station Outdoor & Landscape Supply,https://www.yelp.com/biz/old-station-outdoor-and-landscape-supply-norton-2?adjust_creative=tzi52j1y9497qJtBsFV1mg&utm_campaign=yelp_api_v3&utm_medium=api_v3_business_search&utm_source=tzi52j1y9497qJtBsFV1mg,5,142 E Main St,Norton,MA,2766,(508) 622-1698,142 E Main St,4
41.5793999,-71.4974437,landscaping,The Terra Verde,https://www.yelp.com/biz/the-terra-verde-north-kingstown?adjust_creative=tzi52j1y9497qJtBsFV1mg&utm_campaign=yelp_api_v3&utm_medium=api_v3_business_search&utm_source=tzi52j1y9497qJtBsFV1mg,5,1130 Ten Rod Rd E304,North Kingstown,RI,2852,(401) 295-2900,1130 Ten Rod Rd E304,1
41.6962336,-71.636786,landscaping,Schwartz Tree Care & Landscaping,https://www.yelp.com/biz/schwartz-tree-care-and-landscaping-coventry-2?adjust_creative=tzi52j1y9497qJtBsFV1mg&utm_campaign=yelp_api_v3&utm_medium=api_v3_business_search&utm_source=tzi52j1y9497qJtBsFV1mg,4.5,,Coventry,RI,2816,(401) 941-4440,,6
41.70180893,-71.59253693,landscaping,All Seasons Lawn Care,https://www.yelp.com/biz/all-seasons-lawn-care-coventry-2?adjust_creative=tzi52j1y9497qJtBsFV1mg&utm_campaign=yelp_api_v3&utm_medium=api_v3_business_search&utm_source=tzi52j1y9497qJtBsFV1mg,3.5,128 Vine St,Coventry,RI,2816,(401) 732-7993,128 Vine St,4
41.81485,-71.37236,landscaping,GreenWorks Lawn Specialists,https://www.yelp.com/biz/greenworks-lawn-specialists-east-providence?adjust_creative=tzi52j1y9497qJtBsFV1mg&utm_campaign=yelp_api_v3&utm_medium=api_v3_business_search&utm_source=tzi52j1y9497qJtBsFV1mg,4,,East Providence,RI,2914,(401) 521-5296,,1
41.816586,-71.458889,landscaping,JRV Construction,https://www.yelp.com/biz/jrv-construction-providence-2?adjust_creative=tzi52j1y9497qJtBsFV1mg&utm_campaign=yelp_api_v3&utm_medium=api_v3_business_search&utm_source=tzi52j1y9497qJtBsFV1mg,2.5,103 1/2 Alverson Ave,Providence,RI,2909,(401) 369-2387,103 1/2 Alverson Ave,2
41.88839,-71.35926,landscaping,Brito Lawn-care,https://www.yelp.com/biz/brito-lawn-care-pawtucket?adjust_creative=tzi52j1y9497qJtBsFV1mg&utm_campaign=yelp_api_v3&utm_medium=api_v3_business_search&utm_source=tzi52j1y9497qJtBsFV1mg,3,,Pawtucket,RI,2861,(401) 724-6457,,2
41.80448914,-71.48884583,landscaping,Central Nurseries,https://www.yelp.com/biz/central-nurseries-johnston-2?adjust_creative=tzi52j1y9497qJtBsFV1mg&utm_campaign=yelp_api_v3&utm_medium=api_v3_business_search&utm_source=tzi52j1y9497qJtBsFV1mg,4,1155 Atwood Ave,Johnston,RI,2919,(401) 942-7511,1155 Atwood Ave,9
41.81516,-71.45549,landscaping,Professional World Fence,https://www.yelp.com/biz/professional-world-fence-providence?adjust_creative=tzi52j1y9497qJtBsFV1mg&utm_campaign=yelp_api_v3&utm_medium=api_v3_business_search&utm_source=tzi52j1y9497qJtBsFV1mg,4,90 Laurel Hill Ave,Providence,RI,2909,(401) 808-4023,90 Laurel Hill Ave,5
41.88503265,-71.48080444,landscaping,Smith's Nursery,https://www.yelp.com/biz/smiths-nursery-smithfield?adjust_creative=tzi52j1y9497qJtBsFV1mg&utm_campaign=yelp_api_v3&utm_medium=api_v3_business_search&utm_source=tzi52j1y9497qJtBsFV1mg,4.5,225 Douglas Pike,Smithfield,RI,2917,(401) 345-3452,225 Douglas Pike,8
41.712907,-71.265175,landscaping,MJ Construction & Landscaping Services,https://www.yelp.com/biz/mj-construction-and-landscaping-services-bristol?adjust_creative=tzi52j1y9497qJtBsFV1mg&utm_campaign=yelp_api_v3&utm_medium=api_v3_business_search&utm_source=tzi52j1y9497qJtBsFV1mg,2.5,6 Matthew Ct,Bristol,RI,2809,(401) 919-0476,6 Matthew Ct,3
41.8984642,-71.33114624,landscaping,CMA Landscapes & Irrigation,https://www.yelp.com/biz/cma-landscapes-and-irrigation-seekonk?adjust_creative=tzi52j1y9497qJtBsFV1mg&utm_campaign=yelp_api_v3&utm_medium=api_v3_business_search&utm_source=tzi52j1y9497qJtBsFV1mg,5,102 Pond St B2,Seekonk,MA,2771,(508) 783-6437,102 Pond St B2,1
41.86992,-71.40843,landscaping,Coastal Care,https://www.yelp.com/biz/coastal-care-pawtucket?adjust_creative=tzi52j1y9497qJtBsFV1mg&utm_campaign=yelp_api_v3&utm_medium=api_v3_business_search&utm_source=tzi52j1y9497qJtBsFV1mg,3,241 Grotto Ave,Pawtucket,RI,2860,(401) 323-1701,241 Grotto Ave,2
41.78175,-71.46723,landscaping,Atlantic Lawn Sprinklers,https://www.yelp.com/biz/atlantic-lawn-sprinklers-cranston?adjust_creative=tzi52j1y9497qJtBsFV1mg&utm_campaign=yelp_api_v3&utm_medium=api_v3_business_search&utm_source=tzi52j1y9497qJtBsFV1mg,3,56 Phenix Ave,Cranston,RI,2920,(401) 944-0954,56 Phenix Ave,2
41.62084,-71.24897,landscaping,Rent Sons,https://www.yelp.com/biz/rent-sons-portsmouth?adjust_creative=tzi52j1y9497qJtBsFV1mg&utm_campaign=yelp_api_v3&utm_medium=api_v3_business_search&utm_source=tzi52j1y9497qJtBsFV1mg,3.5,,Portsmouth,RI,2871,(844) 937-7667,,8
41.820514,-71.413211,landscaping,AJL Contracting and Handyman Services,https://www.yelp.com/biz/ajl-contracting-and-handyman-services-providence-2?adjust_creative=tzi52j1y9497qJtBsFV1mg&utm_campaign=yelp_api_v3&utm_medium=api_v3_business_search&utm_source=tzi52j1y9497qJtBsFV1mg,3,,Providence,RI,2903,(401) 651-2505,,1
41.77853394,-71.43445587,landscaping,Plank & Vine Contractors,https://www.yelp.com/biz/plank-and-vine-contractors-cranston?adjust_creative=tzi52j1y9497qJtBsFV1mg&utm_campaign=yelp_api_v3&utm_medium=api_v3_business_search&utm_source=tzi52j1y9497qJtBsFV1mg,5,,Cranston,RI,2910,(401) 286-2995,,6
42.00220108,-71.51410675,landscaping,Total Asset Solutions,https://www.yelp.com/biz/total-asset-solutions-woonsocket?adjust_creative=tzi52j1y9497qJtBsFV1mg&utm_campaign=yelp_api_v3&utm_medium=api_v3_business_search&utm_source=tzi52j1y9497qJtBsFV1mg,4,,Woonsocket,RI,2895,(401) 419-7116,,8
41.791216,-71.4964495,landscaping,Turf Master,https://www.yelp.com/biz/turf-master-johnston?adjust_creative=tzi52j1y9497qJtBsFV1mg&utm_campaign=yelp_api_v3&utm_medium=api_v3_business_search&utm_source=tzi52j1y9497qJtBsFV1mg,2.5,1703 Plainfield Pike,Johnston,RI,2919,(401) 943-8866,1703 Plainfield Pike,2
42.08181,-71.49405,landscaping,Harris & Company Landscape Design and Construction,https://www.yelp.com/biz/harris-and-company-landscape-design-and-construction-bellingham?adjust_creative=tzi52j1y9497qJtBsFV1mg&utm_campaign=yelp_api_v3&utm_medium=api_v3_business_search&utm_source=tzi52j1y9497qJtBsFV1mg,5,38 Williams Way,Bellingham,MA,2019,(508) 966-9500,38 Williams Way,2
41.70441818,-71.46221161,landscaping,A & R Frontage Care,https://www.yelp.com/biz/a-and-r-frontage-care-warwick-3?adjust_creative=tzi52j1y9497qJtBsFV1mg&utm_campaign=yelp_api_v3&utm_medium=api_v3_business_search&utm_source=tzi52j1y9497qJtBsFV1mg,4.5,,Warwick,RI,2886,(401) 516-6308,,8
41.8441164,-71.5665505,landscaping,Yard Stick Inc.,https://www.yelp.com/biz/yard-stick-inc-johnston-3?adjust_creative=tzi52j1y9497qJtBsFV1mg&utm_campaign=yelp_api_v3&utm_medium=api_v3_business_search&utm_source=tzi52j1y9497qJtBsFV1mg,2.5,25 Hopkins Ave,Johnston,RI,2919,(401) 640-4764,25 Hopkins Ave,15
41.85014,-71.47181,landscaping,D.P. Landscaping,https://www.yelp.com/biz/d-p-landscaping-north-providence?adjust_creative=tzi52j1y9497qJtBsFV1mg&utm_campaign=yelp_api_v3&utm_medium=api_v3_business_search&utm_source=tzi52j1y9497qJtBsFV1mg,4,,North Providence,RI,2911,(401) 486-5829,,1
41.509863,-72.083061,landscaping,E & B Asphalt & Landscaping,https://www.yelp.com/biz/e-and-b-asphalt-and-landscaping-norwich-3?adjust_creative=tzi52j1y9497qJtBsFV1mg&utm_campaign=yelp_api_v3&utm_medium=api_v3_business_search&utm_source=tzi52j1y9497qJtBsFV1mg,4.5,60 Terminal Way,Norwich,CT,6360,(860) 464-7283,60 Terminal Way,2
41.9738789,-71.400637,landscaping,Grassroots of New England,https://www.yelp.com/biz/grassroots-of-new-england-cumberland?adjust_creative=tzi52j1y9497qJtBsFV1mg&utm_campaign=yelp_api_v3&utm_medium=api_v3_business_search&utm_source=tzi52j1y9497qJtBsFV1mg,3,,Cumberland,RI,2864,(401) 333-1963,,2
41.57986832,-71.57628632,landscaping,Tranquil Water Gardens 2,https://www.yelp.com/biz/tranquil-water-gardens-2-exeter?adjust_creative=tzi52j1y9497qJtBsFV1mg&utm_campaign=yelp_api_v3&utm_medium=api_v3_business_search&utm_source=tzi52j1y9497qJtBsFV1mg,5,None,Exeter,RI,2822,(401) 480-5606,None,1
42.05059,-71.301561,landscaping,Simply Safer Premium Lawn Care,https://www.yelp.com/biz/simply-safer-premium-lawn-care-wrentham-3?adjust_creative=tzi52j1y9497qJtBsFV1mg&utm_campaign=yelp_api_v3&utm_medium=api_v3_business_search&utm_source=tzi52j1y9497qJtBsFV1mg,3.5,560 Washington St,Wrentham,MA,2093,(508) 384-4444,560 Washington St,26
41.82978821,-71.32518768,landscaping,T. Moreshead Landscaping,https://www.yelp.com/biz/t-moreshead-landscaping-seekonk?adjust_creative=tzi52j1y9497qJtBsFV1mg&utm_campaign=yelp_api_v3&utm_medium=api_v3_business_search&utm_source=tzi52j1y9497qJtBsFV1mg,2,,Seekonk,MA,2771,(508) 399-5399,,4
41.703254,-71.424248,landscaping,Nature Redesigned Landscaping,https://www.yelp.com/biz/nature-redesigned-landscaping-warwick?adjust_creative=tzi52j1y9497qJtBsFV1mg&utm_campaign=yelp_api_v3&utm_medium=api_v3_business_search&utm_source=tzi52j1y9497qJtBsFV1mg,5,,Warwick,RI,2888,(401) 473-5543,,1
42.00219345,-71.51494598,landscaping,J & M Lawn Care/ Painting,https://www.yelp.com/biz/j-and-m-lawn-care-painting-woonsocket?adjust_creative=tzi52j1y9497qJtBsFV1mg&utm_campaign=yelp_api_v3&utm_medium=api_v3_business_search&utm_source=tzi52j1y9497qJtBsFV1mg,1,,Woonsocket,RI,2895,(401) 309-8571,,3
41.73055,-71.28012,landscaping,Doug's Lawn Care,https://www.yelp.com/biz/dougs-lawn-care-warren?adjust_creative=tzi52j1y9497qJtBsFV1mg&utm_campaign=yelp_api_v3&utm_medium=api_v3_business_search&utm_source=tzi52j1y9497qJtBsFV1mg,1,,Warren,RI,2885,(401) 225-9297,,5
41.887141,-71.409405,landscaping,CJ Tree Service,https://www.yelp.com/biz/cj-tree-service-lincoln?adjust_creative=tzi52j1y9497qJtBsFV1mg&utm_campaign=yelp_api_v3&utm_medium=api_v3_business_search&utm_source=tzi52j1y9497qJtBsFV1mg,3,100 Higginson Ave,Lincoln,RI,2865,(401) 722-0227,100 Higginson Ave,16
41.82159,-71.364872,landscaping,Lawn Doctor of Rhode Island,https://www.yelp.com/biz/lawn-doctor-of-rhode-island-east-providence-3?adjust_creative=tzi52j1y9497qJtBsFV1mg&utm_campaign=yelp_api_v3&utm_medium=api_v3_business_search&utm_source=tzi52j1y9497qJtBsFV1mg,1,360 Taunton Ave,East Providence,RI,2914,(401) 392-1025,360 Taunton Ave,2
41.84649,-71.47108,landscaping,E Scampoli Landscape & Construction,https://www.yelp.com/biz/e-scampoli-landscape-and-construction-north-providence?adjust_creative=tzi52j1y9497qJtBsFV1mg&utm_campaign=yelp_api_v3&utm_medium=api_v3_business_search&utm_source=tzi52j1y9497qJtBsFV1mg,1,47 Laurel Dr,North Providence,RI,2911,(401) 639-7074,47 Laurel Dr,1
42.009864,-71.581344,landscaping,3D Lawn Care,https://www.yelp.com/biz/3d-lawn-care-north-smithfield-2?adjust_creative=tzi52j1y9497qJtBsFV1mg&utm_campaign=yelp_api_v3&utm_medium=api_v3_business_search&utm_source=tzi52j1y9497qJtBsFV1mg,1,85 High View Ave,North Smithfield,RI,2896,(401) 692-1631,85 High View Ave,1
41.84467,-71.355,landscaping,Greenwave Landscape Design Services,https://www.yelp.com/biz/greenwave-landscape-design-services-rumford?adjust_creative=tzi52j1y9497qJtBsFV1mg&utm_campaign=yelp_api_v3&utm_medium=api_v3_business_search&utm_source=tzi52j1y9497qJtBsFV1mg,1,,Rumford,RI,2916,(401) 533-0558,,1
41.90819,-71.53905,landscaping,MissionGreen Services,https://www.yelp.com/biz/missiongreen-services-smithfield-2?adjust_creative=tzi52j1y9497qJtBsFV1mg&utm_campaign=yelp_api_v3&utm_medium=api_v3_business_search&utm_source=tzi52j1y9497qJtBsFV1mg,3,301 Farnum Pike,Smithfield,RI,2917,(401) 475-9884,301 Farnum Pike,2
41.70082,-71.52648,landscaping,A-ALL Construction Services,https://www.yelp.com/biz/a-all-construction-services-west-warwick-2?adjust_creative=tzi52j1y9497qJtBsFV1mg&utm_campaign=yelp_api_v3&utm_medium=api_v3_business_search&utm_source=tzi52j1y9497qJtBsFV1mg,1,,West Warwick,RI,2893,(401) 347-8847,,1
41.9629235,-71.1804988,landscaping,Wicked Nice Lawn,https://www.yelp.com/biz/wicked-nice-lawn-norton-2?adjust_creative=tzi52j1y9497qJtBsFV1mg&utm_campaign=yelp_api_v3&utm_medium=api_v3_business_search&utm_source=tzi52j1y9497qJtBsFV1mg,3,None,Norton,MA,2766,(508) 622-5077,None,8
42.283888,-71.625044,landscaping,Stonefire Outdoor Living,https://www.yelp.com/biz/stonefire-outdoor-living-westborough?adjust_creative=tzi52j1y9497qJtBsFV1mg&utm_campaign=yelp_api_v3&utm_medium=api_v3_business_search&utm_source=tzi52j1y9497qJtBsFV1mg,5,206 Turnpike Rd,Westborough,MA,1581,(508) 614-9696,206 Turnpike Rd,3
42.37608,-71.093162,landscaping,Green City Growers,https://www.yelp.com/biz/green-city-growers-somerville?adjust_creative=tzi52j1y9497qJtBsFV1mg&utm_campaign=yelp_api_v3&utm_medium=api_v3_business_search&utm_source=tzi52j1y9497qJtBsFV1mg,4.5,600 Windsor Pl,Somerville,MA,2143,(617) 776-1400,600 Windsor Pl,2
41.87606812,-71.470047,landscaping,Twin River Nursery,https://www.yelp.com/biz/twin-river-nursery-smithfield?adjust_creative=tzi52j1y9497qJtBsFV1mg&utm_campaign=yelp_api_v3&utm_medium=api_v3_business_search&utm_source=tzi52j1y9497qJtBsFV1mg,3.5,31 Douglas Pike,Smithfield,RI,2917,(401) 231-3440,31 Douglas Pike,3
41.797096,-71.505813,landscaping,Werner's Landscaping,https://www.yelp.com/biz/werners-landscaping-johnston?adjust_creative=tzi52j1y9497qJtBsFV1mg&utm_campaign=yelp_api_v3&utm_medium=api_v3_business_search&utm_source=tzi52j1y9497qJtBsFV1mg,1,150 Simmonsville Ave,Johnston,RI,2911,(401) 780-1654,150 Simmonsville Ave,1
41.866523,-71.47187,landscaping,Douglas Landscaping,https://www.yelp.com/biz/douglas-landscaping-north-providence?adjust_creative=tzi52j1y9497qJtBsFV1mg&utm_campaign=yelp_api_v3&utm_medium=api_v3_business_search&utm_source=tzi52j1y9497qJtBsFV1mg,1,1765 Bicentennial Way,North Providence,RI,2911,(401) 349-4789,1765 Bicentennial Way,1
41.7406024,-71.4081571,landscaping,Yard Works,https://www.yelp.com/biz/yard-works-warwick-3?adjust_creative=tzi52j1y9497qJtBsFV1mg&utm_campaign=yelp_api_v3&utm_medium=api_v3_business_search&utm_source=tzi52j1y9497qJtBsFV1mg,2,1309 Warwick Ave,Warwick,RI,2888,(401) 463-9133,1309 Warwick Ave,5
42.35334598,-71.73428306,landscaping,The Poison Ivy Guy,https://www.yelp.com/biz/the-poison-ivy-guy-boylston?adjust_creative=tzi52j1y9497qJtBsFV1mg&utm_campaign=yelp_api_v3&utm_medium=api_v3_business_search&utm_source=tzi52j1y9497qJtBsFV1mg,5,16 School St,Boylston,MA,1505,(774) 764-8898,16 School St,17
42.4596866,-71.2346435,landscaping,Larchmont Engineering & Irrigation,https://www.yelp.com/biz/larchmont-engineering-and-irrigation-lexington?adjust_creative=tzi52j1y9497qJtBsFV1mg&utm_campaign=yelp_api_v3&utm_medium=api_v3_business_search&utm_source=tzi52j1y9497qJtBsFV1mg,5,11 Larchmont Ln,Lexington,MA,2420,(781) 862-2550,11 Larchmont Ln,2
41.8785,-71.5001599,landscaping,Rainone Landscaping,https://www.yelp.com/biz/rainone-landscaping-smithfield?adjust_creative=tzi52j1y9497qJtBsFV1mg&utm_campaign=yelp_api_v3&utm_medium=api_v3_business_search&utm_source=tzi52j1y9497qJtBsFV1mg,1,349 Waterman Ave,Smithfield,RI,2917,(401) 231-3100,349 Waterman Ave,2
41.578754,-71.252587,landscaping,Premier Landscape,https://www.yelp.com/biz/premier-landscape-portsmouth?adjust_creative=tzi52j1y9497qJtBsFV1mg&utm_campaign=yelp_api_v3&utm_medium=api_v3_business_search&utm_source=tzi52j1y9497qJtBsFV1mg,3,1698 E Main Rd,Portsmouth,RI,2871,(401) 682-2959,1698 E Main Rd,4
41.88725167,-71.35806667,landscaping,Brianna Lawn Care,https://www.yelp.com/biz/brianna-lawn-care-pawtucket?adjust_creative=tzi52j1y9497qJtBsFV1mg&utm_campaign=yelp_api_v3&utm_medium=api_v3_business_search&utm_source=tzi52j1y9497qJtBsFV1mg,1,None,Pawtucket,RI,2861,(401) 722-1211,None,1
41.86906815,-71.39208221,landscaping,Larios Landscaping,https://www.yelp.com/biz/larios-landscaping-pawtucket?adjust_creative=tzi52j1y9497qJtBsFV1mg&utm_campaign=yelp_api_v3&utm_medium=api_v3_business_search&utm_source=tzi52j1y9497qJtBsFV1mg,1,,Pawtucket,RI,2860,(401) 359-7705,,1
41.66803,-71.01978,landscaping,Pioneer Tree And Landscape Service,https://www.yelp.com/biz/pioneer-tree-and-landscape-service-dartmouth?adjust_creative=tzi52j1y9497qJtBsFV1mg&utm_campaign=yelp_api_v3&utm_medium=api_v3_business_search&utm_source=tzi52j1y9497qJtBsFV1mg,3.5,,Dartmouth,MA,2747,(774) 628-9191,,5
42.0255257,-71.1574965,landscaping,Regal Tree & Shrub Experts,https://www.yelp.com/biz/regal-tree-and-shrub-experts-easton?adjust_creative=tzi52j1y9497qJtBsFV1mg&utm_campaign=yelp_api_v3&utm_medium=api_v3_business_search&utm_source=tzi52j1y9497qJtBsFV1mg,3.5,111 Eastman St,Easton,MA,2375,(774) 719-2450,111 Eastman St,9
41.588008,-71.65138,landscaping,A Piece of Paradise,https://www.yelp.com/biz/a-piece-of-paradise-exeter?adjust_creative=tzi52j1y9497qJtBsFV1mg&utm_campaign=yelp_api_v3&utm_medium=api_v3_business_search&utm_source=tzi52j1y9497qJtBsFV1mg,3.5,206 Nooseneck Hill Rd,Exeter,RI,2822,(401) 397-9939,206 Nooseneck Hill Rd,3
41.50476,-71.59584,landscaping,Kingston Turf Farms,https://www.yelp.com/biz/kingston-turf-farms-west-kingston?adjust_creative=tzi52j1y9497qJtBsFV1mg&utm_campaign=yelp_api_v3&utm_medium=api_v3_business_search&utm_source=tzi52j1y9497qJtBsFV1mg,4.5,3720 S County Trl,West Kingston,RI,2892,(401) 789-0630,3720 S County Trl,3
42.3444,-71.55505,landscaping,New England Enterprises,https://www.yelp.com/biz/new-england-enterprises-marlborough?adjust_creative=tzi52j1y9497qJtBsFV1mg&utm_campaign=yelp_api_v3&utm_medium=api_v3_business_search&utm_source=tzi52j1y9497qJtBsFV1mg,3,,Marlborough,MA,1752,(508) 481-5657,,2
41.77345,-71.48182,landscaping,Maplewood Landscaping & Nursery,https://www.yelp.com/biz/maplewood-landscaping-and-nursery-cranston?adjust_creative=tzi52j1y9497qJtBsFV1mg&utm_campaign=yelp_api_v3&utm_medium=api_v3_business_search&utm_source=tzi52j1y9497qJtBsFV1mg,1,495 Phenix Ave,Cranston,RI,2921,(401) 641-6117,495 Phenix Ave,2
41.73102,-71.46183,landscaping,Andy's Landscape Nursery,https://www.yelp.com/biz/andys-landscape-nursery-warwick-3?adjust_creative=tzi52j1y9497qJtBsFV1mg&utm_campaign=yelp_api_v3&utm_medium=api_v3_business_search&utm_source=tzi52j1y9497qJtBsFV1mg,3.5,60 Knight St,Warwick,RI,2886,(401) 739-3738,60 Knight St,3
41.84263,-71.24378,landscaping,Northeast Pest Control & Lawn Care,https://www.yelp.com/biz/northeast-pest-control-and-lawn-care-rehoboth?adjust_creative=tzi52j1y9497qJtBsFV1mg&utm_campaign=yelp_api_v3&utm_medium=api_v3_business_search&utm_source=tzi52j1y9497qJtBsFV1mg,1,,Rehoboth,MA,2769,(774) 565-0773,,1
42.03547,-71.10482,landscaping,PR Anderson Tree & Landscape,https://www.yelp.com/biz/pr-anderson-tree-and-landscape-easton?adjust_creative=tzi52j1y9497qJtBsFV1mg&utm_campaign=yelp_api_v3&utm_medium=api_v3_business_search&utm_source=tzi52j1y9497qJtBsFV1mg,1,435 Depot St,Easton,MA,2375,(781) 983-4969,435 Depot St,3
41.89794,-71.316066,landscaping,Pardini Driveways,https://www.yelp.com/biz/pardini-driveways-seekonk?adjust_creative=tzi52j1y9497qJtBsFV1mg&utm_campaign=yelp_api_v3&utm_medium=api_v3_business_search&utm_source=tzi52j1y9497qJtBsFV1mg,3,191 Hebron Ave,Seekonk,MA,2771,(774) 229-7383,191 Hebron Ave,2
41.977143,-71.482671,landscaping,Scotty B's Services,https://www.yelp.com/biz/scotty-bs-services-manville?adjust_creative=tzi52j1y9497qJtBsFV1mg&utm_campaign=yelp_api_v3&utm_medium=api_v3_business_search&utm_source=tzi52j1y9497qJtBsFV1mg,1,287 Railroad St,Manville,RI,2838,(401) 230-0357,287 Railroad St,1
42.13602,-71.39321,landscaping,Lyon Landscape Nursery,https://www.yelp.com/biz/lyon-landscape-nursery-franklin-2?adjust_creative=tzi52j1y9497qJtBsFV1mg&utm_campaign=yelp_api_v3&utm_medium=api_v3_business_search&utm_source=tzi52j1y9497qJtBsFV1mg,5,250 Bent St,Franklin,MA,2038,(508) 533-4085,250 Bent St,1
42.17026,-71.2039099,landscaping,Larosa Landscaping,https://www.yelp.com/biz/larosa-landscaping-norwood?adjust_creative=tzi52j1y9497qJtBsFV1mg&utm_campaign=yelp_api_v3&utm_medium=api_v3_business_search&utm_source=tzi52j1y9497qJtBsFV1mg,2.5,850 Pleasant St,Norwood,MA,2062,(781) 762-0065,850 Pleasant St,3
42.022822,-71.345557,landscaping,Reilly Tree & Landscape,https://www.yelp.com/biz/reilly-tree-and-landscape-plainville?adjust_creative=tzi52j1y9497qJtBsFV1mg&utm_campaign=yelp_api_v3&utm_medium=api_v3_business_search&utm_source=tzi52j1y9497qJtBsFV1mg,2.5,417 S St,Plainville,MA,2762,(508) 643-2200,417 S St,3
41.68894,-71.15387,landscaping,Immaculate Landscape,https://www.yelp.com/biz/immaculate-landscape-fall-river?adjust_creative=tzi52j1y9497qJtBsFV1mg&utm_campaign=yelp_api_v3&utm_medium=api_v3_business_search&utm_source=tzi52j1y9497qJtBsFV1mg,1,None,Fall River,MA,2721,(508) 558-2596,None,4
41.95302,-71.3980799,landscaping,Tactical Construction & Landscape,https://www.yelp.com/biz/tactical-construction-and-landscape-cumberland?adjust_creative=tzi52j1y9497qJtBsFV1mg&utm_campaign=yelp_api_v3&utm_medium=api_v3_business_search&utm_source=tzi52j1y9497qJtBsFV1mg,1,45 Industrial Rd,Cumberland,RI,2864,(401) 403-4346,45 Industrial Rd,3
41.94061,-71.28155,landscaping,D R  Stonework And Landscape,https://www.yelp.com/biz/d-r-stonework-and-landscape-attleboro-2?adjust_creative=tzi52j1y9497qJtBsFV1mg&utm_campaign=yelp_api_v3&utm_medium=api_v3_business_search&utm_source=tzi52j1y9497qJtBsFV1mg,1,,Attleboro,MA,2703,(774) 306-2589,,1
41.7259433,-71.5338416,landscaping,Osborn Tree & Landscape,https://www.yelp.com/biz/osborn-tree-and-landscape-west-warwick-3?adjust_creative=tzi52j1y9497qJtBsFV1mg&utm_campaign=yelp_api_v3&utm_medium=api_v3_business_search&utm_source=tzi52j1y9497qJtBsFV1mg,1,23 Broad St,West Warwick,RI,2893,(401) 999-2828,23 Broad St,2
42.00521,-71.30494,landscaping,NaturaLawn of America,https://www.yelp.com/biz/naturalawn-of-america-north-attleboro?adjust_creative=tzi52j1y9497qJtBsFV1mg&utm_campaign=yelp_api_v3&utm_medium=api_v3_business_search&utm_source=tzi52j1y9497qJtBsFV1mg,2,93 George Leven Dr,North Attleboro,MA,2760,(508) 695-6060,93 George Leven Dr,13
42.23664319,-71.50085759,landscaping,Weston Nurseries of Hopkinton,https://www.yelp.com/biz/weston-nurseries-of-hopkinton-hopkinton-2?adjust_creative=tzi52j1y9497qJtBsFV1mg&utm_campaign=yelp_api_v3&utm_medium=api_v3_business_search&utm_source=tzi52j1y9497qJtBsFV1mg,3.5,93 E Main St,Hopkinton,MA,1748,(508) 435-3414,93 E Main St,52
41.640135,-71.052124,landscaping,Quality Maintenance,https://www.yelp.com/biz/quality-maintenance-westport?adjust_creative=tzi52j1y9497qJtBsFV1mg&utm_campaign=yelp_api_v3&utm_medium=api_v3_business_search&utm_source=tzi52j1y9497qJtBsFV1mg,1,50 Forge Rd,Westport,MA,2790,(508) 509-4403,50 Forge Rd,1
42.06208038,-71.01856232,landscaping,LIVâ€™s Removal Services,https://www.yelp.com/biz/liv-s-removal-services-brockton-3?adjust_creative=tzi52j1y9497qJtBsFV1mg&utm_campaign=yelp_api_v3&utm_medium=api_v3_business_search&utm_source=tzi52j1y9497qJtBsFV1mg,1,None,Brockton,MA,2301,(774) 946-7004,None,1
41.476481,-71.60691,landscaping,Laurel Brook Turf,https://www.yelp.com/biz/laurel-brook-turf-richmond-2?adjust_creative=tzi52j1y9497qJtBsFV1mg&utm_campaign=yelp_api_v3&utm_medium=api_v3_business_search&utm_source=tzi52j1y9497qJtBsFV1mg,1,3680 S County Trl,Richmond,RI,2892,(401) 782-8181,3680 S County Trl,1
41.87310028,-70.61772156,landscaping,Xtreme Living Pools and Construction,https://www.yelp.com/biz/xtreme-living-pools-and-construction-plymouth-3?adjust_creative=tzi52j1y9497qJtBsFV1mg&utm_campaign=yelp_api_v3&utm_medium=api_v3_business_search&utm_source=tzi52j1y9497qJtBsFV1mg,1,,Plymouth,MA,2360,(508) 927-6144,,2
42.10239362,-70.95695019,landscaping,Back Yard Living,https://www.yelp.com/biz/back-yard-living-abington-3?adjust_creative=tzi52j1y9497qJtBsFV1mg&utm_campaign=yelp_api_v3&utm_medium=api_v3_business_search&utm_source=tzi52j1y9497qJtBsFV1mg,1,340 Brockton Ave,Abington,MA,2351,(781) 871-2220,340 Brockton Ave,2
41.86968069,-72.41023,landscaping,Action Water Gardens,https://www.yelp.com/biz/action-water-gardens-tolland?adjust_creative=tzi52j1y9497qJtBsFV1mg&utm_campaign=yelp_api_v3&utm_medium=api_v3_business_search&utm_source=tzi52j1y9497qJtBsFV1mg,5,47 Hartford Tpke,Tolland,CT,6084,(860) 875-2359,47 Hartford Tpke,1
42.77407,-71.09182,landscaping,Pesky Pete's Poison Ivy Removal,https://www.yelp.com/biz/pesky-petes-poison-ivy-removal-haverhill?adjust_creative=tzi52j1y9497qJtBsFV1mg&utm_campaign=yelp_api_v3&utm_medium=api_v3_business_search&utm_source=tzi52j1y9497qJtBsFV1mg,5,None,Haverhill,MA,1832,(781) 608-2332,None,9
33.9806005,-117.3754942,landscaping,Matos Lawn Care,https://www.yelp.com/biz/matos-lawn-care-riverside?adjust_creative=tzi52j1y9497qJtBsFV1mg&utm_campaign=yelp_api_v3&utm_medium=api_v3_business_search&utm_source=tzi52j1y9497qJtBsFV1mg,5,None,Riverside,RI,2915,(508) 933-4123,None,4
