41.86327,-71.43207,school,Larues Blackstone Valley Driving School,https://www.yelp.com/biz/larues-blackstone-valley-driving-school-north-providence?adjust_creative=tzi52j1y9497qJtBsFV1mg&utm_campaign=yelp_api_v3&utm_medium=api_v3_business_search&utm_source=tzi52j1y9497qJtBsFV1mg,4.5,15 Gem St,North Providence,RI,02904,(401) 722-1864,15 Gem St,20
41.79657,-71.4173,school,Kathy's Driving School,https://www.yelp.com/biz/kathys-driving-school-providence-2?adjust_creative=tzi52j1y9497qJtBsFV1mg&utm_campaign=yelp_api_v3&utm_medium=api_v3_business_search&utm_source=tzi52j1y9497qJtBsFV1mg,5.0,90 Sumter St,Providence,RI,02907,(401) 263-4701,90 Sumter St,3
41.829046,-71.398313,school,The Wheeler School,https://www.yelp.com/biz/the-wheeler-school-providence?adjust_creative=tzi52j1y9497qJtBsFV1mg&utm_campaign=yelp_api_v3&utm_medium=api_v3_business_search&utm_source=tzi52j1y9497qJtBsFV1mg,4.5,216 Hope St,Providence,RI,02906,(401) 421-8100,216 Hope St,2
41.8333790447231,-71.3984949401415,school,Moses Brown School,https://www.yelp.com/biz/moses-brown-school-providence?adjust_creative=tzi52j1y9497qJtBsFV1mg&utm_campaign=yelp_api_v3&utm_medium=api_v3_business_search&utm_source=tzi52j1y9497qJtBsFV1mg,4.5,250 Lloyd Ave,Providence,RI,02906,(401) 831-7350,250 Lloyd Ave,3
41.821763,-71.396961,school,The French American School of RI,https://www.yelp.com/biz/the-french-american-school-of-ri-providence?adjust_creative=tzi52j1y9497qJtBsFV1mg&utm_campaign=yelp_api_v3&utm_medium=api_v3_business_search&utm_source=tzi52j1y9497qJtBsFV1mg,4.0,75 John St,Providence,RI,02906,(401) 274-3325,75 John St,1
41.823888,-71.413279,school,Arete Academics,https://www.yelp.com/biz/arete-academics-providence?adjust_creative=tzi52j1y9497qJtBsFV1mg&utm_campaign=yelp_api_v3&utm_medium=api_v3_business_search&utm_source=tzi52j1y9497qJtBsFV1mg,5.0,None,Providence,RI,02901,(774) 231-0530,None,1
41.8260999,-71.43378,school,West Side Sewing Studio,https://www.yelp.com/biz/west-side-sewing-studio-providence?adjust_creative=tzi52j1y9497qJtBsFV1mg&utm_campaign=yelp_api_v3&utm_medium=api_v3_business_search&utm_source=tzi52j1y9497qJtBsFV1mg,5.0,27 Sims Ave,Providence,RI,02909,(401) 474-0052,27 Sims Ave,3
41.8166332,-71.4182014,school,Inspiring Minds,https://www.yelp.com/biz/inspiring-minds-providence?adjust_creative=tzi52j1y9497qJtBsFV1mg&utm_campaign=yelp_api_v3&utm_medium=api_v3_business_search&utm_source=tzi52j1y9497qJtBsFV1mg,3.5,190 Broad Street 2W,Providence,RI,02903,(401) 274-3240,190 Broad Street 2W,3
41.86956,-71.38687,school,Rhode Island Tutorial & Educational Services,https://www.yelp.com/biz/rhode-island-tutorial-and-educational-services-pawtucket-2?adjust_creative=tzi52j1y9497qJtBsFV1mg&utm_campaign=yelp_api_v3&utm_medium=api_v3_business_search&utm_source=tzi52j1y9497qJtBsFV1mg,5.0,334 E Ave,Pawtucket,RI,02860,(401) 723-4459,334 E Ave,1
41.826187,-71.403808,school,Brown University,https://www.yelp.com/biz/brown-university-providence?adjust_creative=tzi52j1y9497qJtBsFV1mg&utm_campaign=yelp_api_v3&utm_medium=api_v3_business_search&utm_source=tzi52j1y9497qJtBsFV1mg,4.0,1 Prospect St,Providence,RI,02912,(401) 831-0260,1 Prospect St,25
41.82793,-71.39581,school,Angel Care Montessori,https://www.yelp.com/biz/angel-care-montessori-providence?adjust_creative=tzi52j1y9497qJtBsFV1mg&utm_campaign=yelp_api_v3&utm_medium=api_v3_business_search&utm_source=tzi52j1y9497qJtBsFV1mg,5.0,150 Waterman St,Providence,RI,02906,(401) 273-5151,150 Waterman St,1
41.8350279,-71.3896145,school,East Side Nursery School,https://www.yelp.com/biz/east-side-nursery-school-providence?adjust_creative=tzi52j1y9497qJtBsFV1mg&utm_campaign=yelp_api_v3&utm_medium=api_v3_business_search&utm_source=tzi52j1y9497qJtBsFV1mg,5.0,372 Wayland Ave,Providence,RI,02906,(401) 272-2228,372 Wayland Ave,3
41.7874336242676,-71.3907089233398,school,Johnson & Wales University Harborside Campus,https://www.yelp.com/biz/johnson-and-wales-university-harborside-campus-providence?adjust_creative=tzi52j1y9497qJtBsFV1mg&utm_campaign=yelp_api_v3&utm_medium=api_v3_business_search&utm_source=tzi52j1y9497qJtBsFV1mg,5.0,321 Harborside Blvd,Providence,RI,02905,(401) 598-1000,321 Harborside Blvd,2
41.8012657165527,-71.40478515625,school,The Grace School,https://www.yelp.com/biz/the-grace-school-providence?adjust_creative=tzi52j1y9497qJtBsFV1mg&utm_campaign=yelp_api_v3&utm_medium=api_v3_business_search&utm_source=tzi52j1y9497qJtBsFV1mg,5.0,1000 Eddy St,Providence,RI,02905,(401) 533-9100,1000 Eddy St,1
41.825751,-71.407665,school,Rhode Island School of Design,https://www.yelp.com/biz/rhode-island-school-of-design-providence?adjust_creative=tzi52j1y9497qJtBsFV1mg&utm_campaign=yelp_api_v3&utm_medium=api_v3_business_search&utm_source=tzi52j1y9497qJtBsFV1mg,4.0,2 College St,Providence,RI,02903,(401) 454-6100,2 College St,10
41.8386799,-71.41037,school,Cozy Corner Child Care Center,https://www.yelp.com/biz/cozy-corner-child-care-center-providence?adjust_creative=tzi52j1y9497qJtBsFV1mg&utm_campaign=yelp_api_v3&utm_medium=api_v3_business_search&utm_source=tzi52j1y9497qJtBsFV1mg,4.5,100 Randall St,Providence,RI,02904,(401) 454-7337,100 Randall St,8
41.800907,-71.372581,school,Gordon School,https://www.yelp.com/biz/gordon-school-east-providence?adjust_creative=tzi52j1y9497qJtBsFV1mg&utm_campaign=yelp_api_v3&utm_medium=api_v3_business_search&utm_source=tzi52j1y9497qJtBsFV1mg,5.0,45 Maxfield Ave,East Providence,RI,02914,(401) 434-3833,45 Maxfield Ave,4
41.832967710688,-71.3828307028741,school,Lincoln School,https://www.yelp.com/biz/lincoln-school-providence?adjust_creative=tzi52j1y9497qJtBsFV1mg&utm_campaign=yelp_api_v3&utm_medium=api_v3_business_search&utm_source=tzi52j1y9497qJtBsFV1mg,3.5,301 Butler Ave,Providence,RI,02906,(401) 331-9696,301 Butler Ave,3
41.8199577331543,-71.4127578735352,school,Johnson & Wales University,https://www.yelp.com/biz/johnson-and-wales-university-providence-2?adjust_creative=tzi52j1y9497qJtBsFV1mg&utm_campaign=yelp_api_v3&utm_medium=api_v3_business_search&utm_source=tzi52j1y9497qJtBsFV1mg,3.0,8 Abbott Park Pl,Providence,RI,02903,(401) 598-1000,8 Abbott Park Pl,7
41.818195,-71.372512,school,Ocean State Montessori School,https://www.yelp.com/biz/ocean-state-montessori-school-east-providence?adjust_creative=tzi52j1y9497qJtBsFV1mg&utm_campaign=yelp_api_v3&utm_medium=api_v3_business_search&utm_source=tzi52j1y9497qJtBsFV1mg,5.0,100 Grove Ave,East Providence,RI,02914,(401) 434-6913,100 Grove Ave,5
41.8290222,-71.3961482,school,Child's Play Cooperative Preschool,https://www.yelp.com/biz/childs-play-cooperative-preschool-providence?adjust_creative=tzi52j1y9497qJtBsFV1mg&utm_campaign=yelp_api_v3&utm_medium=api_v3_business_search&utm_source=tzi52j1y9497qJtBsFV1mg,5.0,296 Angell St,Providence,RI,02906,(401) 331-8443,296 Angell St,6
41.844366,-71.438263,school,Providence College,https://www.yelp.com/biz/providence-college-providence?adjust_creative=tzi52j1y9497qJtBsFV1mg&utm_campaign=yelp_api_v3&utm_medium=api_v3_business_search&utm_source=tzi52j1y9497qJtBsFV1mg,4.5,1 Cunningham Sq,Providence,RI,02918,(401) 865-1000,1 Cunningham Sq,10
41.812942,-71.422294,school,Providence Improv Guild,https://www.yelp.com/biz/providence-improv-guild-providence?adjust_creative=tzi52j1y9497qJtBsFV1mg&utm_campaign=yelp_api_v3&utm_medium=api_v3_business_search&utm_source=tzi52j1y9497qJtBsFV1mg,5.0,393 Broad St,Providence,RI,02907,(401) 400-2772,393 Broad St,7
41.8453740811556,-71.4254641905427,school,Mejia Driving School,https://www.yelp.com/biz/mejia-driving-school-providence-2?adjust_creative=tzi52j1y9497qJtBsFV1mg&utm_campaign=yelp_api_v3&utm_medium=api_v3_business_search&utm_source=tzi52j1y9497qJtBsFV1mg,3.5,287 Admiral St,Providence,RI,02908,(401) 270-5253,287 Admiral St,11
41.8254,-71.4092,school,Rhode Island School Of Design Library,https://www.yelp.com/biz/rhode-island-school-of-design-library-providence?adjust_creative=tzi52j1y9497qJtBsFV1mg&utm_campaign=yelp_api_v3&utm_medium=api_v3_business_search&utm_source=tzi52j1y9497qJtBsFV1mg,4.5,15 Westminster St,Providence,RI,02903,(401) 709-5901,15 Westminster St,6
41.7776731,-71.4287484,school,A Child's University,https://www.yelp.com/biz/a-childs-university-cranston?adjust_creative=tzi52j1y9497qJtBsFV1mg&utm_campaign=yelp_api_v3&utm_medium=api_v3_business_search&utm_source=tzi52j1y9497qJtBsFV1mg,4.5,695 Park Ave,Cranston,RI,02910,(401) 461-1880,695 Park Ave,7
41.7876510620117,-71.391731262207,school,Johnson & Wales University,https://www.yelp.com/biz/johnson-and-wales-university-providence?adjust_creative=tzi52j1y9497qJtBsFV1mg&utm_campaign=yelp_api_v3&utm_medium=api_v3_business_search&utm_source=tzi52j1y9497qJtBsFV1mg,4.0,2 Washington Ave,Providence,RI,02905,(401) 598-1132,2 Washington Ave,2
41.83523,-71.38668,school,Montessori Children's House,https://www.yelp.com/biz/montessori-childrens-house-providence?adjust_creative=tzi52j1y9497qJtBsFV1mg&utm_campaign=yelp_api_v3&utm_medium=api_v3_business_search&utm_source=tzi52j1y9497qJtBsFV1mg,4.0,518 Lloyd Ave,Providence,RI,02906,(401) 331-6120,518 Lloyd Ave,4
41.8181,-71.4215399,school,Providence School Dept,https://www.yelp.com/biz/providence-school-dept-providence?adjust_creative=tzi52j1y9497qJtBsFV1mg&utm_campaign=yelp_api_v3&utm_medium=api_v3_business_search&utm_source=tzi52j1y9497qJtBsFV1mg,2.0,797 Westminster St,Providence,RI,02903,(401) 868-2200,797 Westminster St,1
41.820514,-71.413211,school,The Warren Alpert Medical School of Brown University,https://www.yelp.com/biz/the-warren-alpert-medical-school-of-brown-university-providence?adjust_creative=tzi52j1y9497qJtBsFV1mg&utm_campaign=yelp_api_v3&utm_medium=api_v3_business_search&utm_source=tzi52j1y9497qJtBsFV1mg,4.0,222 Richmond St,Providence,RI,02903,(401) 863-3330,222 Richmond St,1
41.8012657165527,-71.40478515625,school,Meeting Street,https://www.yelp.com/biz/meeting-street-providence?adjust_creative=tzi52j1y9497qJtBsFV1mg&utm_campaign=yelp_api_v3&utm_medium=api_v3_business_search&utm_source=tzi52j1y9497qJtBsFV1mg,5.0,1000 Eddy St,Providence,RI,02905,(401) 533-9100,1000 Eddy St,3
41.76286,-71.32717,school,Barrington Early Childhood Center,https://www.yelp.com/biz/barrington-early-childhood-center-barrington?adjust_creative=tzi52j1y9497qJtBsFV1mg&utm_campaign=yelp_api_v3&utm_medium=api_v3_business_search&utm_source=tzi52j1y9497qJtBsFV1mg,5.0,27 College Ln,Barrington,RI,02806,(401) 246-0037,27 College Ln,2
41.816999,-71.3971959,school,Community Boating Center,https://www.yelp.com/biz/community-boating-center-providence?adjust_creative=tzi52j1y9497qJtBsFV1mg&utm_campaign=yelp_api_v3&utm_medium=api_v3_business_search&utm_source=tzi52j1y9497qJtBsFV1mg,2.5,109 India St,Providence,RI,02903,(401) 454-7245,109 India St,3
41.8213037144877,-71.3504248020034,school,Pods Swimming,https://www.yelp.com/biz/pods-swimming-east-providence?adjust_creative=tzi52j1y9497qJtBsFV1mg&utm_campaign=yelp_api_v3&utm_medium=api_v3_business_search&utm_source=tzi52j1y9497qJtBsFV1mg,4.0,111 Commericial Way,East Providence,RI,02914,(401) 337-5678,111 Commericial Way,30
41.77678667,-71.39928667,school,You Rock School of Music,https://www.yelp.com/biz/you-rock-school-of-music-cranston?adjust_creative=tzi52j1y9497qJtBsFV1mg&utm_campaign=yelp_api_v3&utm_medium=api_v3_business_search&utm_source=tzi52j1y9497qJtBsFV1mg,5.0,1802 Broad St,Cranston,RI,02905,(401) 481-4297,1802 Broad St,1
41.8245123,-71.397388,school,Brown-Fox Point Early Childhood Education Ctr Inc,https://www.yelp.com/biz/brown-fox-point-early-childhood-education-ctr-inc-providence?adjust_creative=tzi52j1y9497qJtBsFV1mg&utm_campaign=yelp_api_v3&utm_medium=api_v3_business_search&utm_source=tzi52j1y9497qJtBsFV1mg,4.5,150 Hope St,Providence,RI,02906,(401) 521-5460,150 Hope St,3
41.80514,-71.46565,school,Emergency Training RI,https://www.yelp.com/biz/emergency-training-ri-providence-5?adjust_creative=tzi52j1y9497qJtBsFV1mg&utm_campaign=yelp_api_v3&utm_medium=api_v3_business_search&utm_source=tzi52j1y9497qJtBsFV1mg,4.0,952 Plainfield St,Providence,RI,02919,(401) 640-5686,952 Plainfield St,1
41.8650414794683,-71.4991957694292,school,New Era Enrichment Academy,https://www.yelp.com/biz/new-era-enrichment-academy-johnston?adjust_creative=tzi52j1y9497qJtBsFV1mg&utm_campaign=yelp_api_v3&utm_medium=api_v3_business_search&utm_source=tzi52j1y9497qJtBsFV1mg,5.0,13 Hebdeen St,Johnston,RI,02919,(401) 349-3397,13 Hebdeen St,3
41.786526,-71.314385,school,School of Rock Seekonk,https://www.yelp.com/biz/school-of-rock-seekonk-seekonk?adjust_creative=tzi52j1y9497qJtBsFV1mg&utm_campaign=yelp_api_v3&utm_medium=api_v3_business_search&utm_source=tzi52j1y9497qJtBsFV1mg,5.0,1520 Fall River Ave,Seekonk,MA,02771,(508) 557-0213,1520 Fall River Ave,5
41.7750358581543,-71.3957824707031,school,Carriage House Day Care & Early Learning Center,https://www.yelp.com/biz/carriage-house-day-care-and-early-learning-center-cranston?adjust_creative=tzi52j1y9497qJtBsFV1mg&utm_campaign=yelp_api_v3&utm_medium=api_v3_business_search&utm_source=tzi52j1y9497qJtBsFV1mg,4.0,156 Shaw Ave,Cranston,RI,02905,(401) 461-1660,156 Shaw Ave,5
41.8405914306641,-71.3550186157227,school,Brown Play School,https://www.yelp.com/biz/brown-play-school-rumford?adjust_creative=tzi52j1y9497qJtBsFV1mg&utm_campaign=yelp_api_v3&utm_medium=api_v3_business_search&utm_source=tzi52j1y9497qJtBsFV1mg,5.0,4 Newman Ave,Rumford,RI,02916,(401) 435-0126,4 Newman Ave,3
41.84691,-71.40419,school,East Side Art Center,https://www.yelp.com/biz/east-side-art-center-providence?adjust_creative=tzi52j1y9497qJtBsFV1mg&utm_campaign=yelp_api_v3&utm_medium=api_v3_business_search&utm_source=tzi52j1y9497qJtBsFV1mg,4.0,26 Rochambeau Ave,Providence,RI,02906,(401) 331-2021,26 Rochambeau Ave,3
41.823371887207,-71.4140472412109,school,URI Feinstein College of Continuing Education,https://www.yelp.com/biz/uri-feinstein-college-of-continuing-education-providence?adjust_creative=tzi52j1y9497qJtBsFV1mg&utm_campaign=yelp_api_v3&utm_medium=api_v3_business_search&utm_source=tzi52j1y9497qJtBsFV1mg,4.5,80 Washington St,Providence,RI,02903,(401) 277-5000,80 Washington St,3
41.8225784301758,-71.4106979370117,school,Johnson & Wales University,https://www.yelp.com/biz/johnson-and-wales-university-providence-5?adjust_creative=tzi52j1y9497qJtBsFV1mg&utm_campaign=yelp_api_v3&utm_medium=api_v3_business_search&utm_source=tzi52j1y9497qJtBsFV1mg,3.5,111 Dorrance St,Providence,RI,02903,(401) 598-1098,111 Dorrance St,2
41.75456,-71.43362,school,The Learning Experience - Warwick,https://www.yelp.com/biz/the-learning-experience-warwick-warwick?adjust_creative=tzi52j1y9497qJtBsFV1mg&utm_campaign=yelp_api_v3&utm_medium=api_v3_business_search&utm_source=tzi52j1y9497qJtBsFV1mg,5.0,60 Jefferson Park Rd,Warwick,RI,02888,(401) 785-4900,60 Jefferson Park Rd,2
41.85913,-71.47587,school,Once Upon A Time Academy,https://www.yelp.com/biz/once-upon-a-time-academy-north-providence?adjust_creative=tzi52j1y9497qJtBsFV1mg&utm_campaign=yelp_api_v3&utm_medium=api_v3_business_search&utm_source=tzi52j1y9497qJtBsFV1mg,5.0,2072 Mineral Spring Ave,North Providence,RI,02911,(401) 231-5332,2072 Mineral Spring Ave,3
41.78992,-71.363997,school,St Mary Academy-Bay View High School,https://www.yelp.com/biz/st-mary-academy-bay-view-high-school-riverside?adjust_creative=tzi52j1y9497qJtBsFV1mg&utm_campaign=yelp_api_v3&utm_medium=api_v3_business_search&utm_source=tzi52j1y9497qJtBsFV1mg,3.5,3070 Pawtucket Ave,Riverside,RI,02915,(401) 434-0113,3070 Pawtucket Ave,3
41.82174,-71.4225,school,Empire Beauty School,https://www.yelp.com/biz/empire-beauty-school-providence-2?adjust_creative=tzi52j1y9497qJtBsFV1mg&utm_campaign=yelp_api_v3&utm_medium=api_v3_business_search&utm_source=tzi52j1y9497qJtBsFV1mg,2.0,151 Broadway,Providence,RI,02903,(401) 352-4413,151 Broadway,10
41.7549031652422,-71.4583681270513,school,Paul Mitchell The School Rhode Island,https://www.yelp.com/biz/paul-mitchell-the-school-rhode-island-cranston-2?adjust_creative=tzi52j1y9497qJtBsFV1mg&utm_campaign=yelp_api_v3&utm_medium=api_v3_business_search&utm_source=tzi52j1y9497qJtBsFV1mg,3.5,30 Chapel View Blvd,Cranston,RI,02920,(401) 946-9920,30 Chapel View Blvd,44
41.841993,-71.3923609,school,Jewish Alliance of Greater Rhode Island,https://www.yelp.com/biz/jewish-alliance-of-greater-rhode-island-providence-2?adjust_creative=tzi52j1y9497qJtBsFV1mg&utm_campaign=yelp_api_v3&utm_medium=api_v3_business_search&utm_source=tzi52j1y9497qJtBsFV1mg,3.5,401 Elmgrove Ave,Providence,RI,02906,(401) 421-4111,401 Elmgrove Ave,5
41.8074645996094,-71.4134979248047,school,Community College of Rhode Island,https://www.yelp.com/biz/community-college-of-rhode-island-providence?adjust_creative=tzi52j1y9497qJtBsFV1mg&utm_campaign=yelp_api_v3&utm_medium=api_v3_business_search&utm_source=tzi52j1y9497qJtBsFV1mg,4.0,1 Hilton St,Providence,RI,02905,(401) 455-6000,1 Hilton St,5
41.8428340040501,-71.464021744697,school,Rhode Island College,https://www.yelp.com/biz/rhode-island-college-providence?adjust_creative=tzi52j1y9497qJtBsFV1mg&utm_campaign=yelp_api_v3&utm_medium=api_v3_business_search&utm_source=tzi52j1y9497qJtBsFV1mg,3.5,600 Mount Pleasant Ave,Providence,RI,02908,(401) 456-8000,600 Mount Pleasant Ave,16
41.8398768,-71.3884135,school,Dance Bollywood Fusion & Fitness,https://www.yelp.com/biz/dance-bollywood-fusion-and-fitness-providence-7?adjust_creative=tzi52j1y9497qJtBsFV1mg&utm_campaign=yelp_api_v3&utm_medium=api_v3_business_search&utm_source=tzi52j1y9497qJtBsFV1mg,5.0,,Providence,RI,02906,(401) 326-2324,,4
41.78484,-71.51497,school,Defying Gravity School of Dance,https://www.yelp.com/biz/defying-gravity-school-of-dance-cranston?adjust_creative=tzi52j1y9497qJtBsFV1mg&utm_campaign=yelp_api_v3&utm_medium=api_v3_business_search&utm_source=tzi52j1y9497qJtBsFV1mg,4.0,140 Comstock Pkwy,Cranston,RI,02921,(401) 864-2040,140 Comstock Pkwy,1
41.75536,-71.4973,school,The Curious Child,https://www.yelp.com/biz/the-curious-child-cranston?adjust_creative=tzi52j1y9497qJtBsFV1mg&utm_campaign=yelp_api_v3&utm_medium=api_v3_business_search&utm_source=tzi52j1y9497qJtBsFV1mg,3.5,1308 Phenix Ave,Cranston,RI,02921,(401) 383-1323,1308 Phenix Ave,3
41.877755,-71.372964,school,Drive Right Auto School,https://www.yelp.com/biz/drive-right-auto-school-pawtucket?adjust_creative=tzi52j1y9497qJtBsFV1mg&utm_campaign=yelp_api_v3&utm_medium=api_v3_business_search&utm_source=tzi52j1y9497qJtBsFV1mg,3.5,,Pawtucket,RI,02860,(877) 833-6716,,5
41.85702,-71.42589,school,Atlantic Driving Training Academy,https://www.yelp.com/biz/atlantic-driving-training-academy-providence?adjust_creative=tzi52j1y9497qJtBsFV1mg&utm_campaign=yelp_api_v3&utm_medium=api_v3_business_search&utm_source=tzi52j1y9497qJtBsFV1mg,1.5,33 Manhattan St,Providence,RI,02904,(401) 331-3292,33 Manhattan St,3
41.823395,-71.413902,school,Rhode Island the University of Kingston Ri,https://www.yelp.com/biz/rhode-island-the-university-of-kingston-ri-providence?adjust_creative=tzi52j1y9497qJtBsFV1mg&utm_campaign=yelp_api_v3&utm_medium=api_v3_business_search&utm_source=tzi52j1y9497qJtBsFV1mg,1.0,80 Washington St,Providence,RI,02903,(401) 277-5255,80 Washington St,1
41.85532,-71.41844,school,401 Driving School,https://www.yelp.com/biz/401-driving-school-north-providence?adjust_creative=tzi52j1y9497qJtBsFV1mg&utm_campaign=yelp_api_v3&utm_medium=api_v3_business_search&utm_source=tzi52j1y9497qJtBsFV1mg,3.0,,North Providence,RI,02904,(401) 353-0887,,2
41.7757766,-71.4369997,school,Carolyn Dutra Dance Studio,https://www.yelp.com/biz/carolyn-dutra-dance-studio-cranston-2?adjust_creative=tzi52j1y9497qJtBsFV1mg&utm_campaign=yelp_api_v3&utm_medium=api_v3_business_search&utm_source=tzi52j1y9497qJtBsFV1mg,3.5,95 Rolfe Sq,Cranston,RI,02910,(401) 461-5487,95 Rolfe Sq,3
41.8161773681641,-71.495491027832,school,Rhode Island Bartending School,https://www.yelp.com/biz/rhode-island-bartending-school-johnston?adjust_creative=tzi52j1y9497qJtBsFV1mg&utm_campaign=yelp_api_v3&utm_medium=api_v3_business_search&utm_source=tzi52j1y9497qJtBsFV1mg,5.0,1395 Atwood Ave,Johnston,RI,02919,(401) 946-8132,1395 Atwood Ave,1
41.631414,-71.145549,school,Newport County Driving School,https://www.yelp.com/biz/newport-county-driving-school-tiverton?adjust_creative=tzi52j1y9497qJtBsFV1mg&utm_campaign=yelp_api_v3&utm_medium=api_v3_business_search&utm_source=tzi52j1y9497qJtBsFV1mg,4.5,1148 Stanford Rd,Tiverton,RI,02878,(401) 612-6237,1148 Stanford Rd,4
41.867916,-71.434904,school,School of Rock North Providence,https://www.yelp.com/biz/school-of-rock-north-providence-north-providence?adjust_creative=tzi52j1y9497qJtBsFV1mg&utm_campaign=yelp_api_v3&utm_medium=api_v3_business_search&utm_source=tzi52j1y9497qJtBsFV1mg,3.5,1270 Mineral Spring Ave,North Providence,RI,02904,(401) 305-7701,1270 Mineral Spring Ave,3
41.7550321,-71.4338377,school,Precious Angels Child Center,https://www.yelp.com/biz/precious-angels-child-center-warwick?adjust_creative=tzi52j1y9497qJtBsFV1mg&utm_campaign=yelp_api_v3&utm_medium=api_v3_business_search&utm_source=tzi52j1y9497qJtBsFV1mg,5.0,20 Jefferson Park Rd,Warwick,RI,02888,(401) 780-8885,20 Jefferson Park Rd,3
41.821605682373,-71.4223937988281,school,Arthur Angelo's School of Cosmetology & Hair Desgn,https://www.yelp.com/biz/arthur-angelos-school-of-cosmetology-and-hair-desgn-providence?adjust_creative=tzi52j1y9497qJtBsFV1mg&utm_campaign=yelp_api_v3&utm_medium=api_v3_business_search&utm_source=tzi52j1y9497qJtBsFV1mg,1.0,151 Broadway,Providence,RI,02903,(401) 272-5460,151 Broadway,1
41.8191947937012,-71.4436569213867,school,Dr. Day Care Providence,https://www.yelp.com/biz/dr-day-care-providence-providence-3?adjust_creative=tzi52j1y9497qJtBsFV1mg&utm_campaign=yelp_api_v3&utm_medium=api_v3_business_search&utm_source=tzi52j1y9497qJtBsFV1mg,2.0,133 Delaine St,Providence,RI,02909,(401) 228-8554,133 Delaine St,1
41.8164902,-71.3646236,school,Newport Massage School,https://www.yelp.com/biz/newport-massage-school-no-title?adjust_creative=tzi52j1y9497qJtBsFV1mg&utm_campaign=yelp_api_v3&utm_medium=api_v3_business_search&utm_source=tzi52j1y9497qJtBsFV1mg,1.0,,RI,RI,02914,(401) 862-1314,,1
41.8173212204188,-71.4367736718971,school,Paul Cuffee Middle School,https://www.yelp.com/biz/paul-cuffee-middle-school-providence?adjust_creative=tzi52j1y9497qJtBsFV1mg&utm_campaign=yelp_api_v3&utm_medium=api_v3_business_search&utm_source=tzi52j1y9497qJtBsFV1mg,1.0,30 Barton St,Providence,RI,02909,(401) 453-2711,30 Barton St,1
41.7707023620605,-71.4694747924805,school,Miss Lee Ann's Early Learning Center,https://www.yelp.com/biz/miss-lee-anns-early-learning-center-cranston?adjust_creative=tzi52j1y9497qJtBsFV1mg&utm_campaign=yelp_api_v3&utm_medium=api_v3_business_search&utm_source=tzi52j1y9497qJtBsFV1mg,3.5,180 Oaklawn Ave,Cranston,RI,02920,(401) 942-3331,180 Oaklawn Ave,3
41.8906498,-71.3727088,school,Pires Auto School,https://www.yelp.com/biz/pires-auto-school-pawtucket?adjust_creative=tzi52j1y9497qJtBsFV1mg&utm_campaign=yelp_api_v3&utm_medium=api_v3_business_search&utm_source=tzi52j1y9497qJtBsFV1mg,1.0,6 Webster St,Pawtucket,RI,02860,(401) 722-3098,6 Webster St,3
41.790706,-71.32105,school,Cadence Academy Preschool,https://www.yelp.com/biz/cadence-academy-preschool-seekonk?adjust_creative=tzi52j1y9497qJtBsFV1mg&utm_campaign=yelp_api_v3&utm_medium=api_v3_business_search&utm_source=tzi52j1y9497qJtBsFV1mg,5.0,1334 Fall River Avenue,Seekonk,MA,02771,(508) 336-2677,1334 Fall River Avenue,3
41.767895,-71.457906,school,Cadence Academy Preschool,https://www.yelp.com/biz/cadence-academy-preschool-cranston?adjust_creative=tzi52j1y9497qJtBsFV1mg&utm_campaign=yelp_api_v3&utm_medium=api_v3_business_search&utm_source=tzi52j1y9497qJtBsFV1mg,3.0,546 Budlong Road,Cranston,RI,02920,(401) 228-3317,546 Budlong Road,2
41.8160004,-71.4961621,school,Ozga EMS Training,https://www.yelp.com/biz/ozga-ems-training-johnston?adjust_creative=tzi52j1y9497qJtBsFV1mg&utm_campaign=yelp_api_v3&utm_medium=api_v3_business_search&utm_source=tzi52j1y9497qJtBsFV1mg,5.0,1395 Atwood Ave,Johnston,RI,02919,(401) 524-8281,1395 Atwood Ave,1
41.9381942749023,-71.2781448364258,school,Enlighten Tutoring and Test Prep,https://www.yelp.com/biz/enlighten-tutoring-and-test-prep-attleboro?adjust_creative=tzi52j1y9497qJtBsFV1mg&utm_campaign=yelp_api_v3&utm_medium=api_v3_business_search&utm_source=tzi52j1y9497qJtBsFV1mg,5.0,,Attleboro,MA,02703,(508) 455-5758,,1
41.79184,-71.32432,school,Mtti,https://www.yelp.com/biz/mtti-seekonk?adjust_creative=tzi52j1y9497qJtBsFV1mg&utm_campaign=yelp_api_v3&utm_medium=api_v3_business_search&utm_source=tzi52j1y9497qJtBsFV1mg,5.0,1241 Fall River Ave,Seekonk,MA,02771,(508) 336-6611,1241 Fall River Ave,2
41.7821960449219,-71.3933944702148,school,Johnson & Wales University,https://www.yelp.com/biz/johnson-and-wales-university-cranston?adjust_creative=tzi52j1y9497qJtBsFV1mg&utm_campaign=yelp_api_v3&utm_medium=api_v3_business_search&utm_source=tzi52j1y9497qJtBsFV1mg,2.0,1144 Narragansett Blvd,Cranston,RI,02905,(401) 598-1103,1144 Narragansett Blvd,3
41.8614120483398,-71.486946105957,school,Tri-Town Head Start,https://www.yelp.com/biz/tri-town-head-start-north-providence?adjust_creative=tzi52j1y9497qJtBsFV1mg&utm_campaign=yelp_api_v3&utm_medium=api_v3_business_search&utm_source=tzi52j1y9497qJtBsFV1mg,5.0,79 Waterman Ave,North Providence,RI,02911,(401) 232-5444,79 Waterman Ave,1
41.773605,-71.466141,school,Learning Brooke,https://www.yelp.com/biz/learning-brooke-cranston?adjust_creative=tzi52j1y9497qJtBsFV1mg&utm_campaign=yelp_api_v3&utm_medium=api_v3_business_search&utm_source=tzi52j1y9497qJtBsFV1mg,4.0,1170 Pontiac Ave,Cranston,RI,02920,(401) 941-3705,1170 Pontiac Ave,3
41.6985086818285,-71.1607193405323,school,A & M Driving School,https://www.yelp.com/biz/a-and-m-driving-school-fall-river?adjust_creative=tzi52j1y9497qJtBsFV1mg&utm_campaign=yelp_api_v3&utm_medium=api_v3_business_search&utm_source=tzi52j1y9497qJtBsFV1mg,3.0,206 Washington St,Fall River,MA,02721,(508) 674-4530,206 Washington St,9
41.8751411437988,-71.3546600341797,school,Darlington Early Childhood Center,https://www.yelp.com/biz/darlington-early-childhood-center-pawtucket?adjust_creative=tzi52j1y9497qJtBsFV1mg&utm_campaign=yelp_api_v3&utm_medium=api_v3_business_search&utm_source=tzi52j1y9497qJtBsFV1mg,5.0,680 Newport Ave,Pawtucket,RI,02861,(401) 725-6240,680 Newport Ave,3
41.8125412,-71.3190669,school,It's A Small World Day Care Center & Nursery School,https://www.yelp.com/biz/its-a-small-world-day-care-center-and-nursery-school-seekonk?adjust_creative=tzi52j1y9497qJtBsFV1mg&utm_campaign=yelp_api_v3&utm_medium=api_v3_business_search&utm_source=tzi52j1y9497qJtBsFV1mg,5.0,50 Olney St,Seekonk,MA,02771,(508) 336-5557,50 Olney St,2
41.87857,-71.38501,school,Pawtucket Family Branch YMCA,https://www.yelp.com/biz/pawtucket-family-branch-ymca-pawtucket?adjust_creative=tzi52j1y9497qJtBsFV1mg&utm_campaign=yelp_api_v3&utm_medium=api_v3_business_search&utm_source=tzi52j1y9497qJtBsFV1mg,4.0,20 Summer St,Pawtucket,RI,02860,(401) 727-7900,20 Summer St,3
41.8949012756348,-71.4149627685547,school,Hand In Hand Christian Preschool,https://www.yelp.com/biz/hand-in-hand-christian-preschool-lincoln?adjust_creative=tzi52j1y9497qJtBsFV1mg&utm_campaign=yelp_api_v3&utm_medium=api_v3_business_search&utm_source=tzi52j1y9497qJtBsFV1mg,5.0,55 Woodland St,Lincoln,RI,02865,(401) 333-0303,55 Woodland St,1
41.799644,-71.367218,school,Oliver Day School,https://www.yelp.com/biz/oliver-day-school-east-providence?adjust_creative=tzi52j1y9497qJtBsFV1mg&utm_campaign=yelp_api_v3&utm_medium=api_v3_business_search&utm_source=tzi52j1y9497qJtBsFV1mg,1.0,162 Robinson St,East Providence,RI,02914,(401) 434-4434,162 Robinson St,2
41.1693990957485,-71.580541423109,school,Heliblock,https://www.yelp.com/biz/heliblock-new-shoreham?adjust_creative=tzi52j1y9497qJtBsFV1mg&utm_campaign=yelp_api_v3&utm_medium=api_v3_business_search&utm_source=tzi52j1y9497qJtBsFV1mg,5.0,1 Center Rd,New Shoreham,RI,02807,(401) 859-1001,1 Center Rd,1
41.8527412,-71.3531723,school,Little Scholars Preschool,https://www.yelp.com/biz/little-scholars-preschool-rumford?adjust_creative=tzi52j1y9497qJtBsFV1mg&utm_campaign=yelp_api_v3&utm_medium=api_v3_business_search&utm_source=tzi52j1y9497qJtBsFV1mg,5.0,355 Ferris Ave,Rumford,RI,02916,(401) 434-1234,355 Ferris Ave,1
41.7659426,-71.4064673,school,Herff Jones,https://www.yelp.com/biz/herff-jones-warwick?adjust_creative=tzi52j1y9497qJtBsFV1mg&utm_campaign=yelp_api_v3&utm_medium=api_v3_business_search&utm_source=tzi52j1y9497qJtBsFV1mg,2.0,150 Herff Jones Way,Warwick,RI,02888,(800) 451-3304,150 Herff Jones Way,13
41.88034,-71.405893,school,New England Tractor Trailer Training School,https://www.yelp.com/biz/new-england-tractor-trailer-training-school-pawtucket-2?adjust_creative=tzi52j1y9497qJtBsFV1mg&utm_campaign=yelp_api_v3&utm_medium=api_v3_business_search&utm_source=tzi52j1y9497qJtBsFV1mg,2.5,600 Moshassuck Valley Ind Hwy,Pawtucket,RI,02860,(401) 725-1220,600 Moshassuck Valley Ind Hwy,2
41.875999,-71.39743,school,Dr. Day Care Pawtucket Thornley St.,https://www.yelp.com/biz/dr-day-care-pawtucket-thornley-st-pawtucket-3?adjust_creative=tzi52j1y9497qJtBsFV1mg&utm_campaign=yelp_api_v3&utm_medium=api_v3_business_search&utm_source=tzi52j1y9497qJtBsFV1mg,1.0,25 Thornley St,Pawtucket,RI,02860,(401) 722-7000,25 Thornley St,1
41.8383858,-71.4004725,school,East Side/Mount Hope YMCA,https://www.yelp.com/biz/east-side-mount-hope-ymca-providence?adjust_creative=tzi52j1y9497qJtBsFV1mg&utm_campaign=yelp_api_v3&utm_medium=api_v3_business_search&utm_source=tzi52j1y9497qJtBsFV1mg,3.0,438 Hope St,Providence,RI,02906,(401) 521-0155,438 Hope St,20
41.8969879150391,-71.3246917724609,school,Alphabet Soup,https://www.yelp.com/biz/alphabet-soup-seekonk-2?adjust_creative=tzi52j1y9497qJtBsFV1mg&utm_campaign=yelp_api_v3&utm_medium=api_v3_business_search&utm_source=tzi52j1y9497qJtBsFV1mg,1.0,440 Central Ave,Seekonk,MA,02771,(508) 761-7687,440 Central Ave,2
42.186946,-71.178086,school,Blue Hill Helicopters,https://www.yelp.com/biz/blue-hill-helicopters-norwood-3?adjust_creative=tzi52j1y9497qJtBsFV1mg&utm_campaign=yelp_api_v3&utm_medium=api_v3_business_search&utm_source=tzi52j1y9497qJtBsFV1mg,3.5,125 Access Rd,Norwood,MA,02062,(781) 688-0263,125 Access Rd,29
41.7887249,-69.9374576,school,Nauset Surf School,https://www.yelp.com/biz/nauset-surf-school-orleans?adjust_creative=tzi52j1y9497qJtBsFV1mg&utm_campaign=yelp_api_v3&utm_medium=api_v3_business_search&utm_source=tzi52j1y9497qJtBsFV1mg,5.0,250 Beach Rd,Orleans,MA,02653,(508) 469-9889,250 Beach Rd,4
