42.351603,-71.064892,theater,Cutler Majestic Theatre,https://www.yelp.com/biz/cutler-majestic-theatre-boston?adjust_creative=tzi52j1y9497qJtBsFV1mg&utm_campaign=yelp_api_v3&utm_medium=api_v3_business_search&utm_source=tzi52j1y9497qJtBsFV1mg,4.0,219 Tremont St,Boston,MA,02116,(617) 824-8000,219 Tremont St,42
42.35401,-71.06237,theater,Boston Opera House,https://www.yelp.com/biz/boston-opera-house-boston-2?adjust_creative=tzi52j1y9497qJtBsFV1mg&utm_campaign=yelp_api_v3&utm_medium=api_v3_business_search&utm_source=tzi52j1y9497qJtBsFV1mg,4.5,539 Washington St,Boston,MA,02111,(617) 259-3400,539 Washington St,225
42.3427102570505,-71.1224337,theater,Coolidge Corner Theatre,https://www.yelp.com/biz/coolidge-corner-theatre-brookline-2?adjust_creative=tzi52j1y9497qJtBsFV1mg&utm_campaign=yelp_api_v3&utm_medium=api_v3_business_search&utm_source=tzi52j1y9497qJtBsFV1mg,4.5,290 Harvard St,Brookline,MA,02446,(617) 734-2500,290 Harvard St,384
42.3748956554954,-71.1229155610334,theater,American Repertory Theater,https://www.yelp.com/biz/american-repertory-theater-cambridge?adjust_creative=tzi52j1y9497qJtBsFV1mg&utm_campaign=yelp_api_v3&utm_medium=api_v3_business_search&utm_source=tzi52j1y9497qJtBsFV1mg,4.5,64 Brattle St,Cambridge,MA,02138,(617) 547-8300,64 Brattle St,88
42.3416900634766,-71.0856018066406,theater,Huntington Theatre Company,https://www.yelp.com/biz/huntington-theatre-company-boston?adjust_creative=tzi52j1y9497qJtBsFV1mg&utm_campaign=yelp_api_v3&utm_medium=api_v3_business_search&utm_source=tzi52j1y9497qJtBsFV1mg,4.0,264 Huntington Ave,Boston,MA,02115,(617) 266-0800,264 Huntington Ave,70
42.35316,-71.06403,theater,AMC Boston Common 19,https://www.yelp.com/biz/amc-boston-common-19-boston?adjust_creative=tzi52j1y9497qJtBsFV1mg&utm_campaign=yelp_api_v3&utm_medium=api_v3_business_search&utm_source=tzi52j1y9497qJtBsFV1mg,3.0,175 Tremont St,Boston,MA,02111,(617) 423-5801,175 Tremont St,565
42.348635,-71.074517,theater,Lyric Stage Company of Boston,https://www.yelp.com/biz/lyric-stage-company-of-boston-boston-2?adjust_creative=tzi52j1y9497qJtBsFV1mg&utm_campaign=yelp_api_v3&utm_medium=api_v3_business_search&utm_source=tzi52j1y9497qJtBsFV1mg,4.5,140 Clarendon St,Boston,MA,02116,(617) 585-5678,140 Clarendon St,27
42.34999,-71.06618,theater,Charles Playhouse,https://www.yelp.com/biz/charles-playhouse-boston?adjust_creative=tzi52j1y9497qJtBsFV1mg&utm_campaign=yelp_api_v3&utm_medium=api_v3_business_search&utm_source=tzi52j1y9497qJtBsFV1mg,4.0,74 Warrenton St,Boston,MA,02116,(617) 426-6912,74 Warrenton St,69
42.344438903,-71.0713296132,theater,Boston Center for the Arts,https://www.yelp.com/biz/boston-center-for-the-arts-boston?adjust_creative=tzi52j1y9497qJtBsFV1mg&utm_campaign=yelp_api_v3&utm_medium=api_v3_business_search&utm_source=tzi52j1y9497qJtBsFV1mg,4.0,539 Tremont St,Boston,MA,02116,(617) 426-5000,539 Tremont St,24
42.3966949145633,-71.1230196123032,theater,Somerville Theatre,https://www.yelp.com/biz/somerville-theatre-somerville?adjust_creative=tzi52j1y9497qJtBsFV1mg&utm_campaign=yelp_api_v3&utm_medium=api_v3_business_search&utm_source=tzi52j1y9497qJtBsFV1mg,4.5,55 Davis Sq,Somerville,MA,02144,(617) 625-5700,55 Davis Sq,464
42.3537183,-71.0625274,theater,Emerson Paramount Center,https://www.yelp.com/biz/emerson-paramount-center-boston?adjust_creative=tzi52j1y9497qJtBsFV1mg&utm_campaign=yelp_api_v3&utm_medium=api_v3_business_search&utm_source=tzi52j1y9497qJtBsFV1mg,5.0,559 Washington St,Boston,MA,02111,(617) 824-8000,559 Washington St,5
42.3636449,-71.101025,theater,Central Square Theater,https://www.yelp.com/biz/central-square-theater-cambridge-2?adjust_creative=tzi52j1y9497qJtBsFV1mg&utm_campaign=yelp_api_v3&utm_medium=api_v3_business_search&utm_source=tzi52j1y9497qJtBsFV1mg,4.0,450 Mass Ave,Cambridge,MA,02139,(617) 576-9278,450 Mass Ave,24
42.3502795074208,-71.0649666596031,theater,Boch Center - Wang Theatre,https://www.yelp.com/biz/boch-center-wang-theatre-boston-3?adjust_creative=tzi52j1y9497qJtBsFV1mg&utm_campaign=yelp_api_v3&utm_medium=api_v3_business_search&utm_source=tzi52j1y9497qJtBsFV1mg,3.5,270 Tremont St,Boston,MA,02116,(617) 532-1255,270 Tremont St,152
42.344496,-71.101657,theater,Regal Fenway & RPX,https://www.yelp.com/biz/regal-fenway-and-rpx-boston-2?adjust_creative=tzi52j1y9497qJtBsFV1mg&utm_campaign=yelp_api_v3&utm_medium=api_v3_business_search&utm_source=tzi52j1y9497qJtBsFV1mg,3.5,201 Brookline Ave,Boston,MA,02215,(844) 462-7342,201 Brookline Ave,311
42.36299,-71.05557,theater,Improv Asylum,https://www.yelp.com/biz/improv-asylum-boston?adjust_creative=tzi52j1y9497qJtBsFV1mg&utm_campaign=yelp_api_v3&utm_medium=api_v3_business_search&utm_source=tzi52j1y9497qJtBsFV1mg,4.0,216 Hanover St,Boston,MA,02113,(617) 263-6887,216 Hanover St,364
42.368196,-71.090026,theater,Kendall Square Cinema,https://www.yelp.com/biz/kendall-square-cinema-cambridge?adjust_creative=tzi52j1y9497qJtBsFV1mg&utm_campaign=yelp_api_v3&utm_medium=api_v3_business_search&utm_source=tzi52j1y9497qJtBsFV1mg,4.0,355 Binney St,Cambridge,MA,02139,(617) 621-1202,355 Binney St,297
42.4193011969328,-71.1091040074825,theater,Chevalier Theater,https://www.yelp.com/biz/chevalier-theater-medford-2?adjust_creative=tzi52j1y9497qJtBsFV1mg&utm_campaign=yelp_api_v3&utm_medium=api_v3_business_search&utm_source=tzi52j1y9497qJtBsFV1mg,2.0,30 Forest St,Medford,MA,02155,(781) 391-7469,30 Forest St,83
42.3220987,-71.1706381,theater,Showcase SuperLux,https://www.yelp.com/biz/showcase-superlux-newton-2?adjust_creative=tzi52j1y9497qJtBsFV1mg&utm_campaign=yelp_api_v3&utm_medium=api_v3_business_search&utm_source=tzi52j1y9497qJtBsFV1mg,3.0,55 Boylston Ste,Newton,MA,02467,(800) 315-4000,55 Boylston Ste,322
42.344531,-71.070867,theater,Calderwood Pavilion,https://www.yelp.com/biz/calderwood-pavilion-boston?adjust_creative=tzi52j1y9497qJtBsFV1mg&utm_campaign=yelp_api_v3&utm_medium=api_v3_business_search&utm_source=tzi52j1y9497qJtBsFV1mg,4.0,527 Tremont St,Boston,MA,02115,(617) 933-8600,527 Tremont St,19
42.37362,-71.12139,theater,The Brattle Theatre,https://www.yelp.com/biz/the-brattle-theatre-cambridge?adjust_creative=tzi52j1y9497qJtBsFV1mg&utm_campaign=yelp_api_v3&utm_medium=api_v3_business_search&utm_source=tzi52j1y9497qJtBsFV1mg,4.5,40 Brattle St,Cambridge,MA,02138,(617) 876-6837,40 Brattle St,180
42.2295,-71.176587,theater,Showcase Cinema de Lux Legacy Place,https://www.yelp.com/biz/showcase-cinema-de-lux-legacy-place-dedham?adjust_creative=tzi52j1y9497qJtBsFV1mg&utm_campaign=yelp_api_v3&utm_medium=api_v3_business_search&utm_source=tzi52j1y9497qJtBsFV1mg,3.0,200 Elm St,Dedham,MA,02026,(800) 315-4000,200 Elm St,251
42.364377,-71.063356,theater,ArcLight Cinemas - Boston,https://www.yelp.com/biz/arclight-cinemas-boston-boston?adjust_creative=tzi52j1y9497qJtBsFV1mg&utm_campaign=yelp_api_v3&utm_medium=api_v3_business_search&utm_source=tzi52j1y9497qJtBsFV1mg,3.0,60 Causeway St,Boston,MA,02114,(323) 615-2550,60 Causeway St,27
42.34998,-71.0674499,theater,Jacques Cabaret,https://www.yelp.com/biz/jacques-cabaret-boston?adjust_creative=tzi52j1y9497qJtBsFV1mg&utm_campaign=yelp_api_v3&utm_medium=api_v3_business_search&utm_source=tzi52j1y9497qJtBsFV1mg,4.0,79 Broadway,Boston,MA,02116,(617) 426-8902,79 Broadway,223
42.3507466486512,-71.0648247643813,theater,Wilbur Theatre,https://www.yelp.com/biz/wilbur-theatre-boston?adjust_creative=tzi52j1y9497qJtBsFV1mg&utm_campaign=yelp_api_v3&utm_medium=api_v3_business_search&utm_source=tzi52j1y9497qJtBsFV1mg,2.5,246 Tremont St,Boston,MA,02116,(617) 248-9700,246 Tremont St,255
42.34999,-71.06618,theater,Shear Madness - A Comedy Whodunit,https://www.yelp.com/biz/shear-madness-a-comedy-whodunit-boston?adjust_creative=tzi52j1y9497qJtBsFV1mg&utm_campaign=yelp_api_v3&utm_medium=api_v3_business_search&utm_source=tzi52j1y9497qJtBsFV1mg,4.5,74 Warrenton St,Boston,MA,02116,(617) 426-5225,74 Warrenton St,163
42.3897888511419,-71.0387027263641,theater,Apollinaire Theatre Company,https://www.yelp.com/biz/apollinaire-theatre-company-chelsea?adjust_creative=tzi52j1y9497qJtBsFV1mg&utm_campaign=yelp_api_v3&utm_medium=api_v3_business_search&utm_source=tzi52j1y9497qJtBsFV1mg,5.0,189 Winnisimmet St,Chelsea,MA,02150,(617) 887-2336,189 Winnisimmet St,12
42.414953,-71.150575,theater,Regent Theatre,https://www.yelp.com/biz/regent-theatre-arlington?adjust_creative=tzi52j1y9497qJtBsFV1mg&utm_campaign=yelp_api_v3&utm_medium=api_v3_business_search&utm_source=tzi52j1y9497qJtBsFV1mg,3.5,7 Medford St,Arlington,MA,02474,(781) 646-4849,7 Medford St,29
42.479137,-71.100489,theater,Greater Boston Stage Company,https://www.yelp.com/biz/greater-boston-stage-company-stoneham?adjust_creative=tzi52j1y9497qJtBsFV1mg&utm_campaign=yelp_api_v3&utm_medium=api_v3_business_search&utm_source=tzi52j1y9497qJtBsFV1mg,4.5,395 Main St,Stoneham,MA,02180,(781) 279-2200,395 Main St,23
42.3428192138672,-71.085693359375,theater,Boston Symphony Hall,https://www.yelp.com/biz/boston-symphony-hall-boston-2?adjust_creative=tzi52j1y9497qJtBsFV1mg&utm_campaign=yelp_api_v3&utm_medium=api_v3_business_search&utm_source=tzi52j1y9497qJtBsFV1mg,4.5,301 Massachusetts Ave,Boston,MA,02115,(617) 266-1492,301 Massachusetts Ave,194
42.31589,-71.0656,theater,Strand Theatre,https://www.yelp.com/biz/strand-theatre-dorchester?adjust_creative=tzi52j1y9497qJtBsFV1mg&utm_campaign=yelp_api_v3&utm_medium=api_v3_business_search&utm_source=tzi52j1y9497qJtBsFV1mg,4.0,543 Columbia Rd,Dorchester,MA,02125,(617) 635-1403,543 Columbia Rd,9
42.3626814503221,-71.1646486456118,theater,New Repertory Theatre,https://www.yelp.com/biz/new-repertory-theatre-watertown?adjust_creative=tzi52j1y9497qJtBsFV1mg&utm_campaign=yelp_api_v3&utm_medium=api_v3_business_search&utm_source=tzi52j1y9497qJtBsFV1mg,4.0,321 Arsenal St,Watertown,MA,02472,(617) 923-8487,321 Arsenal St,12
42.3503978,-71.0653975,theater,Boch Center - Shubert Theatre,https://www.yelp.com/biz/boch-center-shubert-theatre-boston?adjust_creative=tzi52j1y9497qJtBsFV1mg&utm_campaign=yelp_api_v3&utm_medium=api_v3_business_search&utm_source=tzi52j1y9497qJtBsFV1mg,3.0,265 Tremont St,Boston,MA,02116,(866) 348-9738,265 Tremont St,47
42.3562597614426,-71.0610242967731,theater,Orpheum Theater,https://www.yelp.com/biz/orpheum-theater-boston?adjust_creative=tzi52j1y9497qJtBsFV1mg&utm_campaign=yelp_api_v3&utm_medium=api_v3_business_search&utm_source=tzi52j1y9497qJtBsFV1mg,2.5,1 Hamilton Pl,Boston,MA,02108,(617) 482-0106,1 Hamilton Pl,198
42.370948,-71.1143491,theater,Oberon,https://www.yelp.com/biz/oberon-cambridge?adjust_creative=tzi52j1y9497qJtBsFV1mg&utm_campaign=yelp_api_v3&utm_medium=api_v3_business_search&utm_source=tzi52j1y9497qJtBsFV1mg,4.0,2 Arrow St,Cambridge,MA,02138,(617) 547-8300,2 Arrow St,73
42.405777,-71.142808,theater,Capitol Theatre,https://www.yelp.com/biz/capitol-theatre-arlington?adjust_creative=tzi52j1y9497qJtBsFV1mg&utm_campaign=yelp_api_v3&utm_medium=api_v3_business_search&utm_source=tzi52j1y9497qJtBsFV1mg,4.0,204 Massachusetts Ave,Arlington,MA,02474,(781) 648-4340,204 Massachusetts Ave,125
42.3506393432617,-71.0763473510742,theater,The Theater Offensive,https://www.yelp.com/biz/the-theater-offensive-boston-3?adjust_creative=tzi52j1y9497qJtBsFV1mg&utm_campaign=yelp_api_v3&utm_medium=api_v3_business_search&utm_source=tzi52j1y9497qJtBsFV1mg,5.0,565 Boylston St,Boston,MA,02116,(617) 661-1600,565 Boylston St,4
42.35001,-71.06565,theater,Hot Mess! Sundays,https://www.yelp.com/biz/hot-mess-sundays-boston?adjust_creative=tzi52j1y9497qJtBsFV1mg&utm_campaign=yelp_api_v3&utm_medium=api_v3_business_search&utm_source=tzi52j1y9497qJtBsFV1mg,5.0,279 Tremont St,Boston,MA,02116,(617) 819-4297,279 Tremont St,6
42.376,-71.11747,theater,Communication Matters Studio,https://www.yelp.com/biz/communication-matters-studio-cambridge?adjust_creative=tzi52j1y9497qJtBsFV1mg&utm_campaign=yelp_api_v3&utm_medium=api_v3_business_search&utm_source=tzi52j1y9497qJtBsFV1mg,5.0,,Cambridge,MA,02138,(617) 768-7860,,5
42.3725,-71.11793,theater,The Hasty Pudding,https://www.yelp.com/biz/the-hasty-pudding-cambridge?adjust_creative=tzi52j1y9497qJtBsFV1mg&utm_campaign=yelp_api_v3&utm_medium=api_v3_business_search&utm_source=tzi52j1y9497qJtBsFV1mg,4.5,12 Holyoke St,Cambridge,MA,02138,(617) 495-5205,12 Holyoke St,22
42.21859,-71.03324,theater,AMC Braintree 10,https://www.yelp.com/biz/amc-braintree-10-braintree-3?adjust_creative=tzi52j1y9497qJtBsFV1mg&utm_campaign=yelp_api_v3&utm_medium=api_v3_business_search&utm_source=tzi52j1y9497qJtBsFV1mg,3.5,121 Grandview Road,Braintree,MA,02184,(781) 356-0112,121 Grandview Road,199
42.343114,-71.105098,theater,Wheelock Family Theatre,https://www.yelp.com/biz/wheelock-family-theatre-boston?adjust_creative=tzi52j1y9497qJtBsFV1mg&utm_campaign=yelp_api_v3&utm_medium=api_v3_business_search&utm_source=tzi52j1y9497qJtBsFV1mg,4.5,Wheelock College,Boston,MA,02215,(617) 879-2300,Wheelock College,17
42.2479463,-71.1730524,theater,Dedham Community Theatre,https://www.yelp.com/biz/dedham-community-theatre-dedham?adjust_creative=tzi52j1y9497qJtBsFV1mg&utm_campaign=yelp_api_v3&utm_medium=api_v3_business_search&utm_source=tzi52j1y9497qJtBsFV1mg,4.5,580 High St,Dedham,MA,02026,(781) 326-1463,580 High St,42
42.350191,-71.066407,theater,Shakespeare on the Common,https://www.yelp.com/biz/shakespeare-on-the-common-boston-2?adjust_creative=tzi52j1y9497qJtBsFV1mg&utm_campaign=yelp_api_v3&utm_medium=api_v3_business_search&utm_source=tzi52j1y9497qJtBsFV1mg,4.5,Boston Common,Boston,MA,02116,(617) 426-0863,Boston Common,40
42.332995212175,-71.116870419574,theater,Puppet Showplace Theater,https://www.yelp.com/biz/puppet-showplace-theater-brookline?adjust_creative=tzi52j1y9497qJtBsFV1mg&utm_campaign=yelp_api_v3&utm_medium=api_v3_business_search&utm_source=tzi52j1y9497qJtBsFV1mg,4.0,32 Station St,Brookline,MA,02445,(617) 731-6400,32 Station St,28
42.34474,-71.07193,theater,Boston Ballet,https://www.yelp.com/biz/boston-ballet-boston?adjust_creative=tzi52j1y9497qJtBsFV1mg&utm_campaign=yelp_api_v3&utm_medium=api_v3_business_search&utm_source=tzi52j1y9497qJtBsFV1mg,4.0,19 Clarendon St,Boston,MA,02116,(617) 695-6955,19 Clarendon St,35
42.371688,-71.235771,theater,Embassy Cinema,https://www.yelp.com/biz/embassy-cinema-waltham?adjust_creative=tzi52j1y9497qJtBsFV1mg&utm_campaign=yelp_api_v3&utm_medium=api_v3_business_search&utm_source=tzi52j1y9497qJtBsFV1mg,4.0,16 Pine St,Waltham,MA,02453,(781) 736-7852,16 Pine St,95
42.4969101,-71.2261963,theater,Academy of Creative Arts,https://www.yelp.com/biz/academy-of-creative-arts-burlington?adjust_creative=tzi52j1y9497qJtBsFV1mg&utm_campaign=yelp_api_v3&utm_medium=api_v3_business_search&utm_source=tzi52j1y9497qJtBsFV1mg,5.0,12 A St,Burlington,MA,01803,(612) 888-2187,12 A St,2
42.4477311097671,-71.22819930251,theater,Lexington Venue,https://www.yelp.com/biz/lexington-venue-lexington?adjust_creative=tzi52j1y9497qJtBsFV1mg&utm_campaign=yelp_api_v3&utm_medium=api_v3_business_search&utm_source=tzi52j1y9497qJtBsFV1mg,4.0,1794 Massachusetts Ave,Lexington,MA,02420,(781) 861-6161,1794 Massachusetts Ave,25
42.3559914,-71.071228,theater,Four-Handed Illusions: An Intimate Evening of Laughs and Wonder,https://www.yelp.com/biz/four-handed-illusions-an-intimate-evening-of-laughs-and-wonder-boston?adjust_creative=tzi52j1y9497qJtBsFV1mg&utm_campaign=yelp_api_v3&utm_medium=api_v3_business_search&utm_source=tzi52j1y9497qJtBsFV1mg,5.0,84 Beacon St,Boston,MA,02108,(781) 850-6924,84 Beacon St,39
42.4323263,-71.0199576,theater,Showcase Cinema de Lux Revere,https://www.yelp.com/biz/showcase-cinema-de-lux-revere-revere?adjust_creative=tzi52j1y9497qJtBsFV1mg&utm_campaign=yelp_api_v3&utm_medium=api_v3_business_search&utm_source=tzi52j1y9497qJtBsFV1mg,3.0,565 Squire Rd,Revere,MA,02151,(800) 315-4000,565 Squire Rd,192
42.352276,-71.065403,theater,Emerson Colonial Theatre,https://www.yelp.com/biz/emerson-colonial-theatre-boston?adjust_creative=tzi52j1y9497qJtBsFV1mg&utm_campaign=yelp_api_v3&utm_medium=api_v3_business_search&utm_source=tzi52j1y9497qJtBsFV1mg,3.0,106 Boylston St,Boston,MA,02116,(888) 616-0272,106 Boylston St,28
42.3395892191152,-71.0879189736099,theater,Blackman Theatre,https://www.yelp.com/biz/blackman-theatre-boston?adjust_creative=tzi52j1y9497qJtBsFV1mg&utm_campaign=yelp_api_v3&utm_medium=api_v3_business_search&utm_source=tzi52j1y9497qJtBsFV1mg,3.5,360 Huntington Ave,Boston,MA,02115,(617) 373-4700,360 Huntington Ave,4
42.28684,-71.12736,theater,Riot Theater Company,https://www.yelp.com/biz/riot-theater-company-boston?adjust_creative=tzi52j1y9497qJtBsFV1mg&utm_campaign=yelp_api_v3&utm_medium=api_v3_business_search&utm_source=tzi52j1y9497qJtBsFV1mg,4.5,5 Basile St,Boston,MA,02131,(617) 942-0294,5 Basile St,18
42.3286347,-71.082099,theater,Hibernian Hall,https://www.yelp.com/biz/hibernian-hall-boston?adjust_creative=tzi52j1y9497qJtBsFV1mg&utm_campaign=yelp_api_v3&utm_medium=api_v3_business_search&utm_source=tzi52j1y9497qJtBsFV1mg,4.0,184 Dudley St,Boston,MA,02119,(617) 541-3900,184 Dudley St,5
42.34111,-71.08645,theater,NEC Prep New England Conservatory Prep,https://www.yelp.com/biz/nec-prep-new-england-conservatory-prep-boston?adjust_creative=tzi52j1y9497qJtBsFV1mg&utm_campaign=yelp_api_v3&utm_medium=api_v3_business_search&utm_source=tzi52j1y9497qJtBsFV1mg,4.5,290 Huntington Ave,Boston,MA,02115,(617) 585-1100,290 Huntington Ave,20
42.362915296219,-71.1646613571929,theater,The Mosesian Center for the Arts,https://www.yelp.com/biz/the-mosesian-center-for-the-arts-watertown?adjust_creative=tzi52j1y9497qJtBsFV1mg&utm_campaign=yelp_api_v3&utm_medium=api_v3_business_search&utm_source=tzi52j1y9497qJtBsFV1mg,4.5,321 Arsenal St,Watertown,MA,02472,(617) 923-0100,321 Arsenal St,7
42.3962640667998,-71.1221202407987,theater,The Slutcracker: A Burlesque,https://www.yelp.com/biz/the-slutcracker-a-burlesque-somerville?adjust_creative=tzi52j1y9497qJtBsFV1mg&utm_campaign=yelp_api_v3&utm_medium=api_v3_business_search&utm_source=tzi52j1y9497qJtBsFV1mg,3.5,55 Davis Sq,Somerville,MA,02144,(617) 625-5700,55 Davis Sq,37
42.3442775,-71.0713309,theater,Company One,https://www.yelp.com/biz/company-one-boston?adjust_creative=tzi52j1y9497qJtBsFV1mg&utm_campaign=yelp_api_v3&utm_medium=api_v3_business_search&utm_source=tzi52j1y9497qJtBsFV1mg,4.5,539 Tremont St,Boston,MA,02116,(617) 292-7110,539 Tremont St,3
42.35325,-71.06104,theater,History At Play,https://www.yelp.com/biz/history-at-play-boston-2?adjust_creative=tzi52j1y9497qJtBsFV1mg&utm_campaign=yelp_api_v3&utm_medium=api_v3_business_search&utm_source=tzi52j1y9497qJtBsFV1mg,5.0,None,Boston,MA,02112,(617) 752-2859,None,3
42.3810424,-71.0982388,theater,The Comedy Studio,https://www.yelp.com/biz/the-comedy-studio-somerville?adjust_creative=tzi52j1y9497qJtBsFV1mg&utm_campaign=yelp_api_v3&utm_medium=api_v3_business_search&utm_source=tzi52j1y9497qJtBsFV1mg,4.5,1 Bow Market Way,Somerville,MA,02143,(617) 661-6507,1 Bow Market Way,130
42.351969,-71.118834,theater,Boston Playwrights' Theatre,https://www.yelp.com/biz/boston-playwrights-theatre-boston?adjust_creative=tzi52j1y9497qJtBsFV1mg&utm_campaign=yelp_api_v3&utm_medium=api_v3_business_search&utm_source=tzi52j1y9497qJtBsFV1mg,4.5,949 Commonwealth Ave,Boston,MA,02215,(617) 353-5443,949 Commonwealth Ave,2
42.48128,-71.21947,theater,AMC Burlington Cinema 10,https://www.yelp.com/biz/amc-burlington-cinema-10-burlington-3?adjust_creative=tzi52j1y9497qJtBsFV1mg&utm_campaign=yelp_api_v3&utm_medium=api_v3_business_search&utm_source=tzi52j1y9497qJtBsFV1mg,2.5,20 South Avenue,Burlington,MA,01803,(781) 229-1931,20 South Avenue,120
42.310437,-71.115906,theater,The Footlight Club,https://www.yelp.com/biz/the-footlight-club-jamaica-plain?adjust_creative=tzi52j1y9497qJtBsFV1mg&utm_campaign=yelp_api_v3&utm_medium=api_v3_business_search&utm_source=tzi52j1y9497qJtBsFV1mg,4.0,7A Eliot St,Jamaica Plain,MA,02130,(617) 524-6506,7A Eliot St,20
42.2537384033203,-71.0276260375977,theater,In Sync Center of the Arts,https://www.yelp.com/biz/in-sync-center-of-the-arts-quincy-2?adjust_creative=tzi52j1y9497qJtBsFV1mg&utm_campaign=yelp_api_v3&utm_medium=api_v3_business_search&utm_source=tzi52j1y9497qJtBsFV1mg,5.0,550 Adams St,Quincy,MA,02169,(617) 328-5678,550 Adams St,2
42.38292,-71.0712099,theater,Charlestown Working Theater,https://www.yelp.com/biz/charlestown-working-theater-charlestown?adjust_creative=tzi52j1y9497qJtBsFV1mg&utm_campaign=yelp_api_v3&utm_medium=api_v3_business_search&utm_source=tzi52j1y9497qJtBsFV1mg,5.0,442 Bunker Hill St,Charlestown,MA,02129,(617) 242-3285,442 Bunker Hill St,2
42.35668,-71.06038,theater,First Night,https://www.yelp.com/biz/first-night-boston?adjust_creative=tzi52j1y9497qJtBsFV1mg&utm_campaign=yelp_api_v3&utm_medium=api_v3_business_search&utm_source=tzi52j1y9497qJtBsFV1mg,3.5,36 Bromfield St,Boston,MA,02116,(617) 542-1399,36 Bromfield St,11
42.366519,-71.1345059,theater,Herter Park Amphitheater,https://www.yelp.com/biz/herter-park-amphitheater-allston?adjust_creative=tzi52j1y9497qJtBsFV1mg&utm_campaign=yelp_api_v3&utm_medium=api_v3_business_search&utm_source=tzi52j1y9497qJtBsFV1mg,4.5,1175 Soldiers Field Rd,Allston,MA,02134,,1175 Soldiers Field Rd,4
42.3584223,-71.0933712,theater,MIT Kresge Auditorium,https://www.yelp.com/biz/mit-kresge-auditorium-cambridge?adjust_creative=tzi52j1y9497qJtBsFV1mg&utm_campaign=yelp_api_v3&utm_medium=api_v3_business_search&utm_source=tzi52j1y9497qJtBsFV1mg,4.0,48 Massachusetts Ave,Cambridge,MA,02139,(617) 253-9800,48 Massachusetts Ave,8
42.381548,-71.082176,theater,The Dinner Detective,https://www.yelp.com/biz/the-dinner-detective-boston-2?adjust_creative=tzi52j1y9497qJtBsFV1mg&utm_campaign=yelp_api_v3&utm_medium=api_v3_business_search&utm_source=tzi52j1y9497qJtBsFV1mg,3.5,30 Washington St,Boston,MA,02143,(866) 496-0535,30 Washington St,4
42.3515701,-71.1177063,theater,Cirque Du Soleil - Varekai,https://www.yelp.com/biz/cirque-du-soleil-varekai-boston?adjust_creative=tzi52j1y9497qJtBsFV1mg&utm_campaign=yelp_api_v3&utm_medium=api_v3_business_search&utm_source=tzi52j1y9497qJtBsFV1mg,3.0,925 Commonwealth Ave,Boston,MA,02215,,925 Commonwealth Ave,17
42.349767,-71.1643311,theater,ArtsEmerson,https://www.yelp.com/biz/artsemerson-boston?adjust_creative=tzi52j1y9497qJtBsFV1mg&utm_campaign=yelp_api_v3&utm_medium=api_v3_business_search&utm_source=tzi52j1y9497qJtBsFV1mg,3.0,559 Washington St,Boston,MA,02111,(617) 824-8000,559 Washington St,10
42.358794,-71.050194,theater,Simons IMAX Theatre,https://www.yelp.com/biz/simons-imax-theatre-boston?adjust_creative=tzi52j1y9497qJtBsFV1mg&utm_campaign=yelp_api_v3&utm_medium=api_v3_business_search&utm_source=tzi52j1y9497qJtBsFV1mg,4.0,1 Central Wharf,Boston,MA,02110,(617) 973-5200,1 Central Wharf,29
42.3448989,-71.0708549,theater,Boston Children's Theatre,https://www.yelp.com/biz/boston-childrens-theatre-boston-2?adjust_creative=tzi52j1y9497qJtBsFV1mg&utm_campaign=yelp_api_v3&utm_medium=api_v3_business_search&utm_source=tzi52j1y9497qJtBsFV1mg,4.0,527 Tremont St,Boston,MA,02116,(617) 424-6634,527 Tremont St,5
42.4971503,-71.160751,theater,Showcase Cinema de Lux Woburn,https://www.yelp.com/biz/showcase-cinemas-woburn-woburn?adjust_creative=tzi52j1y9497qJtBsFV1mg&utm_campaign=yelp_api_v3&utm_medium=api_v3_business_search&utm_source=tzi52j1y9497qJtBsFV1mg,3.0,25 Middesex Canal Pkwy,Woburn,MA,01801,(800) 315-4000,25 Middesex Canal Pkwy,150
42.3442775,-71.0713309,theater,Plaza Theatres at Boston Center for the Arts,https://www.yelp.com/biz/plaza-theatres-at-boston-center-for-the-arts-boston?adjust_creative=tzi52j1y9497qJtBsFV1mg&utm_campaign=yelp_api_v3&utm_medium=api_v3_business_search&utm_source=tzi52j1y9497qJtBsFV1mg,4.0,539 Tremont St,Boston,MA,02116,(617) 426-5000,539 Tremont St,2
42.3897362,-71.1059052,theater,Center for Arts at the Armory,https://www.yelp.com/biz/center-for-arts-at-the-armory-somerville?adjust_creative=tzi52j1y9497qJtBsFV1mg&utm_campaign=yelp_api_v3&utm_medium=api_v3_business_search&utm_source=tzi52j1y9497qJtBsFV1mg,4.5,191 Highland Ave,Somerville,MA,02143,(617) 718-2191,191 Highland Ave,31
42.3406474,-71.0757486,theater,Villa Victoria Center for the Arts,https://www.yelp.com/biz/villa-victoria-center-for-the-arts-boston-2?adjust_creative=tzi52j1y9497qJtBsFV1mg&utm_campaign=yelp_api_v3&utm_medium=api_v3_business_search&utm_source=tzi52j1y9497qJtBsFV1mg,4.5,85 W Newton St,Boston,MA,02118,(617) 927-1737,85 W Newton St,11
42.3684196472168,-71.109489440918,theater,Beyond the 4th Wall,https://www.yelp.com/biz/beyond-the-4th-wall-cambridge-2?adjust_creative=tzi52j1y9497qJtBsFV1mg&utm_campaign=yelp_api_v3&utm_medium=api_v3_business_search&utm_source=tzi52j1y9497qJtBsFV1mg,5.0,934 Massachusetts Ave,Cambridge,MA,02139,,934 Massachusetts Ave,2
42.3555,-71.05897,theater,Boston Lyric Opera,https://www.yelp.com/biz/boston-lyric-opera-boston?adjust_creative=tzi52j1y9497qJtBsFV1mg&utm_campaign=yelp_api_v3&utm_medium=api_v3_business_search&utm_source=tzi52j1y9497qJtBsFV1mg,3.0,45 Franklin St,Boston,MA,02110,(617) 542-4912,45 Franklin St,8
42.3945481,-71.2319564,theater,Reagle Music Theatre,https://www.yelp.com/biz/reagle-music-theatre-waltham?adjust_creative=tzi52j1y9497qJtBsFV1mg&utm_campaign=yelp_api_v3&utm_medium=api_v3_business_search&utm_source=tzi52j1y9497qJtBsFV1mg,4.5,617 Lexington St,Waltham,MA,02452,(781) 891-5600,617 Lexington St,8
42.2928349,-71.2367095947266,theater,Igor Golyak Acting Studio,https://www.yelp.com/biz/igor-golyak-acting-studio-needham-2?adjust_creative=tzi52j1y9497qJtBsFV1mg&utm_campaign=yelp_api_v3&utm_medium=api_v3_business_search&utm_source=tzi52j1y9497qJtBsFV1mg,5.0,368 Hillside Ave,Needham,MA,02494,(617) 701-6222,368 Hillside Ave,1
42.34999,-71.06618,theater,Blue Man Group,https://www.yelp.com/biz/blue-man-group-boston?adjust_creative=tzi52j1y9497qJtBsFV1mg&utm_campaign=yelp_api_v3&utm_medium=api_v3_business_search&utm_source=tzi52j1y9497qJtBsFV1mg,4.0,74 Warrenton St,Boston,MA,02116,(617) 426-6912,74 Warrenton St,178
42.3569583,-71.0590231,theater,Amy Dancz Voice & Music Studio,https://www.yelp.com/biz/amy-dancz-voice-and-music-studio-boston-2?adjust_creative=tzi52j1y9497qJtBsFV1mg&utm_campaign=yelp_api_v3&utm_medium=api_v3_business_search&utm_source=tzi52j1y9497qJtBsFV1mg,5.0,333 Washington St,Boston,MA,02108,(617) 458-9863,333 Washington St,22
42.3515518,-71.117549,theater,Boston University Dance Theater,https://www.yelp.com/biz/boston-university-dance-theater-boston?adjust_creative=tzi52j1y9497qJtBsFV1mg&utm_campaign=yelp_api_v3&utm_medium=api_v3_business_search&utm_source=tzi52j1y9497qJtBsFV1mg,4.0,915 Commonwealth Ave,Boston,MA,02215,,915 Commonwealth Ave,1
42.3739114,-71.1144998,theater,Harvard Film Archive,https://www.yelp.com/biz/harvard-film-archive-cambridge?adjust_creative=tzi52j1y9497qJtBsFV1mg&utm_campaign=yelp_api_v3&utm_medium=api_v3_business_search&utm_source=tzi52j1y9497qJtBsFV1mg,4.5,24 Quincy St,Cambridge,MA,02238,(617) 495-4700,24 Quincy St,30
42.28684,-71.12736,theater,ComedySportz Boston,https://www.yelp.com/biz/comedysportz-boston-roslindale?adjust_creative=tzi52j1y9497qJtBsFV1mg&utm_campaign=yelp_api_v3&utm_medium=api_v3_business_search&utm_source=tzi52j1y9497qJtBsFV1mg,5.0,5 Basile St,Roslindale,MA,02131,(617) 231-7006,5 Basile St,53
42.39129,-71.13815,theater,Apple Cinemas,https://www.yelp.com/biz/apple-cinemas-cambridge?adjust_creative=tzi52j1y9497qJtBsFV1mg&utm_campaign=yelp_api_v3&utm_medium=api_v3_business_search&utm_source=tzi52j1y9497qJtBsFV1mg,3.0,168 Alewife Brook Pkwy,Cambridge,MA,02138,(617) 229-6555,168 Alewife Brook Pkwy,129
42.34318,-71.06625,theater,Urbanity Dance,https://www.yelp.com/biz/urbanity-dance-boston-2?adjust_creative=tzi52j1y9497qJtBsFV1mg&utm_campaign=yelp_api_v3&utm_medium=api_v3_business_search&utm_source=tzi52j1y9497qJtBsFV1mg,4.5,1180 Washington St,Boston,MA,02118,(617) 572-3727,1180 Washington St,6
42.3646038,-71.1043268,theater,Boston BeauTease,https://www.yelp.com/biz/boston-beautease-cambridge?adjust_creative=tzi52j1y9497qJtBsFV1mg&utm_campaign=yelp_api_v3&utm_medium=api_v3_business_search&utm_source=tzi52j1y9497qJtBsFV1mg,3.5,288-A Green St,Cambridge,MA,02124,(617) 869-2000,288-A Green St,16
42.3467955518168,-71.087096943421,theater,Berklee Performance Center,https://www.yelp.com/biz/berklee-performance-center-boston-3?adjust_creative=tzi52j1y9497qJtBsFV1mg&utm_campaign=yelp_api_v3&utm_medium=api_v3_business_search&utm_source=tzi52j1y9497qJtBsFV1mg,3.5,136 Massachusetts Ave,Boston,MA,02115,(617) 747-2261,136 Massachusetts Ave,40
42.36677,-71.10667,theater,Cambridge YMCA Theatre,https://www.yelp.com/biz/cambridge-ymca-theatre-cambridge?adjust_creative=tzi52j1y9497qJtBsFV1mg&utm_campaign=yelp_api_v3&utm_medium=api_v3_business_search&utm_source=tzi52j1y9497qJtBsFV1mg,4.0,820 Massachusetts Ave,Cambridge,MA,02238,(617) 661-9622,820 Massachusetts Ave,1
42.3442764,-71.0713272,theater,Black Box Theatre,https://www.yelp.com/biz/black-box-theatre-boston?adjust_creative=tzi52j1y9497qJtBsFV1mg&utm_campaign=yelp_api_v3&utm_medium=api_v3_business_search&utm_source=tzi52j1y9497qJtBsFV1mg,4.0,539 Tremont St,Boston,MA,02116,(617) 426-5000,539 Tremont St,1
42.3636838,-71.1666722,theater,Watertown Children's Theatre,https://www.yelp.com/biz/watertown-childrens-theatre-watertown?adjust_creative=tzi52j1y9497qJtBsFV1mg&utm_campaign=yelp_api_v3&utm_medium=api_v3_business_search&utm_source=tzi52j1y9497qJtBsFV1mg,4.5,321 Arsenal St,Watertown,MA,02472,(617) 926-2787,321 Arsenal St,2
42.36419,-71.10233,theater,Belly Dance by Johara & Snake Dance Theater Company,https://www.yelp.com/biz/belly-dance-by-johara-and-snake-dance-theater-company-cambridge?adjust_creative=tzi52j1y9497qJtBsFV1mg&utm_campaign=yelp_api_v3&utm_medium=api_v3_business_search&utm_source=tzi52j1y9497qJtBsFV1mg,5.0,536 Mass Ave,Cambridge,MA,02139,(617) 922-3676,536 Mass Ave,3
42.404012,-71.1289351,theater,Boston Acting Classes,https://www.yelp.com/biz/boston-acting-classes-somerville?adjust_creative=tzi52j1y9497qJtBsFV1mg&utm_campaign=yelp_api_v3&utm_medium=api_v3_business_search&utm_source=tzi52j1y9497qJtBsFV1mg,5.0,1204 Broadway,Somerville,MA,02144,(646) 205-1604,1204 Broadway,2
42.2500333,-70.922772,theater,Patriot Cinemas at the Hingham Shipyard,https://www.yelp.com/biz/patriot-cinemas-at-the-hingham-shipyard-hingham?adjust_creative=tzi52j1y9497qJtBsFV1mg&utm_campaign=yelp_api_v3&utm_medium=api_v3_business_search&utm_source=tzi52j1y9497qJtBsFV1mg,3.5,25 Shipyard Dr,Hingham,MA,02043,(781) 749-8780,25 Shipyard Dr,45
42.35147,-71.06889,theater,Celebrity Series of Boston,https://www.yelp.com/biz/celebrity-series-of-boston-boston-2?adjust_creative=tzi52j1y9497qJtBsFV1mg&utm_campaign=yelp_api_v3&utm_medium=api_v3_business_search&utm_source=tzi52j1y9497qJtBsFV1mg,3.0,20 Park Plz,Boston,MA,02116,(617) 482-2595,20 Park Plz,2
42.3491044277061,-71.2264113299205,theater,West Newton Cinema,https://www.yelp.com/biz/west-newton-cinema-newton?adjust_creative=tzi52j1y9497qJtBsFV1mg&utm_campaign=yelp_api_v3&utm_medium=api_v3_business_search&utm_source=tzi52j1y9497qJtBsFV1mg,2.5,1296 Washington St,Newton,MA,02456,(617) 964-8074,1296 Washington St,152
42.439728,-71.072249,theater,Dance Dynamix,https://www.yelp.com/biz/dance-dynamix-melrose-3?adjust_creative=tzi52j1y9497qJtBsFV1mg&utm_campaign=yelp_api_v3&utm_medium=api_v3_business_search&utm_source=tzi52j1y9497qJtBsFV1mg,5.0,376 Washington St,Melrose,MA,02176,(978) 332-0020,376 Washington St,1
42.2411308288574,-70.88818359375,theater,Patriot Cinemas Loring Hall Cinema,https://www.yelp.com/biz/patriot-cinemas-loring-hall-cinema-hingham?adjust_creative=tzi52j1y9497qJtBsFV1mg&utm_campaign=yelp_api_v3&utm_medium=api_v3_business_search&utm_source=tzi52j1y9497qJtBsFV1mg,4.0,65 Main St,Hingham,MA,02043,(781) 749-1400,65 Main St,16
42.3527160586458,-71.0469769318771,theater,ShowPlace ICON at Seaport,https://www.yelp.com/biz/showplace-icon-at-seaport-boston?adjust_creative=tzi52j1y9497qJtBsFV1mg&utm_campaign=yelp_api_v3&utm_medium=api_v3_business_search&utm_source=tzi52j1y9497qJtBsFV1mg,3.5,60 Seaport Blvd,Boston,MA,02210,(857) 444-6677,60 Seaport Blvd,74
42.3503328859806,-71.0650768876076,theater,The 25th Annual Putnam County Spelling Bee,https://www.yelp.com/biz/the-25th-annual-putnam-county-spelling-bee-boston?adjust_creative=tzi52j1y9497qJtBsFV1mg&utm_campaign=yelp_api_v3&utm_medium=api_v3_business_search&utm_source=tzi52j1y9497qJtBsFV1mg,5.0,246 Tremont St,Boston,MA,02116,(617) 931-2787,246 Tremont St,1
42.3631172180176,-71.0669860839844,theater,Mr Home Guy,https://www.yelp.com/biz/mr-home-guy-boston-3?adjust_creative=tzi52j1y9497qJtBsFV1mg&utm_campaign=yelp_api_v3&utm_medium=api_v3_business_search&utm_source=tzi52j1y9497qJtBsFV1mg,4.5,,Boston,MA,02114,(617) 606-3668,,26
42.4635982,-70.9431931,theater,Arts After Hours,https://www.yelp.com/biz/arts-after-hours-lynn?adjust_creative=tzi52j1y9497qJtBsFV1mg&utm_campaign=yelp_api_v3&utm_medium=api_v3_business_search&utm_source=tzi52j1y9497qJtBsFV1mg,5.0,25 Exchange St,Lynn,MA,01901,(781) 205-4010,25 Exchange St,4
42.30078,-71.05951,theater,Buttonwood Communications,https://www.yelp.com/biz/buttonwood-communications-boston?adjust_creative=tzi52j1y9497qJtBsFV1mg&utm_campaign=yelp_api_v3&utm_medium=api_v3_business_search&utm_source=tzi52j1y9497qJtBsFV1mg,4.0,,Boston,MA,02122,(617) 379-1949,,5
42.3737618073379,-71.1000721772509,theater,The Lilypad,https://www.yelp.com/biz/the-lilypad-cambridge?adjust_creative=tzi52j1y9497qJtBsFV1mg&utm_campaign=yelp_api_v3&utm_medium=api_v3_business_search&utm_source=tzi52j1y9497qJtBsFV1mg,4.5,1353 Cambridge St,Cambridge,MA,02139,(617) 955-7729,1353 Cambridge St,26
42.244366,-71.13362,theater,Carter IT Networking Services,https://www.yelp.com/biz/carter-it-networking-services-boston?adjust_creative=tzi52j1y9497qJtBsFV1mg&utm_campaign=yelp_api_v3&utm_medium=api_v3_business_search&utm_source=tzi52j1y9497qJtBsFV1mg,5.0,1 Westinghouse Plz,Boston,MA,02136,(800) 571-8250,1 Westinghouse Plz,3
42.3507683,-71.066117,theater,Nick's Comedy Stop,https://www.yelp.com/biz/nicks-comedy-stop-boston-2?adjust_creative=tzi52j1y9497qJtBsFV1mg&utm_campaign=yelp_api_v3&utm_medium=api_v3_business_search&utm_source=tzi52j1y9497qJtBsFV1mg,2.5,100 Warrenton St,Boston,MA,02116,(617) 830-2551,100 Warrenton St,53
42.3047928,-71.2219217,theater,Systems Design & Integration,https://www.yelp.com/biz/systems-design-and-integration-needham?adjust_creative=tzi52j1y9497qJtBsFV1mg&utm_campaign=yelp_api_v3&utm_medium=api_v3_business_search&utm_source=tzi52j1y9497qJtBsFV1mg,4.5,34 Wexford St,Needham,MA,02494,(617) 391-8919,34 Wexford St,12
42.3497023,-71.0781804,theater,ArtsBoston,https://www.yelp.com/biz/artsboston-boston-2?adjust_creative=tzi52j1y9497qJtBsFV1mg&utm_campaign=yelp_api_v3&utm_medium=api_v3_business_search&utm_source=tzi52j1y9497qJtBsFV1mg,3.5,650A Boylston St,Boston,MA,02116,(617) 262-8632,650A Boylston St,11
42.4165863187662,-71.1564826061597,theater,Dramatically Incorrect Theater Group,https://www.yelp.com/biz/dramatically-incorrect-theater-group-arlington?adjust_creative=tzi52j1y9497qJtBsFV1mg&utm_campaign=yelp_api_v3&utm_medium=api_v3_business_search&utm_source=tzi52j1y9497qJtBsFV1mg,5.0,9 Central st,Arlington,MA,02474,(978) 918-9703,9 Central st,2
42.372964,-71.118484,theater,Harvard College Opera,https://www.yelp.com/biz/harvard-college-opera-cambridge?adjust_creative=tzi52j1y9497qJtBsFV1mg&utm_campaign=yelp_api_v3&utm_medium=api_v3_business_search&utm_source=tzi52j1y9497qJtBsFV1mg,5.0,1350 Massachusetts Ave,Cambridge,MA,02138,(617) 496-2222,1350 Massachusetts Ave,1
42.3442775,-71.0713309,theater,Cyclorama at Boston Center for the Arts,https://www.yelp.com/biz/cyclorama-at-boston-center-for-the-arts-boston?adjust_creative=tzi52j1y9497qJtBsFV1mg&utm_campaign=yelp_api_v3&utm_medium=api_v3_business_search&utm_source=tzi52j1y9497qJtBsFV1mg,4.0,539 Tremont St,Boston,MA,02116,(617) 426-5000,539 Tremont St,45
42.36274,-71.10148,theater,Blink Music Studios,https://www.yelp.com/biz/blink-music-studios-cambridge?adjust_creative=tzi52j1y9497qJtBsFV1mg&utm_campaign=yelp_api_v3&utm_medium=api_v3_business_search&utm_source=tzi52j1y9497qJtBsFV1mg,5.0,129 Franklin St,Cambridge,MA,02139,(617) 225-0044,129 Franklin St,1
42.3580169677734,-71.0651321411133,theater,Boston Circus Guild,https://www.yelp.com/biz/boston-circus-guild-boston?adjust_creative=tzi52j1y9497qJtBsFV1mg&utm_campaign=yelp_api_v3&utm_medium=api_v3_business_search&utm_source=tzi52j1y9497qJtBsFV1mg,5.0,,Boston,MA,02108,(617) 396-7679,,4
42.3178198,-71.1626756,theater,Boston HiFi,https://www.yelp.com/biz/boston-hifi-boston?adjust_creative=tzi52j1y9497qJtBsFV1mg&utm_campaign=yelp_api_v3&utm_medium=api_v3_business_search&utm_source=tzi52j1y9497qJtBsFV1mg,4.5,,Boston,MA,02467,(617) 383-4434,,20
42.36114,-71.056744,theater,Paddy O's,https://www.yelp.com/biz/paddy-os-boston?adjust_creative=tzi52j1y9497qJtBsFV1mg&utm_campaign=yelp_api_v3&utm_medium=api_v3_business_search&utm_source=tzi52j1y9497qJtBsFV1mg,3.0,33 Union St,Boston,MA,02108,(617) 263-7771,33 Union St,194
42.2690522,-71.6130275,theater,The Home Theater Company,https://www.yelp.com/biz/the-home-theater-company-westborough?adjust_creative=tzi52j1y9497qJtBsFV1mg&utm_campaign=yelp_api_v3&utm_medium=api_v3_business_search&utm_source=tzi52j1y9497qJtBsFV1mg,5.0,14 South St,Westborough,MA,01581,(781) 932-9292,14 South St,1
42.3120004,-71.1114499,theater,Massmouth,https://www.yelp.com/biz/massmouth-boston-2?adjust_creative=tzi52j1y9497qJtBsFV1mg&utm_campaign=yelp_api_v3&utm_medium=api_v3_business_search&utm_source=tzi52j1y9497qJtBsFV1mg,3.0,42 Seaverns Ave,Boston,MA,02130,(617) 942-2553,42 Seaverns Ave,3
42.3609698079024,-71.0568805793762,theater,Bye Bye Liver: The Boston Drinking Play,https://www.yelp.com/biz/bye-bye-liver-the-boston-drinking-play-boston?adjust_creative=tzi52j1y9497qJtBsFV1mg&utm_campaign=yelp_api_v3&utm_medium=api_v3_business_search&utm_source=tzi52j1y9497qJtBsFV1mg,3.5,25 Union St,Boston,MA,02113,(800) 650-6449,25 Union St,6
42.3766212463379,-71.2387847900391,theater,Hovey Players Work Shop,https://www.yelp.com/biz/hovey-players-work-shop-waltham?adjust_creative=tzi52j1y9497qJtBsFV1mg&utm_campaign=yelp_api_v3&utm_medium=api_v3_business_search&utm_source=tzi52j1y9497qJtBsFV1mg,4.0,9 Spring St,Waltham,MA,02451,(781) 893-9171,9 Spring St,3
42.3442775,-71.0713309,theater,SpeakEasy Stage Company,https://www.yelp.com/biz/speakeasy-stage-company-boston-2?adjust_creative=tzi52j1y9497qJtBsFV1mg&utm_campaign=yelp_api_v3&utm_medium=api_v3_business_search&utm_source=tzi52j1y9497qJtBsFV1mg,4.0,539 Tremont St,Boston,MA,02116,(617) 482-3279,539 Tremont St,7
42.3950907,-71.0793468,theater,AMC Assembly Row 12,https://www.yelp.com/biz/amc-assembly-row-12-somerville?adjust_creative=tzi52j1y9497qJtBsFV1mg&utm_campaign=yelp_api_v3&utm_medium=api_v3_business_search&utm_source=tzi52j1y9497qJtBsFV1mg,3.5,395 Artisan Way,Somerville,MA,02145,(888) 262-4386,395 Artisan Way,326
42.34875,-71.15428,theater,Artango Dance School,https://www.yelp.com/biz/artango-dance-school-brighton?adjust_creative=tzi52j1y9497qJtBsFV1mg&utm_campaign=yelp_api_v3&utm_medium=api_v3_business_search&utm_source=tzi52j1y9497qJtBsFV1mg,5.0,380 Washington St,Brighton,MA,02135,(702) 372-9581,380 Washington St,4
42.344941,-71.070703,theater,Actors Workshop,https://www.yelp.com/biz/actors-workshop-boston?adjust_creative=tzi52j1y9497qJtBsFV1mg&utm_campaign=yelp_api_v3&utm_medium=api_v3_business_search&utm_source=tzi52j1y9497qJtBsFV1mg,2.5,527 Tremont St,Boston,MA,02135,(617) 504-4914,527 Tremont St,3
42.3638705,-71.1015095,theater,Q Audio,https://www.yelp.com/biz/q-audio-cambridge-2?adjust_creative=tzi52j1y9497qJtBsFV1mg&utm_campaign=yelp_api_v3&utm_medium=api_v3_business_search&utm_source=tzi52j1y9497qJtBsFV1mg,5.0,5 Brookline St,Cambridge,MA,02139,(617) 547-2727,5 Brookline St,39
42.339383,-71.094043,theater,Museum Of Fine Arts,https://www.yelp.com/biz/museum-of-fine-arts-boston?adjust_creative=tzi52j1y9497qJtBsFV1mg&utm_campaign=yelp_api_v3&utm_medium=api_v3_business_search&utm_source=tzi52j1y9497qJtBsFV1mg,4.5,465 Huntington Ave,Boston,MA,02115,(617) 267-9300,465 Huntington Ave,790
41.864959,-71.446209,theater,CAV Installations,https://www.yelp.com/biz/cav-installations-north-providence-2?adjust_creative=tzi52j1y9497qJtBsFV1mg&utm_campaign=yelp_api_v3&utm_medium=api_v3_business_search&utm_source=tzi52j1y9497qJtBsFV1mg,5.0,None,North Providence,RI,02911,(401) 338-7733,None,3
42.356211617589,-71.0573843121529,theater,Mystery Cafe Dinner Theater,https://www.yelp.com/biz/mystery-cafe-dinner-theater-boston-2?adjust_creative=tzi52j1y9497qJtBsFV1mg&utm_campaign=yelp_api_v3&utm_medium=api_v3_business_search&utm_source=tzi52j1y9497qJtBsFV1mg,2.5,161 Devonshire St,Boston,MA,02110,(617) 426-1999,161 Devonshire St,40
42.3351068,-71.1197182,theater,The Village Studio,https://www.yelp.com/biz/the-village-studio-brookline?adjust_creative=tzi52j1y9497qJtBsFV1mg&utm_campaign=yelp_api_v3&utm_medium=api_v3_business_search&utm_source=tzi52j1y9497qJtBsFV1mg,5.0,62 Harvard St,Brookline,MA,02445,(617) 600-8225,62 Harvard St,2
42.36697,-71.18378,theater,Smart Guys,https://www.yelp.com/biz/smart-guys-watertown?adjust_creative=tzi52j1y9497qJtBsFV1mg&utm_campaign=yelp_api_v3&utm_medium=api_v3_business_search&utm_source=tzi52j1y9497qJtBsFV1mg,4.5,,Watertown,MA,02472,(617) 610-9477,,12
42.559032,-70.8859444,theater,Kauffman Audio & Video,https://www.yelp.com/biz/kauffman-audio-and-video-beverly-2?adjust_creative=tzi52j1y9497qJtBsFV1mg&utm_campaign=yelp_api_v3&utm_medium=api_v3_business_search&utm_source=tzi52j1y9497qJtBsFV1mg,5.0,100 Cummings Ctr,Beverly,MA,01915,(877) 489-5428,100 Cummings Ctr,1
42.3482771,-71.0724468,theater,Fishnet Networks,https://www.yelp.com/biz/fishnet-networks-boston?adjust_creative=tzi52j1y9497qJtBsFV1mg&utm_campaign=yelp_api_v3&utm_medium=api_v3_business_search&utm_source=tzi52j1y9497qJtBsFV1mg,3.0,209 Columbus Ave,Boston,MA,02116,(781) 249-4681,209 Columbus Ave,3
42.325436,-71.062151,theater,AMC South Bay Center 12,https://www.yelp.com/biz/amc-south-bay-center-12-dorchester?adjust_creative=tzi52j1y9497qJtBsFV1mg&utm_campaign=yelp_api_v3&utm_medium=api_v3_business_search&utm_source=tzi52j1y9497qJtBsFV1mg,2.5,25 District Avenue,Dorchester,MA,02125,(617) 606-3219,25 District Avenue,91
42.4120864868164,-71.1443176269531,theater,Magician & Mentalist Melies,https://www.yelp.com/biz/magician-and-mentalist-melies-arlington?adjust_creative=tzi52j1y9497qJtBsFV1mg&utm_campaign=yelp_api_v3&utm_medium=api_v3_business_search&utm_source=tzi52j1y9497qJtBsFV1mg,5.0,,Arlington,MA,02474,(781) 316-1700,,2
42.352029,-71.06566,theater,Emerson College,https://www.yelp.com/biz/emerson-college-boston-7?adjust_creative=tzi52j1y9497qJtBsFV1mg&utm_campaign=yelp_api_v3&utm_medium=api_v3_business_search&utm_source=tzi52j1y9497qJtBsFV1mg,3.5,120 Boylston St,Boston,MA,02116,(617) 824-8610,120 Boylston St,26
42.3732109069824,-71.0150146484375,theater,Petraglia Services,https://www.yelp.com/biz/petraglia-services-boston?adjust_creative=tzi52j1y9497qJtBsFV1mg&utm_campaign=yelp_api_v3&utm_medium=api_v3_business_search&utm_source=tzi52j1y9497qJtBsFV1mg,4.0,,Boston,MA,02128,(617) 818-4135,,32
42.4648094177246,-70.9512176513672,theater,Lynn Auditorium,https://www.yelp.com/biz/lynn-auditorium-lynn?adjust_creative=tzi52j1y9497qJtBsFV1mg&utm_campaign=yelp_api_v3&utm_medium=api_v3_business_search&utm_source=tzi52j1y9497qJtBsFV1mg,3.0,3 City Hall Sq,Lynn,MA,01901,(781) 581-2971,3 City Hall Sq,29
42.3683197,-71.1086916,theater,The Plough & Stars,https://www.yelp.com/biz/the-plough-and-stars-cambridge?adjust_creative=tzi52j1y9497qJtBsFV1mg&utm_campaign=yelp_api_v3&utm_medium=api_v3_business_search&utm_source=tzi52j1y9497qJtBsFV1mg,4.0,912 Massachusetts Ave,Cambridge,MA,02139,(617) 576-0032,912 Massachusetts Ave,310
42.3760921508074,-71.1142712831497,theater,Sanders Theatre,https://www.yelp.com/biz/sanders-theatre-cambridge?adjust_creative=tzi52j1y9497qJtBsFV1mg&utm_campaign=yelp_api_v3&utm_medium=api_v3_business_search&utm_source=tzi52j1y9497qJtBsFV1mg,4.5,45 Quincy St,Cambridge,MA,02138,,45 Quincy St,6
42.3495438,-71.0724006,theater,Back Bay Events Center,https://www.yelp.com/biz/back-bay-events-center-boston?adjust_creative=tzi52j1y9497qJtBsFV1mg&utm_campaign=yelp_api_v3&utm_medium=api_v3_business_search&utm_source=tzi52j1y9497qJtBsFV1mg,3.0,180 Berkeley St,Boston,MA,02116,(617) 236-1199,180 Berkeley St,6
42.3760087,-71.2397421,theater,Sprint Security,https://www.yelp.com/biz/sprint-security-waltham-2?adjust_creative=tzi52j1y9497qJtBsFV1mg&utm_campaign=yelp_api_v3&utm_medium=api_v3_business_search&utm_source=tzi52j1y9497qJtBsFV1mg,5.0,738 Main St,Waltham,MA,02451,(781) 891-6633,738 Main St,2
42.3599328535897,-71.0722708531682,theater,DCR Hatch Memorial Shell,https://www.yelp.com/biz/dcr-hatch-memorial-shell-boston?adjust_creative=tzi52j1y9497qJtBsFV1mg&utm_campaign=yelp_api_v3&utm_medium=api_v3_business_search&utm_source=tzi52j1y9497qJtBsFV1mg,4.5,1 David G Mugar Way,Boston,MA,02114,,1 David G Mugar Way,29
42.4660949892621,-71.0601283898892,theater,Center Stage Dance Studio,https://www.yelp.com/biz/center-stage-dance-studio-melrose?adjust_creative=tzi52j1y9497qJtBsFV1mg&utm_campaign=yelp_api_v3&utm_medium=api_v3_business_search&utm_source=tzi52j1y9497qJtBsFV1mg,5.0,179 Green St,Melrose,MA,02176,(781) 665-5059,179 Green St,1
42.4635088,-70.9432764,theater,Imaginary Beasts,https://www.yelp.com/biz/imaginary-beasts-lynn?adjust_creative=tzi52j1y9497qJtBsFV1mg&utm_campaign=yelp_api_v3&utm_medium=api_v3_business_search&utm_source=tzi52j1y9497qJtBsFV1mg,4.0,25 Exchange St,Lynn,MA,01901,,25 Exchange St,1
42.3665695,-71.0901871,theater,Redstar Union,https://www.yelp.com/biz/redstar-union-cambridge?adjust_creative=tzi52j1y9497qJtBsFV1mg&utm_campaign=yelp_api_v3&utm_medium=api_v3_business_search&utm_source=tzi52j1y9497qJtBsFV1mg,5.0,One Kendall Sq,Cambridge,MA,02139,(617) 520-4102,One Kendall Sq,1
42.357928,-71.0607277,theater,Suffolk University,https://www.yelp.com/biz/suffolk-university-boston-3?adjust_creative=tzi52j1y9497qJtBsFV1mg&utm_campaign=yelp_api_v3&utm_medium=api_v3_business_search&utm_source=tzi52j1y9497qJtBsFV1mg,4.0,73 Tremont St,Boston,MA,02108,(617) 723-0301,73 Tremont St,1
42.3566818237305,-71.0654220581055,theater,Independent Film Festival Boston,https://www.yelp.com/biz/independent-film-festival-boston-boston?adjust_creative=tzi52j1y9497qJtBsFV1mg&utm_campaign=yelp_api_v3&utm_medium=api_v3_business_search&utm_source=tzi52j1y9497qJtBsFV1mg,4.0,,Boston,MA,02108,,,9
42.3880195617676,-71.1047668457031,theater,Aparna Sindhoor Dance Theater,https://www.yelp.com/biz/aparna-sindhoor-dance-theater-somerville?adjust_creative=tzi52j1y9497qJtBsFV1mg&utm_campaign=yelp_api_v3&utm_medium=api_v3_business_search&utm_source=tzi52j1y9497qJtBsFV1mg,4.5,16 Gibbens St,Somerville,MA,02143,(617) 776-7939,16 Gibbens St,2
42.3568476726561,-71.0613341600408,theater,Suffolk University Law School,https://www.yelp.com/biz/suffolk-university-law-school-boston?adjust_creative=tzi52j1y9497qJtBsFV1mg&utm_campaign=yelp_api_v3&utm_medium=api_v3_business_search&utm_source=tzi52j1y9497qJtBsFV1mg,4.0,120 Tremont St,Boston,MA,02108,(617) 573-8000,120 Tremont St,2
42.35689,-71.05994,theater,VERSUS,https://www.yelp.com/biz/versus-boston?adjust_creative=tzi52j1y9497qJtBsFV1mg&utm_campaign=yelp_api_v3&utm_medium=api_v3_business_search&utm_source=tzi52j1y9497qJtBsFV1mg,3.5,42 Province St,Boston,MA,02108,(617) 482-1213,42 Province St,75
42.4136731,-71.2319224,theater,Keys for Kids,https://www.yelp.com/biz/keys-for-kids-lexington?adjust_creative=tzi52j1y9497qJtBsFV1mg&utm_campaign=yelp_api_v3&utm_medium=api_v3_business_search&utm_source=tzi52j1y9497qJtBsFV1mg,5.0,411 Waltham St,Lexington,MA,02421,(781) 274-9729,411 Waltham St,1
42.36612,-71.10328,theater,ImprovBoston,https://www.yelp.com/biz/improvboston-cambridge?adjust_creative=tzi52j1y9497qJtBsFV1mg&utm_campaign=yelp_api_v3&utm_medium=api_v3_business_search&utm_source=tzi52j1y9497qJtBsFV1mg,4.0,40 Prospect St,Cambridge,MA,02139,(617) 576-1253,40 Prospect St,180
42.3656742,-71.1763216,theater,Ballroom In Boston,https://www.yelp.com/biz/ballroom-in-boston-watertown?adjust_creative=tzi52j1y9497qJtBsFV1mg&utm_campaign=yelp_api_v3&utm_medium=api_v3_business_search&utm_source=tzi52j1y9497qJtBsFV1mg,5.0,100 Parker St,Watertown,MA,02472,(313) 288-2784,100 Parker St,28
42.3483,-71.08501,theater,The Red Room @ Cafe 939,https://www.yelp.com/biz/the-red-room-cafe-939-boston?adjust_creative=tzi52j1y9497qJtBsFV1mg&utm_campaign=yelp_api_v3&utm_medium=api_v3_business_search&utm_source=tzi52j1y9497qJtBsFV1mg,3.5,939 Boylston St,Boston,MA,02115,(617) 747-2261,939 Boylston St,39
42.3503328859806,-71.0650768876076,theater,Nick's Comedy Stop,https://www.yelp.com/biz/nicks-comedy-stop-boston-3?adjust_creative=tzi52j1y9497qJtBsFV1mg&utm_campaign=yelp_api_v3&utm_medium=api_v3_business_search&utm_source=tzi52j1y9497qJtBsFV1mg,2.5,246 Tremont St,Boston,MA,02116,(617) 963-6261,246 Tremont St,10
42.37992,-71.09505,theater,What The Fluff? Fluff Festival,https://www.yelp.com/biz/what-the-fluff-fluff-festival-somerville?adjust_creative=tzi52j1y9497qJtBsFV1mg&utm_campaign=yelp_api_v3&utm_medium=api_v3_business_search&utm_source=tzi52j1y9497qJtBsFV1mg,4.5,66 Union Sq,Somerville,MA,02143,,66 Union Sq,9
42.0484360328082,-70.9291073437499,theater,South Shore Audio Video Installation,https://www.yelp.com/biz/south-shore-audio-video-installation-weymouth?adjust_creative=tzi52j1y9497qJtBsFV1mg&utm_campaign=yelp_api_v3&utm_medium=api_v3_business_search&utm_source=tzi52j1y9497qJtBsFV1mg,5.0,534 Main St,Weymouth,MA,02190,(617) 283-9932,534 Main St,33
42.3740424730598,-71.1206986302351,theater,The Sinclair,https://www.yelp.com/biz/the-sinclair-cambridge?adjust_creative=tzi52j1y9497qJtBsFV1mg&utm_campaign=yelp_api_v3&utm_medium=api_v3_business_search&utm_source=tzi52j1y9497qJtBsFV1mg,3.0,52 Church St,Cambridge,MA,02138,(617) 547-5200,52 Church St,418
42.3528417245584,-71.0429467039568,theater,The Institute of Contemporary Art/Boston,https://www.yelp.com/biz/the-institute-of-contemporary-art-boston-boston-2?adjust_creative=tzi52j1y9497qJtBsFV1mg&utm_campaign=yelp_api_v3&utm_medium=api_v3_business_search&utm_source=tzi52j1y9497qJtBsFV1mg,3.5,25 Harbor Shore Dr,Boston,MA,02210,(617) 478-3100,25 Harbor Shore Dr,391
42.34073,-71.102726,theater,Emmanuel College,https://www.yelp.com/biz/emmanuel-college-boston?adjust_creative=tzi52j1y9497qJtBsFV1mg&utm_campaign=yelp_api_v3&utm_medium=api_v3_business_search&utm_source=tzi52j1y9497qJtBsFV1mg,4.0,400 Fenway,Boston,MA,02115,(617) 735-9715,400 Fenway,8
42.2832142,-71.1270268,theater,Davey The Clown,https://www.yelp.com/biz/davey-the-clown-roslindale-2?adjust_creative=tzi52j1y9497qJtBsFV1mg&utm_campaign=yelp_api_v3&utm_medium=api_v3_business_search&utm_source=tzi52j1y9497qJtBsFV1mg,5.0,,Roslindale,MA,02131,(617) 524-5191,,13
42.3563,-71.14867,theater,WGBH,https://www.yelp.com/biz/wgbh-boston?adjust_creative=tzi52j1y9497qJtBsFV1mg&utm_campaign=yelp_api_v3&utm_medium=api_v3_business_search&utm_source=tzi52j1y9497qJtBsFV1mg,3.5,1 Guest St,Boston,MA,02135,(617) 300-2000,1 Guest St,28
42.3272047,-71.0613417,theater,South Bay Center,https://www.yelp.com/biz/south-bay-center-dorchester?adjust_creative=tzi52j1y9497qJtBsFV1mg&utm_campaign=yelp_api_v3&utm_medium=api_v3_business_search&utm_source=tzi52j1y9497qJtBsFV1mg,3.0,8 Allstate Rd,Dorchester,MA,02125,(617) 369-6600,8 Allstate Rd,18
42.3591755,-71.087723,theater,MIT Building 50 - The Walker Memorial,https://www.yelp.com/biz/mit-building-50-the-walker-memorial-cambridge?adjust_creative=tzi52j1y9497qJtBsFV1mg&utm_campaign=yelp_api_v3&utm_medium=api_v3_business_search&utm_source=tzi52j1y9497qJtBsFV1mg,4.0,142 Memorial Dr,Cambridge,MA,02139,,142 Memorial Dr,4
42.427483,-71.052246,theater,Kreative AV Inc.,https://www.yelp.com/biz/kreative-av-inc-malden?adjust_creative=tzi52j1y9497qJtBsFV1mg&utm_campaign=yelp_api_v3&utm_medium=api_v3_business_search&utm_source=tzi52j1y9497qJtBsFV1mg,4.0,103 Willow St,Malden,MA,02148,(617) 799-5489,103 Willow St,5
42.3962640667998,-71.1221202407987,theater,Museum of Bad Art,https://www.yelp.com/biz/museum-of-bad-art-somerville?adjust_creative=tzi52j1y9497qJtBsFV1mg&utm_campaign=yelp_api_v3&utm_medium=api_v3_business_search&utm_source=tzi52j1y9497qJtBsFV1mg,4.0,55 Davis Sq,Somerville,MA,02143,(781) 444-6757,55 Davis Sq,50
42.38743,-71.1402,theater,Imagine Playspace,https://www.yelp.com/biz/imagine-playspace-cambridge?adjust_creative=tzi52j1y9497qJtBsFV1mg&utm_campaign=yelp_api_v3&utm_medium=api_v3_business_search&utm_source=tzi52j1y9497qJtBsFV1mg,4.0,23 Bay State Rd,Cambridge,MA,02138,(617) 661-0077,23 Bay State Rd,50
42.27856,-71.41626,theater,Cloud MIS,https://www.yelp.com/biz/cloud-mis-framingham?adjust_creative=tzi52j1y9497qJtBsFV1mg&utm_campaign=yelp_api_v3&utm_medium=api_v3_business_search&utm_source=tzi52j1y9497qJtBsFV1mg,5.0,,Framingham,MA,01702,(888) 368-5049,,4
42.393481,-71.080247,theater,Assembly Row,https://www.yelp.com/biz/assembly-row-somerville?adjust_creative=tzi52j1y9497qJtBsFV1mg&utm_campaign=yelp_api_v3&utm_medium=api_v3_business_search&utm_source=tzi52j1y9497qJtBsFV1mg,3.5,355 Artisan Way,Somerville,MA,02145,(617) 440-5565,355 Artisan Way,84
42.3428253,-71.1225595,theater,Balagan Experimental Film & Video Series,https://www.yelp.com/biz/balagan-experimental-film-and-video-series-brookline?adjust_creative=tzi52j1y9497qJtBsFV1mg&utm_campaign=yelp_api_v3&utm_medium=api_v3_business_search&utm_source=tzi52j1y9497qJtBsFV1mg,5.0,290 Harvard St,Brookline,MA,02445,,290 Harvard St,1
42.4125239253044,-71.1072432249784,theater,Puccio Electric,https://www.yelp.com/biz/puccio-electric-medford?adjust_creative=tzi52j1y9497qJtBsFV1mg&utm_campaign=yelp_api_v3&utm_medium=api_v3_business_search&utm_source=tzi52j1y9497qJtBsFV1mg,5.0,21 Reardon Rd,Medford,MA,02155,(781) 391-6057,21 Reardon Rd,18
42.359213,-71.054296,theater,Bostonia Public House,https://www.yelp.com/biz/bostonia-public-house-boston-4?adjust_creative=tzi52j1y9497qJtBsFV1mg&utm_campaign=yelp_api_v3&utm_medium=api_v3_business_search&utm_source=tzi52j1y9497qJtBsFV1mg,4.0,131 State St,Boston,MA,02109,(617) 948-9800,131 State St,1415
42.3471494,-71.0778284,theater,Copley Place,https://www.yelp.com/biz/copley-place-boston?adjust_creative=tzi52j1y9497qJtBsFV1mg&utm_campaign=yelp_api_v3&utm_medium=api_v3_business_search&utm_source=tzi52j1y9497qJtBsFV1mg,4.0,100 Huntington Ave,Boston,MA,02116,(617) 262-6600,100 Huntington Ave,110
42.3424,-71.07512,theater,Around the Corner,https://www.yelp.com/biz/around-the-corner-boston?adjust_creative=tzi52j1y9497qJtBsFV1mg&utm_campaign=yelp_api_v3&utm_medium=api_v3_business_search&utm_source=tzi52j1y9497qJtBsFV1mg,5.0,637 Tremont St,Boston,MA,02118,(617) 266-1800,637 Tremont St,20
42.3426074534655,-71.1380960047245,theater,The Brookline Academy of Dance,https://www.yelp.com/biz/the-brookline-academy-of-dance-brookline?adjust_creative=tzi52j1y9497qJtBsFV1mg&utm_campaign=yelp_api_v3&utm_medium=api_v3_business_search&utm_source=tzi52j1y9497qJtBsFV1mg,5.0,136 Westbourne Ter,Brookline,MA,02446,(617) 277-1139,136 Westbourne Ter,3
42.3553491,-71.0657774,theater,Outside The Box Festival,https://www.yelp.com/biz/outside-the-box-festival-boston?adjust_creative=tzi52j1y9497qJtBsFV1mg&utm_campaign=yelp_api_v3&utm_medium=api_v3_business_search&utm_source=tzi52j1y9497qJtBsFV1mg,5.0,Boston Common,Boston,MA,02111,,Boston Common,8
42.348497846018,-71.036247224256,theater,Rockland Trust Pavilion,https://www.yelp.com/biz/rockland-trust-pavilion-boston?adjust_creative=tzi52j1y9497qJtBsFV1mg&utm_campaign=yelp_api_v3&utm_medium=api_v3_business_search&utm_source=tzi52j1y9497qJtBsFV1mg,3.5,290 Northern Ave,Boston,MA,02210,(617) 728-1600,290 Northern Ave,231
42.389814,-71.105935,theater,Actors' Shakespeare Project,https://www.yelp.com/biz/actors-shakespeare-project-somerville?adjust_creative=tzi52j1y9497qJtBsFV1mg&utm_campaign=yelp_api_v3&utm_medium=api_v3_business_search&utm_source=tzi52j1y9497qJtBsFV1mg,3.5,191 Highland Ave,Somerville,MA,02143,(617) 776-2200,191 Highland Ave,4
42.3507466486512,-71.0648247643813,theater,Comedy Connection @ The Wilbur Theatre,https://www.yelp.com/biz/comedy-connection-the-wilbur-theatre-boston?adjust_creative=tzi52j1y9497qJtBsFV1mg&utm_campaign=yelp_api_v3&utm_medium=api_v3_business_search&utm_source=tzi52j1y9497qJtBsFV1mg,1.5,246 Tremont St,Boston,MA,02116,(617) 248-9700,246 Tremont St,2
42.314868,-71.0354013,theater,John F Kennedy Presidential Library & Museum,https://www.yelp.com/biz/john-f-kennedy-presidential-library-and-museum-boston?adjust_creative=tzi52j1y9497qJtBsFV1mg&utm_campaign=yelp_api_v3&utm_medium=api_v3_business_search&utm_source=tzi52j1y9497qJtBsFV1mg,4.5,Columbia Point,Boston,MA,02125,(617) 514-1600,Columbia Point,254
42.3637902,-71.1012764,theater,Middle East Restaurant and Nightclub,https://www.yelp.com/biz/middle-east-restaurant-and-nightclub-cambridge?adjust_creative=tzi52j1y9497qJtBsFV1mg&utm_campaign=yelp_api_v3&utm_medium=api_v3_business_search&utm_source=tzi52j1y9497qJtBsFV1mg,3.5,472-480 Massachusetts Ave,Cambridge,MA,02139,(617) 864-3278,472-480 Massachusetts Ave,544
42.1154839,-70.8301426,theater,Running Solutions,https://www.yelp.com/biz/running-solutions-hanover?adjust_creative=tzi52j1y9497qJtBsFV1mg&utm_campaign=yelp_api_v3&utm_medium=api_v3_business_search&utm_source=tzi52j1y9497qJtBsFV1mg,5.0,195 Hanover St,Hanover,MA,02339,(781) 925-5334,195 Hanover St,5
42.4422,-71.13244,theater,Winchester Community Music School,https://www.yelp.com/biz/winchester-community-music-school-winchester?adjust_creative=tzi52j1y9497qJtBsFV1mg&utm_campaign=yelp_api_v3&utm_medium=api_v3_business_search&utm_source=tzi52j1y9497qJtBsFV1mg,4.5,407 Highland Ave,Winchester,MA,01890,(781) 721-2950,407 Highland Ave,9
42.16951,-71.61881,theater,Curry Audio Video,https://www.yelp.com/biz/curry-audio-video-upton?adjust_creative=tzi52j1y9497qJtBsFV1mg&utm_campaign=yelp_api_v3&utm_medium=api_v3_business_search&utm_source=tzi52j1y9497qJtBsFV1mg,5.0,,Upton,MA,01568,(508) 478-4357,,6
42.3745319792003,-71.117052588269,theater,Harvard University,https://www.yelp.com/biz/harvard-university-cambridge-28?adjust_creative=tzi52j1y9497qJtBsFV1mg&utm_campaign=yelp_api_v3&utm_medium=api_v3_business_search&utm_source=tzi52j1y9497qJtBsFV1mg,4.0,86 Brattle St,Cambridge,MA,02138,(617) 495-1581,86 Brattle St,153
42.2161483764648,-71.0007171630859,theater,Sterling Home Theater,https://www.yelp.com/biz/sterling-home-theater-braintree?adjust_creative=tzi52j1y9497qJtBsFV1mg&utm_campaign=yelp_api_v3&utm_medium=api_v3_business_search&utm_source=tzi52j1y9497qJtBsFV1mg,4.5,,Braintree,MA,02184,(617) 755-9811,,14
42.35001,-71.06565,theater,Royale Boston,https://www.yelp.com/biz/royale-boston-boston-2?adjust_creative=tzi52j1y9497qJtBsFV1mg&utm_campaign=yelp_api_v3&utm_medium=api_v3_business_search&utm_source=tzi52j1y9497qJtBsFV1mg,3.0,279 Tremont St,Boston,MA,02116,(617) 338-7699,279 Tremont St,460
42.48149,-71.10403,theater,Montvale TV Install,https://www.yelp.com/biz/montvale-tv-install-stoneham?adjust_creative=tzi52j1y9497qJtBsFV1mg&utm_campaign=yelp_api_v3&utm_medium=api_v3_business_search&utm_source=tzi52j1y9497qJtBsFV1mg,5.0,7 Chestnut St,Stoneham,MA,02180,(781) 799-1502,7 Chestnut St,11
42.6745,-71.12641,theater,Audio - Video Alternatives,https://www.yelp.com/biz/audio-video-alternatives-north-andover?adjust_creative=tzi52j1y9497qJtBsFV1mg&utm_campaign=yelp_api_v3&utm_medium=api_v3_business_search&utm_source=tzi52j1y9497qJtBsFV1mg,4.5,419 Andover St,North Andover,MA,03051,(603) 765-2647,419 Andover St,9
42.3882255554199,-71.1038665771484,theater,Once,https://www.yelp.com/biz/once-somerville-2?adjust_creative=tzi52j1y9497qJtBsFV1mg&utm_campaign=yelp_api_v3&utm_medium=api_v3_business_search&utm_source=tzi52j1y9497qJtBsFV1mg,3.5,156 Highland Ave,Somerville,MA,02143,(617) 285-0167,156 Highland Ave,30
42.3938941955566,-71.2195281982422,theater,Home Theater Solutions,https://www.yelp.com/biz/home-theater-solutions-waltham-2?adjust_creative=tzi52j1y9497qJtBsFV1mg&utm_campaign=yelp_api_v3&utm_medium=api_v3_business_search&utm_source=tzi52j1y9497qJtBsFV1mg,2.5,None,Waltham,MA,02452,(781) 521-3387,None,6
42.36611969769,-71.1050163209438,theater,World Music/CRASHarts,https://www.yelp.com/biz/world-music-crasharts-cambridge?adjust_creative=tzi52j1y9497qJtBsFV1mg&utm_campaign=yelp_api_v3&utm_medium=api_v3_business_search&utm_source=tzi52j1y9497qJtBsFV1mg,2.5,720 Massachusetts Ave,Cambridge,MA,02139,(617) 876-4275,720 Massachusetts Ave,3
42.313948968806,-71.0457713529468,theater,McCormick Hall UMass,https://www.yelp.com/biz/mccormick-hall-umass-boston?adjust_creative=tzi52j1y9497qJtBsFV1mg&utm_campaign=yelp_api_v3&utm_medium=api_v3_business_search&utm_source=tzi52j1y9497qJtBsFV1mg,3.5,100 Morrissey Blvd,Boston,MA,02125,,100 Morrissey Blvd,2
42.355628,-71.061281,theater,Downtown Crossing,https://www.yelp.com/biz/downtown-crossing-boston?adjust_creative=tzi52j1y9497qJtBsFV1mg&utm_campaign=yelp_api_v3&utm_medium=api_v3_business_search&utm_source=tzi52j1y9497qJtBsFV1mg,3.0,24 Winter St,Boston,MA,02108,,24 Winter St,71
42.4567302,-71.5365774,theater,SoundsFresh Audio,https://www.yelp.com/biz/soundsfresh-audio-stow?adjust_creative=tzi52j1y9497qJtBsFV1mg&utm_campaign=yelp_api_v3&utm_medium=api_v3_business_search&utm_source=tzi52j1y9497qJtBsFV1mg,5.0,128 Kirkland Dr,Stow,MA,01775,(617) 571-6874,128 Kirkland Dr,2
42.307706,-71.278556,theater,Elite Media Solutions,https://www.yelp.com/biz/elite-media-solutions-wellesley?adjust_creative=tzi52j1y9497qJtBsFV1mg&utm_campaign=yelp_api_v3&utm_medium=api_v3_business_search&utm_source=tzi52j1y9497qJtBsFV1mg,4.0,9 Forest St,Wellesley,MA,02482,(781) 237-2929,9 Forest St,10
42.2322905560923,-71.1779429404755,theater,Legacy Place,https://www.yelp.com/biz/legacy-place-dedham?adjust_creative=tzi52j1y9497qJtBsFV1mg&utm_campaign=yelp_api_v3&utm_medium=api_v3_business_search&utm_source=tzi52j1y9497qJtBsFV1mg,4.0,680 Legacy Pl,Dedham,MA,02026,(781) 329-3009,680 Legacy Pl,96
42.3590854040279,-71.0621408074938,theater,Suffolk University,https://www.yelp.com/biz/suffolk-university-boston-5?adjust_creative=tzi52j1y9497qJtBsFV1mg&utm_campaign=yelp_api_v3&utm_medium=api_v3_business_search&utm_source=tzi52j1y9497qJtBsFV1mg,3.5,8 Ashburton Pl,Boston,MA,02108,(617) 573-8000,8 Ashburton Pl,25
42.3529245350054,-71.1326021091911,theater,Brighton Music Hall,https://www.yelp.com/biz/brighton-music-hall-boston?adjust_creative=tzi52j1y9497qJtBsFV1mg&utm_campaign=yelp_api_v3&utm_medium=api_v3_business_search&utm_source=tzi52j1y9497qJtBsFV1mg,3.5,158 Brighton Ave,Boston,MA,02134,(617) 779-0140,158 Brighton Ave,107
42.76223,-71.02618,theater,Innovative Solutions Home Theater,https://www.yelp.com/biz/innovative-solutions-home-theater-groveland?adjust_creative=tzi52j1y9497qJtBsFV1mg&utm_campaign=yelp_api_v3&utm_medium=api_v3_business_search&utm_source=tzi52j1y9497qJtBsFV1mg,5.0,None,Groveland,MA,01834,(978) 705-1453,None,10
42.5401840209961,-71.4709701538086,theater,Stephanie Beach Magic,https://www.yelp.com/biz/stephanie-beach-magic-littleton?adjust_creative=tzi52j1y9497qJtBsFV1mg&utm_campaign=yelp_api_v3&utm_medium=api_v3_business_search&utm_source=tzi52j1y9497qJtBsFV1mg,5.0,,Littleton,MA,01460,(978) 486-4242,,2
42.3446824898777,-71.1027509072895,theater,Landmark Center,https://www.yelp.com/biz/landmark-center-boston?adjust_creative=tzi52j1y9497qJtBsFV1mg&utm_campaign=yelp_api_v3&utm_medium=api_v3_business_search&utm_source=tzi52j1y9497qJtBsFV1mg,2.0,401 Park Dr,Boston,MA,02228,,401 Park Dr,30
42.3190738,-71.18431,theater,Huntington Home Systems,https://www.yelp.com/biz/huntington-home-systems-newton?adjust_creative=tzi52j1y9497qJtBsFV1mg&utm_campaign=yelp_api_v3&utm_medium=api_v3_business_search&utm_source=tzi52j1y9497qJtBsFV1mg,4.5,369 Boylston St,Newton,MA,02459,(617) 244-6800,369 Boylston St,13
42.3471700007126,-71.09604,theater,Country 102.5 Street Party,https://www.yelp.com/biz/country-102-5-street-party-boston?adjust_creative=tzi52j1y9497qJtBsFV1mg&utm_campaign=yelp_api_v3&utm_medium=api_v3_business_search&utm_source=tzi52j1y9497qJtBsFV1mg,4.0,Lansdowne St,Boston,MA,02215,,Lansdowne St,1
42.1550826,-71.1071166,theater,Startec Communications,https://www.yelp.com/biz/startec-communications-canton?adjust_creative=tzi52j1y9497qJtBsFV1mg&utm_campaign=yelp_api_v3&utm_medium=api_v3_business_search&utm_source=tzi52j1y9497qJtBsFV1mg,4.0,905 Tpke St,Canton,MA,02021,(781) 740-7898,905 Tpke St,10
42.1285552978516,-70.9460296630859,theater,Trademark Audio Video Systems,https://www.yelp.com/biz/trademark-audio-video-systems-abington?adjust_creative=tzi52j1y9497qJtBsFV1mg&utm_campaign=yelp_api_v3&utm_medium=api_v3_business_search&utm_source=tzi52j1y9497qJtBsFV1mg,5.0,None,Abington,MA,02351,(781) 264-3137,None,1
41.7313798,-71.4372796,theater,Federal Hill Home Theaters,https://www.yelp.com/biz/federal-hill-home-theaters-warwick?adjust_creative=tzi52j1y9497qJtBsFV1mg&utm_campaign=yelp_api_v3&utm_medium=api_v3_business_search&utm_source=tzi52j1y9497qJtBsFV1mg,4.0,1837 Post Rd,Warwick,RI,02886,(401) 390-3448,1837 Post Rd,11
42.34642,-71.04266,theater,Laugh Boston,https://www.yelp.com/biz/laugh-boston-boston?adjust_creative=tzi52j1y9497qJtBsFV1mg&utm_campaign=yelp_api_v3&utm_medium=api_v3_business_search&utm_source=tzi52j1y9497qJtBsFV1mg,3.0,425 Summer St,Boston,MA,02210,(617) 725-2844,425 Summer St,122
42.352309423981,-71.117762393103,theater,Agganis Arena,https://www.yelp.com/biz/agganis-arena-boston?adjust_creative=tzi52j1y9497qJtBsFV1mg&utm_campaign=yelp_api_v3&utm_medium=api_v3_business_search&utm_source=tzi52j1y9497qJtBsFV1mg,3.0,925 Commonwealth Ave,Boston,MA,02215,(617) 358-7000,925 Commonwealth Ave,84
42.314905,-71.037584,theater,University of Massachusetts  Boston,https://www.yelp.com/biz/university-of-massachusetts-boston-boston?adjust_creative=tzi52j1y9497qJtBsFV1mg&utm_campaign=yelp_api_v3&utm_medium=api_v3_business_search&utm_source=tzi52j1y9497qJtBsFV1mg,3.0,100 Morrissey Blvd,Boston,MA,02125,(617) 287-6000,100 Morrissey Blvd,54
42.3492157403417,-71.0841545358009,theater,Newbury Street,https://www.yelp.com/biz/newbury-street-boston?adjust_creative=tzi52j1y9497qJtBsFV1mg&utm_campaign=yelp_api_v3&utm_medium=api_v3_business_search&utm_source=tzi52j1y9497qJtBsFV1mg,4.5,10 Newbury St,Boston,MA,02228,,10 Newbury St,92
42.293634,-71.1598535,theater,ShaLaLaLa Productions,https://www.yelp.com/biz/shalalala-productions-west-roxbury-2?adjust_creative=tzi52j1y9497qJtBsFV1mg&utm_campaign=yelp_api_v3&utm_medium=api_v3_business_search&utm_source=tzi52j1y9497qJtBsFV1mg,3.5,234 Maple St,West Roxbury,MA,02132,(617) 359-8584,234 Maple St,3
42.3140057,-71.034734,theater,Commonwealth Museum,https://www.yelp.com/biz/commonwealth-museum-boston?adjust_creative=tzi52j1y9497qJtBsFV1mg&utm_campaign=yelp_api_v3&utm_medium=api_v3_business_search&utm_source=tzi52j1y9497qJtBsFV1mg,4.5,220 Morrissey Blvd,Boston,MA,02125,(617) 727-9268,220 Morrissey Blvd,5
42.307068,-71.226107,theater,A Fine Dance Studio,https://www.yelp.com/biz/a-fine-dance-studio-needham?adjust_creative=tzi52j1y9497qJtBsFV1mg&utm_campaign=yelp_api_v3&utm_medium=api_v3_business_search&utm_source=tzi52j1y9497qJtBsFV1mg,4.0,322 Reservoir St,Needham,MA,02494,(781) 449-4800,322 Reservoir St,5
42.3523630472438,-71.0511607277431,theater,Boston Tea Party Ships & Museum,https://www.yelp.com/biz/boston-tea-party-ships-and-museum-boston?adjust_creative=tzi52j1y9497qJtBsFV1mg&utm_campaign=yelp_api_v3&utm_medium=api_v3_business_search&utm_source=tzi52j1y9497qJtBsFV1mg,4.5,306 Congress St,Boston,MA,02210,(617) 338-1773,306 Congress St,423
42.3497276,-71.2258232,theater,Boston Jewish Film Festival,https://www.yelp.com/biz/boston-jewish-film-festival-west-newton?adjust_creative=tzi52j1y9497qJtBsFV1mg&utm_campaign=yelp_api_v3&utm_medium=api_v3_business_search&utm_source=tzi52j1y9497qJtBsFV1mg,5.0,1001 Watertown St,West Newton,MA,02465,(617) 244-9899,1001 Watertown St,1
42.7063153,-71.2005509,theater,Cutting Edge AV,https://www.yelp.com/biz/cutting-edge-av-methuen-2?adjust_creative=tzi52j1y9497qJtBsFV1mg&utm_campaign=yelp_api_v3&utm_medium=api_v3_business_search&utm_source=tzi52j1y9497qJtBsFV1mg,4.5,190 Haverhill St,Methuen,MA,01844,(781) 234-5488,190 Haverhill St,14
42.3653934895992,-71.0625991970301,theater,TD Garden,https://www.yelp.com/biz/td-garden-boston-2?adjust_creative=tzi52j1y9497qJtBsFV1mg&utm_campaign=yelp_api_v3&utm_medium=api_v3_business_search&utm_source=tzi52j1y9497qJtBsFV1mg,3.5,100 Legends Way,Boston,MA,02114,(617) 624-1050,100 Legends Way,387
42.3602734854772,-71.0539537012135,theater,Ned Devine's Pub,https://www.yelp.com/biz/ned-devines-pub-boston?adjust_creative=tzi52j1y9497qJtBsFV1mg&utm_campaign=yelp_api_v3&utm_medium=api_v3_business_search&utm_source=tzi52j1y9497qJtBsFV1mg,3.0,1 Faneuil Hall Marketplace,Boston,MA,02109,(617) 248-8800,1 Faneuil Hall Marketplace,514
42.366822,-71.230312,theater,Audio Answer,https://www.yelp.com/biz/audio-answer-waltham?adjust_creative=tzi52j1y9497qJtBsFV1mg&utm_campaign=yelp_api_v3&utm_medium=api_v3_business_search&utm_source=tzi52j1y9497qJtBsFV1mg,4.5,152 High St,Waltham,MA,02453,(617) 964-1791,152 High St,20
42.37009,-71.07913,theater,Multicultural Arts Center,https://www.yelp.com/biz/multicultural-arts-center-cambridge?adjust_creative=tzi52j1y9497qJtBsFV1mg&utm_campaign=yelp_api_v3&utm_medium=api_v3_business_search&utm_source=tzi52j1y9497qJtBsFV1mg,4.5,41 2nd St,Cambridge,MA,02141,(617) 577-1400,41 2nd St,17
42.3473244,-71.0444641,theater,PAX East,https://www.yelp.com/biz/pax-east-boston?adjust_creative=tzi52j1y9497qJtBsFV1mg&utm_campaign=yelp_api_v3&utm_medium=api_v3_business_search&utm_source=tzi52j1y9497qJtBsFV1mg,3.5,415 Summer St,Boston,MA,02210,,415 Summer St,23
42.7897788,-71.2337661,theater,Tailor-Made Audio + Video,https://www.yelp.com/biz/tailor-made-audio-video-salem-2?adjust_creative=tzi52j1y9497qJtBsFV1mg&utm_campaign=yelp_api_v3&utm_medium=api_v3_business_search&utm_source=tzi52j1y9497qJtBsFV1mg,3.5,224 N Broadway,Salem,NH,03079,(888) 232-2287,224 N Broadway,3
42.3897669318919,-71.1408988757935,theater,Fresh Pond Mall,https://www.yelp.com/biz/fresh-pond-mall-cambridge?adjust_creative=tzi52j1y9497qJtBsFV1mg&utm_campaign=yelp_api_v3&utm_medium=api_v3_business_search&utm_source=tzi52j1y9497qJtBsFV1mg,3.0,Alewife Brook Pkwy,Cambridge,MA,02138,,Alewife Brook Pkwy,12
42.3680362,-71.1782513,theater,Markarian Electric,https://www.yelp.com/biz/markarian-electric-watertown-4?adjust_creative=tzi52j1y9497qJtBsFV1mg&utm_campaign=yelp_api_v3&utm_medium=api_v3_business_search&utm_source=tzi52j1y9497qJtBsFV1mg,4.5,147 Mount Auburn St,Watertown,MA,02472,(617) 393-9700,147 Mount Auburn St,17
42.6970458,-70.9920456,theater,NexSense,https://www.yelp.com/biz/nexsense-boxford?adjust_creative=tzi52j1y9497qJtBsFV1mg&utm_campaign=yelp_api_v3&utm_medium=api_v3_business_search&utm_source=tzi52j1y9497qJtBsFV1mg,5.0,104 Great Pond Dr,Boxford,MA,01921,(978) 312-6942,104 Great Pond Dr,2
42.35866,-71.05675,theater,Phantom Gourmet Food Festival,https://www.yelp.com/biz/phantom-gourmet-food-festival-boston?adjust_creative=tzi52j1y9497qJtBsFV1mg&utm_campaign=yelp_api_v3&utm_medium=api_v3_business_search&utm_source=tzi52j1y9497qJtBsFV1mg,2.5,None,Boston,MA,02228,,None,65
41.913729,-70.732601,theater,Elite Theater,https://www.yelp.com/biz/elite-theater-plymouth-2?adjust_creative=tzi52j1y9497qJtBsFV1mg&utm_campaign=yelp_api_v3&utm_medium=api_v3_business_search&utm_source=tzi52j1y9497qJtBsFV1mg,5.0,14 Roberts Rd,Plymouth,MA,02360,(877) 354-8370,14 Roberts Rd,1
42.36007,-71.1182,theater,Scullers Jazz Club,https://www.yelp.com/biz/scullers-jazz-club-boston?adjust_creative=tzi52j1y9497qJtBsFV1mg&utm_campaign=yelp_api_v3&utm_medium=api_v3_business_search&utm_source=tzi52j1y9497qJtBsFV1mg,3.5,400 Soldiers Rd,Boston,MA,02134,(617) 562-4111,400 Soldiers Rd,85
42.39264,-71.22057,theater,Miss Maria's School of Dance,https://www.yelp.com/biz/miss-marias-school-of-dance-waltham?adjust_creative=tzi52j1y9497qJtBsFV1mg&utm_campaign=yelp_api_v3&utm_medium=api_v3_business_search&utm_source=tzi52j1y9497qJtBsFV1mg,4.0,241 Forest St,Waltham,MA,02452,(617) 744-6095,241 Forest St,8
42.347352,-71.082505,theater,Prudential Center,https://www.yelp.com/biz/prudential-center-boston-2?adjust_creative=tzi52j1y9497qJtBsFV1mg&utm_campaign=yelp_api_v3&utm_medium=api_v3_business_search&utm_source=tzi52j1y9497qJtBsFV1mg,3.5,800 Boylston St,Boston,MA,02199,(617) 236-3100,800 Boylston St,249
42.3465694,-71.0987712,theater,Fenway Park,https://www.yelp.com/biz/fenway-park-boston?adjust_creative=tzi52j1y9497qJtBsFV1mg&utm_campaign=yelp_api_v3&utm_medium=api_v3_business_search&utm_source=tzi52j1y9497qJtBsFV1mg,4.5,4 Jersey St,Boston,MA,02115,(877) 733-7699,4 Jersey St,1306
41.82138,-71.41131,theater,Ultimate Home Theater,https://www.yelp.com/biz/ultimate-home-theater-providence?adjust_creative=tzi52j1y9497qJtBsFV1mg&utm_campaign=yelp_api_v3&utm_medium=api_v3_business_search&utm_source=tzi52j1y9497qJtBsFV1mg,4.5,,Providence,RI,02903,(401) 263-2320,,9
42.305381,-71.664505,theater,Level Up Your Home,https://www.yelp.com/biz/level-up-your-home-northborough?adjust_creative=tzi52j1y9497qJtBsFV1mg&utm_campaign=yelp_api_v3&utm_medium=api_v3_business_search&utm_source=tzi52j1y9497qJtBsFV1mg,4.0,367 W Main St,Northborough,MA,01532,(800) 979-2791,367 W Main St,14
41.9608217351,-71.0412534847,theater,Home Theaters By Sean,https://www.yelp.com/biz/home-theaters-by-sean-bridgewater?adjust_creative=tzi52j1y9497qJtBsFV1mg&utm_campaign=yelp_api_v3&utm_medium=api_v3_business_search&utm_source=tzi52j1y9497qJtBsFV1mg,5.0,None,Bridgewater,MA,02324,(508) 243-3759,None,1
42.3544006,-71.0546799,theater,Propark,https://www.yelp.com/biz/propark-boston?adjust_creative=tzi52j1y9497qJtBsFV1mg&utm_campaign=yelp_api_v3&utm_medium=api_v3_business_search&utm_source=tzi52j1y9497qJtBsFV1mg,1.5,99 High St,Boston,MA,02110,(617) 542-1259,99 High St,3
42.3738387,-71.1200116,theater,Club Passim,https://www.yelp.com/biz/club-passim-cambridge?adjust_creative=tzi52j1y9497qJtBsFV1mg&utm_campaign=yelp_api_v3&utm_medium=api_v3_business_search&utm_source=tzi52j1y9497qJtBsFV1mg,4.5,47 Palmer St,Cambridge,MA,02138,(617) 492-5300,47 Palmer St,112
42.3214522,-71.176037,theater,The Shops at Chestnut Hill,https://www.yelp.com/biz/the-shops-at-chestnut-hill-chestnut-hill?adjust_creative=tzi52j1y9497qJtBsFV1mg&utm_campaign=yelp_api_v3&utm_medium=api_v3_business_search&utm_source=tzi52j1y9497qJtBsFV1mg,3.5,199 Boylston St,Chestnut Hill,MA,02467,(617) 965-3037,199 Boylston St,70
42.3518751004282,-71.049992,theater,Boston Children's Museum,https://www.yelp.com/biz/boston-childrens-museum-boston?adjust_creative=tzi52j1y9497qJtBsFV1mg&utm_campaign=yelp_api_v3&utm_medium=api_v3_business_search&utm_source=tzi52j1y9497qJtBsFV1mg,4.0,308 Congress St,Boston,MA,02210,(617) 426-6500,308 Congress St,263
42.345842,-71.098782,theater,Boston Red Sox,https://www.yelp.com/biz/boston-red-sox-boston?adjust_creative=tzi52j1y9497qJtBsFV1mg&utm_campaign=yelp_api_v3&utm_medium=api_v3_business_search&utm_source=tzi52j1y9497qJtBsFV1mg,4.0,4 Yawkey Way,Boston,MA,02215,(617) 585-0300,4 Yawkey Way,133
42.33976,-71.08241,theater,Darryl's Corner Bar & Kitchen,https://www.yelp.com/biz/darryls-corner-bar-and-kitchen-boston?adjust_creative=tzi52j1y9497qJtBsFV1mg&utm_campaign=yelp_api_v3&utm_medium=api_v3_business_search&utm_source=tzi52j1y9497qJtBsFV1mg,3.5,604 Columbus Ave,Boston,MA,02118,(617) 536-1100,604 Columbus Ave,680
42.1989795,-71.1568328,theater,Audio Video Design,https://www.yelp.com/biz/audio-video-design-westwood?adjust_creative=tzi52j1y9497qJtBsFV1mg&utm_campaign=yelp_api_v3&utm_medium=api_v3_business_search&utm_source=tzi52j1y9497qJtBsFV1mg,2.5,385 University Ave,Westwood,MA,02090,(617) 965-4600,385 University Ave,5
42.69147,-71.16254,theater,JDC Installations,https://www.yelp.com/biz/jdc-installations-lawrence?adjust_creative=tzi52j1y9497qJtBsFV1mg&utm_campaign=yelp_api_v3&utm_medium=api_v3_business_search&utm_source=tzi52j1y9497qJtBsFV1mg,5.0,None,Lawrence,MA,01843,(978) 764-8081,None,1
42.310549872872,-71.1347419744279,theater,Larz Anderson Auto Museum,https://www.yelp.com/biz/larz-anderson-auto-museum-brookline?adjust_creative=tzi52j1y9497qJtBsFV1mg&utm_campaign=yelp_api_v3&utm_medium=api_v3_business_search&utm_source=tzi52j1y9497qJtBsFV1mg,4.5,15 Newton St,Brookline,MA,02445,(617) 522-6547,15 Newton St,35
42.483566,-71.096596,theater,Hartt Vocal Studio,https://www.yelp.com/biz/hartt-vocal-studio-stoneham?adjust_creative=tzi52j1y9497qJtBsFV1mg&utm_campaign=yelp_api_v3&utm_medium=api_v3_business_search&utm_source=tzi52j1y9497qJtBsFV1mg,5.0,26 Pomeworth St,Stoneham,MA,02180,(508) 475-9730,26 Pomeworth St,1
42.3380437101672,-71.0989185924732,theater,Isabella Stewart Gardner Museum,https://www.yelp.com/biz/isabella-stewart-gardner-museum-boston-2?adjust_creative=tzi52j1y9497qJtBsFV1mg&utm_campaign=yelp_api_v3&utm_medium=api_v3_business_search&utm_source=tzi52j1y9497qJtBsFV1mg,4.5,25 Evans Way,Boston,MA,02115,(617) 566-1401,25 Evans Way,550
42.359791,-71.05446,theater,Faneuil Hall Marketplace,https://www.yelp.com/biz/faneuil-hall-marketplace-boston-3?adjust_creative=tzi52j1y9497qJtBsFV1mg&utm_campaign=yelp_api_v3&utm_medium=api_v3_business_search&utm_source=tzi52j1y9497qJtBsFV1mg,3.5,4 S Market Bldg,Boston,MA,02109,(617) 523-1300,4 S Market Bldg,427
42.3952447012729,-71.0697187591553,theater,Encore Boston Harbor,https://www.yelp.com/biz/encore-boston-harbor-everett-2?adjust_creative=tzi52j1y9497qJtBsFV1mg&utm_campaign=yelp_api_v3&utm_medium=api_v3_business_search&utm_source=tzi52j1y9497qJtBsFV1mg,2.5,1 Broadway,Everett,MA,02149,(857) 770-7000,1 Broadway,438
42.38796,-71.14057,theater,Q BALLROOM,https://www.yelp.com/biz/q-ballroom-cambridge?adjust_creative=tzi52j1y9497qJtBsFV1mg&utm_campaign=yelp_api_v3&utm_medium=api_v3_business_search&utm_source=tzi52j1y9497qJtBsFV1mg,4.5,26 New St,Cambridge,MA,02138,(617) 492-2122,26 New St,32
42.41058,-71.145441,theater,Arlington Center For the Arts,https://www.yelp.com/biz/arlington-center-for-the-arts-arlington?adjust_creative=tzi52j1y9497qJtBsFV1mg&utm_campaign=yelp_api_v3&utm_medium=api_v3_business_search&utm_source=tzi52j1y9497qJtBsFV1mg,2.0,41 Foster St,Arlington,MA,02474,(781) 648-6220,41 Foster St,3
42.9924,-71.4668,theater,SVI Systems, LLC,https://www.yelp.com/biz/svi-systems-llc-manchester-2?adjust_creative=tzi52j1y9497qJtBsFV1mg&utm_campaign=yelp_api_v3&utm_medium=api_v3_business_search&utm_source=tzi52j1y9497qJtBsFV1mg,2.5,400 Bedford St,Manchester,NH,03101,(603) 668-6681,400 Bedford St,3
42.367563,-71.071088,theater,Museum of Science,https://www.yelp.com/biz/museum-of-science-boston?adjust_creative=tzi52j1y9497qJtBsFV1mg&utm_campaign=yelp_api_v3&utm_medium=api_v3_business_search&utm_source=tzi52j1y9497qJtBsFV1mg,4.0,1 Science Park,Boston,MA,02114,(617) 723-2500,1 Science Park,685
42.4824802,-71.2137008,theater,Burlington Mall,https://www.yelp.com/biz/burlington-mall-burlington-2?adjust_creative=tzi52j1y9497qJtBsFV1mg&utm_campaign=yelp_api_v3&utm_medium=api_v3_business_search&utm_source=tzi52j1y9497qJtBsFV1mg,3.5,75 Middlesex Tpke,Burlington,MA,01803,(781) 272-8667,75 Middlesex Tpke,181
42.1982,-71.84231,theater,New England Sound,https://www.yelp.com/biz/new-england-sound-auburn?adjust_creative=tzi52j1y9497qJtBsFV1mg&utm_campaign=yelp_api_v3&utm_medium=api_v3_business_search&utm_source=tzi52j1y9497qJtBsFV1mg,5.0,,Auburn,MA,01501,(508) 407-0486,,1
42.293887,-71.046253,theater,Boston Bowl - Dorchester,https://www.yelp.com/biz/boston-bowl-dorchester-boston?adjust_creative=tzi52j1y9497qJtBsFV1mg&utm_campaign=yelp_api_v3&utm_medium=api_v3_business_search&utm_source=tzi52j1y9497qJtBsFV1mg,3.5,820 Morrissey Blvd,Boston,MA,02122,(617) 825-3800,820 Morrissey Blvd,165
42.2219951781707,-71.0237679325409,theater,South Shore Plaza,https://www.yelp.com/biz/south-shore-plaza-braintree-2?adjust_creative=tzi52j1y9497qJtBsFV1mg&utm_campaign=yelp_api_v3&utm_medium=api_v3_business_search&utm_source=tzi52j1y9497qJtBsFV1mg,3.5,250 Granite St,Braintree,MA,02184,(781) 843-8200,250 Granite St,157
42.382019,-71.267128,theater,Sounds Good Corporation,https://www.yelp.com/biz/sounds-good-corporation-waltham?adjust_creative=tzi52j1y9497qJtBsFV1mg&utm_campaign=yelp_api_v3&utm_medium=api_v3_business_search&utm_source=tzi52j1y9497qJtBsFV1mg,3.5,26 Fox Rd,Waltham,MA,02451,(888) 887-7671,26 Fox Rd,5
42.6151629,-71.1882535,theater,Creswell Property Solutions,https://www.yelp.com/biz/creswell-property-solutions-tewksbury?adjust_creative=tzi52j1y9497qJtBsFV1mg&utm_campaign=yelp_api_v3&utm_medium=api_v3_business_search&utm_source=tzi52j1y9497qJtBsFV1mg,1.0,1500 Shawsheen St,Tewksbury,MA,01876,(978) 590-5630,1500 Shawsheen St,1
42.3005981,-71.0664215,theater,Millys Cafe,https://www.yelp.com/biz/millys-cafe-dorchester?adjust_creative=tzi52j1y9497qJtBsFV1mg&utm_campaign=yelp_api_v3&utm_medium=api_v3_business_search&utm_source=tzi52j1y9497qJtBsFV1mg,1.0,432 Geneva Ave,Dorchester,MA,02122,(617) 379-3015,432 Geneva Ave,1
42.4366210924589,-71.214360536488,theater,Scottish Rite Masonic Museum & Library,https://www.yelp.com/biz/scottish-rite-masonic-museum-and-library-lexington?adjust_creative=tzi52j1y9497qJtBsFV1mg&utm_campaign=yelp_api_v3&utm_medium=api_v3_business_search&utm_source=tzi52j1y9497qJtBsFV1mg,4.0,33 Marrett Rd,Lexington,MA,02421,(781) 861-6559,33 Marrett Rd,16
42.362612,-71.160918,theater,Arsenal Yards,https://www.yelp.com/biz/arsenal-yards-watertown?adjust_creative=tzi52j1y9497qJtBsFV1mg&utm_campaign=yelp_api_v3&utm_medium=api_v3_business_search&utm_source=tzi52j1y9497qJtBsFV1mg,3.0,485 Arsenal St,Watertown,MA,02472,(617) 923-9944,485 Arsenal St,93
42.587049,-70.971815,theater,New England Home Theater,https://www.yelp.com/biz/new-england-home-theater-danvers?adjust_creative=tzi52j1y9497qJtBsFV1mg&utm_campaign=yelp_api_v3&utm_medium=api_v3_business_search&utm_source=tzi52j1y9497qJtBsFV1mg,1.0,505 Maple St,Danvers,MA,01923,(978) 265-6753,505 Maple St,1
42.3728223623319,-71.2337596107045,theater,Charles River Museum of Industry & Innovation,https://www.yelp.com/biz/charles-river-museum-of-industry-and-innovation-waltham?adjust_creative=tzi52j1y9497qJtBsFV1mg&utm_campaign=yelp_api_v3&utm_medium=api_v3_business_search&utm_source=tzi52j1y9497qJtBsFV1mg,4.0,154 Moody St,Waltham,MA,02453,(781) 893-5410,154 Moody St,38
41.98365,-71.18691,theater,Boston Flat Screen,https://www.yelp.com/biz/boston-flat-screen-norton-2?adjust_creative=tzi52j1y9497qJtBsFV1mg&utm_campaign=yelp_api_v3&utm_medium=api_v3_business_search&utm_source=tzi52j1y9497qJtBsFV1mg,1.0,6 Arrow Rd,Norton,MA,02766,(508) 443-4888,6 Arrow Rd,1
42.347236,-71.095705,theater,House of Blues Boston- Music Venue,https://www.yelp.com/biz/house-of-blues-boston-music-venue-boston?adjust_creative=tzi52j1y9497qJtBsFV1mg&utm_campaign=yelp_api_v3&utm_medium=api_v3_business_search&utm_source=tzi52j1y9497qJtBsFV1mg,2.5,15 Lansdowne St,Boston,MA,02215,(888) 693-2583,15 Lansdowne St,747
42.34732,-71.09449,theater,Lucky Strike Boston,https://www.yelp.com/biz/lucky-strike-boston-boston?adjust_creative=tzi52j1y9497qJtBsFV1mg&utm_campaign=yelp_api_v3&utm_medium=api_v3_business_search&utm_source=tzi52j1y9497qJtBsFV1mg,2.5,145 Ipswich St,Boston,MA,02215,(617) 437-0300,145 Ipswich St,486
41.630581,-70.585217,theater,AtHome Controls,https://www.yelp.com/biz/athome-controls-east-falmouth?adjust_creative=tzi52j1y9497qJtBsFV1mg&utm_campaign=yelp_api_v3&utm_medium=api_v3_business_search&utm_source=tzi52j1y9497qJtBsFV1mg,5.0,93 Goeletta Dr,East Falmouth,MA,02536,(508) 566-9060,93 Goeletta Dr,1
43.1321,-71.44718,theater,Wired NH,https://www.yelp.com/biz/wired-nh-allenstown?adjust_creative=tzi52j1y9497qJtBsFV1mg&utm_campaign=yelp_api_v3&utm_medium=api_v3_business_search&utm_source=tzi52j1y9497qJtBsFV1mg,5.0,48 Turnpike St,Allenstown,NH,03275,(603) 547-7886,48 Turnpike St,1
