41.795818,-71.438224,towing,Coletta's Garage,https://www.yelp.com/biz/colettas-garage-providence-2?adjust_creative=tzi52j1y9497qJtBsFV1mg&utm_campaign=yelp_api_v3&utm_medium=api_v3_business_search&utm_source=tzi52j1y9497qJtBsFV1mg,2.5,250 Niantic Ave,Providence,RI,02907,(401) 421-3232,250 Niantic Ave,10
41.805606842041,-71.4023208618164,towing,Sterry Street Towing,https://www.yelp.com/biz/sterry-street-towing-providence?adjust_creative=tzi52j1y9497qJtBsFV1mg&utm_campaign=yelp_api_v3&utm_medium=api_v3_business_search&utm_source=tzi52j1y9497qJtBsFV1mg,3.5,278 Allens Ave,Providence,RI,02905,(401) 461-1100,278 Allens Ave,3
41.85469,-71.412191,towing,Barrett's Towing,https://www.yelp.com/biz/barretts-towing-north-providence?adjust_creative=tzi52j1y9497qJtBsFV1mg&utm_campaign=yelp_api_v3&utm_medium=api_v3_business_search&utm_source=tzi52j1y9497qJtBsFV1mg,5.0,414 Silver Spring St,Providence,RI,02904,(401) 500-5244,414 Silver Spring St,1
41.83527533,-71.47734867,towing,Anthony's Auto Body,https://www.yelp.com/biz/anthonys-auto-body-johnston?adjust_creative=tzi52j1y9497qJtBsFV1mg&utm_campaign=yelp_api_v3&utm_medium=api_v3_business_search&utm_source=tzi52j1y9497qJtBsFV1mg,5.0,119 Greenville Ave,Johnston,RI,02919,(401) 273-7373,119 Greenville Ave,13
41.85689,-71.39148,towing,East Side Service Center,https://www.yelp.com/biz/east-side-service-center-providence?adjust_creative=tzi52j1y9497qJtBsFV1mg&utm_campaign=yelp_api_v3&utm_medium=api_v3_business_search&utm_source=tzi52j1y9497qJtBsFV1mg,4.0,1100 Hope St,Providence,RI,02906,(401) 421-9100,1100 Hope St,30
41.696666,-71.520331,towing,J & D Auto Salvage and Sales,https://www.yelp.com/biz/j-and-d-auto-salvage-and-sales-west-warwick?adjust_creative=tzi52j1y9497qJtBsFV1mg&utm_campaign=yelp_api_v3&utm_medium=api_v3_business_search&utm_source=tzi52j1y9497qJtBsFV1mg,4.5,4 Bridal Ave,West Warwick,RI,02893,(401) 826-0618,4 Bridal Ave,4
41.8275,-71.43731,towing,State Towing Service,https://www.yelp.com/biz/state-towing-service-providence?adjust_creative=tzi52j1y9497qJtBsFV1mg&utm_campaign=yelp_api_v3&utm_medium=api_v3_business_search&utm_source=tzi52j1y9497qJtBsFV1mg,2.5,380 Valley St,Providence,RI,02908,(401) 331-0925,380 Valley St,5
41.709287,-71.520727,towing,Reliable Collision Repair,https://www.yelp.com/biz/reliable-collision-repair-west-warwick?adjust_creative=tzi52j1y9497qJtBsFV1mg&utm_campaign=yelp_api_v3&utm_medium=api_v3_business_search&utm_source=tzi52j1y9497qJtBsFV1mg,4.0,31 Providence St,West Warwick,RI,02893,(401) 823-4770,31 Providence St,7
41.81945,-71.44595,towing,Markos Auto Body Sales & Service,https://www.yelp.com/biz/markos-auto-body-sales-and-service-providence?adjust_creative=tzi52j1y9497qJtBsFV1mg&utm_campaign=yelp_api_v3&utm_medium=api_v3_business_search&utm_source=tzi52j1y9497qJtBsFV1mg,4.5,141 Manton Ave,Providence,RI,02909,(401) 272-5789,141 Manton Ave,4
41.85922,-71.44727,towing,Townline Service and Towing,https://www.yelp.com/biz/town-line-towing-and-recovery-north-providence-2?adjust_creative=tzi52j1y9497qJtBsFV1mg&utm_campaign=yelp_api_v3&utm_medium=api_v3_business_search&utm_source=tzi52j1y9497qJtBsFV1mg,3.0,1232 Douglas Ave,North Providence,RI,02904,(401) 353-6610,1232 Douglas Ave,2
41.78003,-71.43836,towing,Tow Truck Services,https://www.yelp.com/biz/tow-truck-services-cranston?adjust_creative=tzi52j1y9497qJtBsFV1mg&utm_campaign=yelp_api_v3&utm_medium=api_v3_business_search&utm_source=tzi52j1y9497qJtBsFV1mg,5.0,,Cranston,RI,02910,(401) 400-4899,,1
41.8140449523926,-71.4499435424805,towing,Vasquez Electro Auto and Towing,https://www.yelp.com/biz/vasquez-electro-auto-and-towing-providence?adjust_creative=tzi52j1y9497qJtBsFV1mg&utm_campaign=yelp_api_v3&utm_medium=api_v3_business_search&utm_source=tzi52j1y9497qJtBsFV1mg,2.5,6 Heath St,Providence,RI,02909,(401) 419-8339,6 Heath St,3
41.85945,-71.39731,towing,Coastal Collision & Towing,https://www.yelp.com/biz/coastal-collision-and-towing-pawtucket?adjust_creative=tzi52j1y9497qJtBsFV1mg&utm_campaign=yelp_api_v3&utm_medium=api_v3_business_search&utm_source=tzi52j1y9497qJtBsFV1mg,4.0,540 Pawtucket Ave,Pawtucket,RI,02860,(401) 724-6862,540 Pawtucket Ave,10
41.8001099,-71.44718,towing,EZ Glass & Tow,https://www.yelp.com/biz/ez-glass-and-tow-cranston?adjust_creative=tzi52j1y9497qJtBsFV1mg&utm_campaign=yelp_api_v3&utm_medium=api_v3_business_search&utm_source=tzi52j1y9497qJtBsFV1mg,5.0,987 Cranston St,Cranston,RI,02920,(401) 275-5056,987 Cranston St,2
41.81938,-71.42174,towing,Banchwerks,https://www.yelp.com/biz/banchwerks-providence?adjust_creative=tzi52j1y9497qJtBsFV1mg&utm_campaign=yelp_api_v3&utm_medium=api_v3_business_search&utm_source=tzi52j1y9497qJtBsFV1mg,4.5,357 W Fountain St,Providence,RI,02903,(401) 335-3336,357 W Fountain St,9
41.82197,-71.42112,towing,BTS Tire & Service,https://www.yelp.com/biz/bts-tire-and-service-providence?adjust_creative=tzi52j1y9497qJtBsFV1mg&utm_campaign=yelp_api_v3&utm_medium=api_v3_business_search&utm_source=tzi52j1y9497qJtBsFV1mg,3.5,113 Broadway,Providence,RI,02903,(401) 621-3390,113 Broadway,12
41.77942,-71.43758,towing,Park Ave Auto Service,https://www.yelp.com/biz/park-ave-auto-service-cranston?adjust_creative=tzi52j1y9497qJtBsFV1mg&utm_campaign=yelp_api_v3&utm_medium=api_v3_business_search&utm_source=tzi52j1y9497qJtBsFV1mg,4.5,880 Park Ave,Cranston,RI,02910,(401) 941-6222,880 Park Ave,32
41.8037536740303,-71.4346008002758,towing,All City Towing Services,https://www.yelp.com/biz/all-city-towing-services-providence?adjust_creative=tzi52j1y9497qJtBsFV1mg&utm_campaign=yelp_api_v3&utm_medium=api_v3_business_search&utm_source=tzi52j1y9497qJtBsFV1mg,1.0,1 Calhoun Ave,Providence,RI,02907,(401) 785-9515,1 Calhoun Ave,2
41.898062,-71.344899,towing,Sterry Street Towing,https://www.yelp.com/biz/sterry-street-towing-and-auto-transport-attleboro?adjust_creative=tzi52j1y9497qJtBsFV1mg&utm_campaign=yelp_api_v3&utm_medium=api_v3_business_search&utm_source=tzi52j1y9497qJtBsFV1mg,3.5,24 Rice St,Attleboro,MA,02703,(508) 761-4777,24 Rice St,6
41.8124160766602,-71.4499740600586,towing,Matarese's Auto Repair,https://www.yelp.com/biz/matareses-auto-repair-providence?adjust_creative=tzi52j1y9497qJtBsFV1mg&utm_campaign=yelp_api_v3&utm_medium=api_v3_business_search&utm_source=tzi52j1y9497qJtBsFV1mg,5.0,140 Webster Ave,Providence,RI,02909,,140 Webster Ave,1
41.8169333,-71.4283147,towing,Colombia Auto Services,https://www.yelp.com/biz/colombia-auto-services-providence?adjust_creative=tzi52j1y9497qJtBsFV1mg&utm_campaign=yelp_api_v3&utm_medium=api_v3_business_search&utm_source=tzi52j1y9497qJtBsFV1mg,3.5,1160 Westminster St,Providence,RI,02909,(401) 369-7511,1160 Westminster St,10
41.88864,-71.39919,towing,King's Towing,https://www.yelp.com/biz/kings-towing-central-falls?adjust_creative=tzi52j1y9497qJtBsFV1mg&utm_campaign=yelp_api_v3&utm_medium=api_v3_business_search&utm_source=tzi52j1y9497qJtBsFV1mg,4.0,890 Dexter St,Central Falls,RI,02863,(401) 722-6267,890 Dexter St,4
41.8222274780273,-71.4493026733398,towing,Junk Car Rhode Island,https://www.yelp.com/biz/junk-car-rhode-island-providence?adjust_creative=tzi52j1y9497qJtBsFV1mg&utm_campaign=yelp_api_v3&utm_medium=api_v3_business_search&utm_source=tzi52j1y9497qJtBsFV1mg,5.0,,Providence,RI,02909,(401) 305-4776,,1
41.8184204101562,-71.4239807128906,towing,Matarese Towing & Service,https://www.yelp.com/biz/matarese-towing-and-service-providence?adjust_creative=tzi52j1y9497qJtBsFV1mg&utm_campaign=yelp_api_v3&utm_medium=api_v3_business_search&utm_source=tzi52j1y9497qJtBsFV1mg,1.0,432 W Fountain St,Providence,RI,02903,(401) 331-9760,432 W Fountain St,3
41.78787,-71.39562,towing,All4 towing and transport,https://www.yelp.com/biz/all4-towing-and-transport-providence?adjust_creative=tzi52j1y9497qJtBsFV1mg&utm_campaign=yelp_api_v3&utm_medium=api_v3_business_search&utm_source=tzi52j1y9497qJtBsFV1mg,1.0,None,Providence,RI,02905,(401) 808-0526,None,1
41.8223037719727,-71.4411697387695,towing,Lemus Auto Sales & Service,https://www.yelp.com/biz/lemus-auto-sales-and-service-providence?adjust_creative=tzi52j1y9497qJtBsFV1mg&utm_campaign=yelp_api_v3&utm_medium=api_v3_business_search&utm_source=tzi52j1y9497qJtBsFV1mg,2.5,190 Valley St,Providence,RI,02909,(401) 331-3136,190 Valley St,3
41.8363762,-71.4183655,towing,Rego's Auto Body,https://www.yelp.com/biz/regos-auto-body-providence-3?adjust_creative=tzi52j1y9497qJtBsFV1mg&utm_campaign=yelp_api_v3&utm_medium=api_v3_business_search&utm_source=tzi52j1y9497qJtBsFV1mg,4.5,300 Chalkstone Ave,Providence,RI,02908,(401) 274-5199,300 Chalkstone Ave,23
41.857597,-71.421594,towing,Prior Service,https://www.yelp.com/biz/prior-service-providence?adjust_creative=tzi52j1y9497qJtBsFV1mg&utm_campaign=yelp_api_v3&utm_medium=api_v3_business_search&utm_source=tzi52j1y9497qJtBsFV1mg,5.0,778 Charles St,Providence,RI,02904,(401) 831-9128,778 Charles St,4
41.8396122,-71.4092807,towing,Dean Auto and Collision Center,https://www.yelp.com/biz/dean-auto-and-collision-center-providence?adjust_creative=tzi52j1y9497qJtBsFV1mg&utm_campaign=yelp_api_v3&utm_medium=api_v3_business_search&utm_source=tzi52j1y9497qJtBsFV1mg,4.5,700 N Main St,Providence,RI,02904,(401) 421-4700,700 N Main St,57
41.885799,-71.320487,towing,Advanced Towing,https://www.yelp.com/biz/advanced-towing-seekonk?adjust_creative=tzi52j1y9497qJtBsFV1mg&utm_campaign=yelp_api_v3&utm_medium=api_v3_business_search&utm_source=tzi52j1y9497qJtBsFV1mg,3.5,45 Woodland Ave,Seekonk,MA,02771,(508) 336-9311,45 Woodland Ave,2
41.83226,-71.42445,towing,Desmond Auto Body,https://www.yelp.com/biz/desmond-auto-body-providence?adjust_creative=tzi52j1y9497qJtBsFV1mg&utm_campaign=yelp_api_v3&utm_medium=api_v3_business_search&utm_source=tzi52j1y9497qJtBsFV1mg,2.5,69 Bath St,Providence,RI,02908,(401) 521-9376,69 Bath St,5
41.8167572021484,-71.4467926025391,towing,Grasso's Service,https://www.yelp.com/biz/grassos-service-providence?adjust_creative=tzi52j1y9497qJtBsFV1mg&utm_campaign=yelp_api_v3&utm_medium=api_v3_business_search&utm_source=tzi52j1y9497qJtBsFV1mg,3.0,116 Hartford Ave,Providence,RI,02909,(401) 831-4800,116 Hartford Ave,2
41.8275999,-71.36485,towing,Ocean State Towing & Recovery,https://www.yelp.com/biz/ocean-state-towing-and-recovery-east-providence?adjust_creative=tzi52j1y9497qJtBsFV1mg&utm_campaign=yelp_api_v3&utm_medium=api_v3_business_search&utm_source=tzi52j1y9497qJtBsFV1mg,1.5,120 Pershing St,East Providence,RI,02914,(401) 431-1744,120 Pershing St,17
41.929482,-71.420603,towing,Shea's Towing,https://www.yelp.com/biz/sheas-towing-cumberland?adjust_creative=tzi52j1y9497qJtBsFV1mg&utm_campaign=yelp_api_v3&utm_medium=api_v3_business_search&utm_source=tzi52j1y9497qJtBsFV1mg,2.0,Main Location,Cumberland,RI,02864,(401) 724-1111,Main Location,4
41.85463,-71.488109,towing,Willy's Precision Towing,https://www.yelp.com/biz/willys-precision-towing-johnston?adjust_creative=tzi52j1y9497qJtBsFV1mg&utm_campaign=yelp_api_v3&utm_medium=api_v3_business_search&utm_source=tzi52j1y9497qJtBsFV1mg,3.0,100 South St,Johnston,RI,02919,(401) 231-6866,100 South St,2
41.87365,-71.38758,towing,Candeias Auto Repair Service,https://www.yelp.com/biz/candeias-auto-repair-service-pawtucket?adjust_creative=tzi52j1y9497qJtBsFV1mg&utm_campaign=yelp_api_v3&utm_medium=api_v3_business_search&utm_source=tzi52j1y9497qJtBsFV1mg,5.0,35 Cedar St,Pawtucket,RI,02860,(401) 726-9272,35 Cedar St,2
41.7333967,-71.432121,towing,A Towing and Collision,https://www.yelp.com/biz/a-towing-and-collision-warwick?adjust_creative=tzi52j1y9497qJtBsFV1mg&utm_campaign=yelp_api_v3&utm_medium=api_v3_business_search&utm_source=tzi52j1y9497qJtBsFV1mg,5.0,125 Dewey Ave,Warwick,RI,02886,(401) 272-2222,125 Dewey Ave,1
41.823848,-71.421765,towing,Nick's Auto Body & Radiator Works,https://www.yelp.com/biz/nicks-auto-body-and-radiator-works-providence?adjust_creative=tzi52j1y9497qJtBsFV1mg&utm_campaign=yelp_api_v3&utm_medium=api_v3_business_search&utm_source=tzi52j1y9497qJtBsFV1mg,3.5,44 Bradford St,Providence,RI,02903,(401) 421-0993,44 Bradford St,20
41.793148,-71.451382,towing,Arlington Auto Body,https://www.yelp.com/biz/arlington-auto-body-cranston-2?adjust_creative=tzi52j1y9497qJtBsFV1mg&utm_campaign=yelp_api_v3&utm_medium=api_v3_business_search&utm_source=tzi52j1y9497qJtBsFV1mg,3.5,1211 Cranston St,Cranston,RI,02920,(401) 944-6100,1211 Cranston St,8
41.8275,-71.43731,towing,State Auto Body,https://www.yelp.com/biz/state-auto-body-providence?adjust_creative=tzi52j1y9497qJtBsFV1mg&utm_campaign=yelp_api_v3&utm_medium=api_v3_business_search&utm_source=tzi52j1y9497qJtBsFV1mg,4.5,380 Valley St,Providence,RI,02908,(401) 331-8431,380 Valley St,23
41.8529,-71.41315,towing,Providence Auto Body,https://www.yelp.com/biz/providence-auto-body-providence?adjust_creative=tzi52j1y9497qJtBsFV1mg&utm_campaign=yelp_api_v3&utm_medium=api_v3_business_search&utm_source=tzi52j1y9497qJtBsFV1mg,3.5,350 Silver Spring St,Providence,RI,02904,(401) 861-2211,350 Silver Spring St,46
41.7284889221191,-71.2629241943359,towing,Patricio Towing & Junk Car Removal,https://www.yelp.com/biz/patricio-towing-and-junk-car-removal-warren-2?adjust_creative=tzi52j1y9497qJtBsFV1mg&utm_campaign=yelp_api_v3&utm_medium=api_v3_business_search&utm_source=tzi52j1y9497qJtBsFV1mg,5.0,,Warren,RI,02885,(774) 400-0775,,1
41.853282,-71.411546,towing,AAA - Providence,https://www.yelp.com/biz/aaa-providence-providence-5?adjust_creative=tzi52j1y9497qJtBsFV1mg&utm_campaign=yelp_api_v3&utm_medium=api_v3_business_search&utm_source=tzi52j1y9497qJtBsFV1mg,2.5,110 Royal Little Dr,Providence,RI,02904,(401) 868-2010,110 Royal Little Dr,55
41.85489,-71.41204,towing,AAMCO Transmissions & Total Car Care,https://www.yelp.com/biz/aamco-transmissions-and-total-car-care-providence?adjust_creative=tzi52j1y9497qJtBsFV1mg&utm_campaign=yelp_api_v3&utm_medium=api_v3_business_search&utm_source=tzi52j1y9497qJtBsFV1mg,2.5,422 Silver Spring St,Providence,RI,02904,(401) 831-6920,422 Silver Spring St,7
41.823406,-71.378944,towing,Barbosa & Son Auto Repair,https://www.yelp.com/biz/barbosa-and-son-auto-repair-east-providence?adjust_creative=tzi52j1y9497qJtBsFV1mg&utm_campaign=yelp_api_v3&utm_medium=api_v3_business_search&utm_source=tzi52j1y9497qJtBsFV1mg,4.5,205 N Brow St,East Providence,RI,02914,(401) 431-0366,205 N Brow St,38
41.75894,-71.42467,towing,D&H Collision Center,https://www.yelp.com/biz/d-and-h-collision-center-warwick?adjust_creative=tzi52j1y9497qJtBsFV1mg&utm_campaign=yelp_api_v3&utm_medium=api_v3_business_search&utm_source=tzi52j1y9497qJtBsFV1mg,5.0,1783 Elmwood Ave,Warwick,RI,02888,(401) 781-9300,1783 Elmwood Ave,33
41.8207409359239,-71.4208692312241,towing,Monro Auto Service And Tire Centers,https://www.yelp.com/biz/monro-auto-service-and-tire-centers-providence?adjust_creative=tzi52j1y9497qJtBsFV1mg&utm_campaign=yelp_api_v3&utm_medium=api_v3_business_search&utm_source=tzi52j1y9497qJtBsFV1mg,4.0,62 Carpenter St,Providence,RI,02903,(401) 751-6612,62 Carpenter St,42
41.72441005,-71.49019191,towing,Priority Auto,https://www.yelp.com/biz/priority-auto-west-warwick?adjust_creative=tzi52j1y9497qJtBsFV1mg&utm_campaign=yelp_api_v3&utm_medium=api_v3_business_search&utm_source=tzi52j1y9497qJtBsFV1mg,5.0,5 Aster St,West Warwick,RI,02893,(401) 615-9858,5 Aster St,3
41.8165512,-71.3796768,towing,JC Auto Repair,https://www.yelp.com/biz/jc-auto-repair-east-providence?adjust_creative=tzi52j1y9497qJtBsFV1mg&utm_campaign=yelp_api_v3&utm_medium=api_v3_business_search&utm_source=tzi52j1y9497qJtBsFV1mg,5.0,111 Warren Ave,East Providence,RI,02914,(401) 435-8979,111 Warren Ave,4
41.806941986084,-71.4197540283203,towing,Mario's Auto Repair,https://www.yelp.com/biz/marios-auto-repair-providence?adjust_creative=tzi52j1y9497qJtBsFV1mg&utm_campaign=yelp_api_v3&utm_medium=api_v3_business_search&utm_source=tzi52j1y9497qJtBsFV1mg,2.0,626 Broad St,Providence,RI,02907,(401) 830-9455,626 Broad St,4
41.8478,-71.40416,towing,SpeeDee Oil Change & Auto Service,https://www.yelp.com/biz/speedee-oil-change-and-auto-service-providence?adjust_creative=tzi52j1y9497qJtBsFV1mg&utm_campaign=yelp_api_v3&utm_medium=api_v3_business_search&utm_source=tzi52j1y9497qJtBsFV1mg,4.0,985 North Main St,Providence,RI,02904,(401) 453-4707,985 North Main St,43
41.8842506408691,-71.5068740844727,towing,Chuck & Sons Towing,https://www.yelp.com/biz/chuck-and-sons-towing-smithfield?adjust_creative=tzi52j1y9497qJtBsFV1mg&utm_campaign=yelp_api_v3&utm_medium=api_v3_business_search&utm_source=tzi52j1y9497qJtBsFV1mg,5.0,35 Farnum Pike,Smithfield,RI,02917,(401) 354-5300,35 Farnum Pike,1
41.8194274902344,-71.4632415771484,towing,Metro Towing,https://www.yelp.com/biz/metro-towing-providence?adjust_creative=tzi52j1y9497qJtBsFV1mg&utm_campaign=yelp_api_v3&utm_medium=api_v3_business_search&utm_source=tzi52j1y9497qJtBsFV1mg,1.0,583 Hartford Ave,Providence,RI,02909,(401) 421-4553,583 Hartford Ave,2
41.786844,-71.3160217,towing,Walt's Auto Service,https://www.yelp.com/biz/walts-auto-service-seekonk?adjust_creative=tzi52j1y9497qJtBsFV1mg&utm_campaign=yelp_api_v3&utm_medium=api_v3_business_search&utm_source=tzi52j1y9497qJtBsFV1mg,5.0,1484 Fall River Ave,Seekonk,MA,02771,(508) 336-8200,1484 Fall River Ave,7
41.8165962,-71.4443087,towing,Grasso's Service Center,https://www.yelp.com/biz/grassos-service-center-providence?adjust_creative=tzi52j1y9497qJtBsFV1mg&utm_campaign=yelp_api_v3&utm_medium=api_v3_business_search&utm_source=tzi52j1y9497qJtBsFV1mg,1.5,35 Plainfield St,Providence,RI,02909,(401) 831-0405,35 Plainfield St,7
42.1379,-71.07714,towing,McGrath's Towing & Recovery,https://www.yelp.com/biz/mcgraths-towing-and-recovery-stoughton-2?adjust_creative=tzi52j1y9497qJtBsFV1mg&utm_campaign=yelp_api_v3&utm_medium=api_v3_business_search&utm_source=tzi52j1y9497qJtBsFV1mg,5.0,1136 Turnpike St,Stoughton,MA,02072,(781) 356-3320,1136 Turnpike St,4
41.8887405395508,-71.3993759155273,towing,King's Service Center Inc,https://www.yelp.com/biz/kings-service-center-inc-central-falls?adjust_creative=tzi52j1y9497qJtBsFV1mg&utm_campaign=yelp_api_v3&utm_medium=api_v3_business_search&utm_source=tzi52j1y9497qJtBsFV1mg,2.5,890 Dexter St,Central Falls,RI,02863,(401) 722-6267,890 Dexter St,6
42.1398735046387,-71.2581481933594,towing,Bobby's Auto Service,https://www.yelp.com/biz/bobbys-auto-service-walpole?adjust_creative=tzi52j1y9497qJtBsFV1mg&utm_campaign=yelp_api_v3&utm_medium=api_v3_business_search&utm_source=tzi52j1y9497qJtBsFV1mg,5.0,1171 Main St,Walpole,MA,02081,(508) 660-0001,1171 Main St,4
41.79941,-71.44703,towing,American Auto Body & Collision,https://www.yelp.com/biz/american-auto-body-and-collision-cranston?adjust_creative=tzi52j1y9497qJtBsFV1mg&utm_campaign=yelp_api_v3&utm_medium=api_v3_business_search&utm_source=tzi52j1y9497qJtBsFV1mg,3.5,1006 Cranston St,Cranston,RI,02920,(401) 228-7300,1006 Cranston St,3
41.7883,-71.47374,towing,Cranston Collision and Service Center,https://www.yelp.com/biz/cranston-collision-and-service-center-cranston?adjust_creative=tzi52j1y9497qJtBsFV1mg&utm_campaign=yelp_api_v3&utm_medium=api_v3_business_search&utm_source=tzi52j1y9497qJtBsFV1mg,4.5,30 Walnut Grove Ave,Cranston,RI,02920,(401) 223-1111,30 Walnut Grove Ave,33
41.7627886,-71.3919956,towing,Rick's Auto Body,https://www.yelp.com/biz/ricks-auto-body-warwick?adjust_creative=tzi52j1y9497qJtBsFV1mg&utm_campaign=yelp_api_v3&utm_medium=api_v3_business_search&utm_source=tzi52j1y9497qJtBsFV1mg,4.0,62 Post Rd,Warwick,RI,02888,(401) 781-8722,62 Post Rd,11
41.8922233581543,-71.4116973876953,towing,Automotive Services & Technology,https://www.yelp.com/biz/automotive-services-and-technology-lincoln?adjust_creative=tzi52j1y9497qJtBsFV1mg&utm_campaign=yelp_api_v3&utm_medium=api_v3_business_search&utm_source=tzi52j1y9497qJtBsFV1mg,5.0,1208 Smithfield Ave,Lincoln,RI,02865,(401) 726-9753,1208 Smithfield Ave,2
41.8524035811424,-71.4855755120516,towing,Hillview Auto Body,https://www.yelp.com/biz/hillview-auto-body-johnston?adjust_creative=tzi52j1y9497qJtBsFV1mg&utm_campaign=yelp_api_v3&utm_medium=api_v3_business_search&utm_source=tzi52j1y9497qJtBsFV1mg,4.0,107 Railroad Ave,Johnston,RI,02919,(401) 232-1660,107 Railroad Ave,6
41.85461,-71.48177,towing,Sgambato's Auto Service,https://www.yelp.com/biz/sgambatos-auto-service-north-providence?adjust_creative=tzi52j1y9497qJtBsFV1mg&utm_campaign=yelp_api_v3&utm_medium=api_v3_business_search&utm_source=tzi52j1y9497qJtBsFV1mg,4.5,603 Woonasquatucket Ave,North Providence,RI,02911,(401) 231-9761,603 Woonasquatucket Ave,11
42.135819,-71.513074,towing,Auto Go,https://www.yelp.com/biz/auto-go-milford?adjust_creative=tzi52j1y9497qJtBsFV1mg&utm_campaign=yelp_api_v3&utm_medium=api_v3_business_search&utm_source=tzi52j1y9497qJtBsFV1mg,4.0,7 Charles River Rd,Milford,MA,01757,(508) 473-0353,7 Charles River Rd,5
41.78348,-71.46002,towing,Ideal Auto Body Inc,https://www.yelp.com/biz/ideal-auto-body-inc-cranston?adjust_creative=tzi52j1y9497qJtBsFV1mg&utm_campaign=yelp_api_v3&utm_medium=api_v3_business_search&utm_source=tzi52j1y9497qJtBsFV1mg,3.5,1398 Park Ave,Cranston,RI,02920,(401) 942-1150,1398 Park Ave,10
41.70135,-71.45247,towing,Primary Care Auto Repair,https://www.yelp.com/biz/primary-care-auto-repair-warwick?adjust_creative=tzi52j1y9497qJtBsFV1mg&utm_campaign=yelp_api_v3&utm_medium=api_v3_business_search&utm_source=tzi52j1y9497qJtBsFV1mg,3.5,33 Locust Ave,Warwick,RI,02886,(401) 320-4640,33 Locust Ave,16
41.6799255514718,-71.5751858933867,towing,CPM Auto Care,https://www.yelp.com/biz/cpm-auto-care-coventry?adjust_creative=tzi52j1y9497qJtBsFV1mg&utm_campaign=yelp_api_v3&utm_medium=api_v3_business_search&utm_source=tzi52j1y9497qJtBsFV1mg,4.5,1016 Tiogue Ave,Coventry,RI,02816,(401) 823-5531,1016 Tiogue Ave,12
42.129447,-72.189948,towing,B.T. and Sons Towing and Recovery,https://www.yelp.com/biz/b-t-and-sons-towing-and-recovery-brimfield?adjust_creative=tzi52j1y9497qJtBsFV1mg&utm_campaign=yelp_api_v3&utm_medium=api_v3_business_search&utm_source=tzi52j1y9497qJtBsFV1mg,3.0,8 Oakwood Rd,Brimfield,MA,01010,(413) 284-7429,8 Oakwood Rd,2
41.7737891538792,-71.451772,towing,AAA Cranston,https://www.yelp.com/biz/aaa-cranston-cranston?adjust_creative=tzi52j1y9497qJtBsFV1mg&utm_campaign=yelp_api_v3&utm_medium=api_v3_business_search&utm_source=tzi52j1y9497qJtBsFV1mg,4.0,1035 Reservoir Ave,Cranston,RI,02910,(401) 944-7300,1035 Reservoir Ave,30
41.84824,-71.40368,towing,Firestone Complete Auto Care,https://www.yelp.com/biz/firestone-complete-auto-care-providence?adjust_creative=tzi52j1y9497qJtBsFV1mg&utm_campaign=yelp_api_v3&utm_medium=api_v3_business_search&utm_source=tzi52j1y9497qJtBsFV1mg,2.5,987 N Main St,Providence,RI,02904,(401) 521-6622,987 N Main St,40
41.832244,-71.3678709,towing,KD Designs,https://www.yelp.com/biz/kd-designs-east-providence?adjust_creative=tzi52j1y9497qJtBsFV1mg&utm_campaign=yelp_api_v3&utm_medium=api_v3_business_search&utm_source=tzi52j1y9497qJtBsFV1mg,5.0,101 Dexter Rd,East providence ,RI,02914,(508) 233-8182,101 Dexter Rd,7
42.180355,-71.451709,towing,BDR Automotive,https://www.yelp.com/biz/bdr-automotive-holliston?adjust_creative=tzi52j1y9497qJtBsFV1mg&utm_campaign=yelp_api_v3&utm_medium=api_v3_business_search&utm_source=tzi52j1y9497qJtBsFV1mg,5.0,1605 Washington St,Holliston,MA,01746,(508) 429-4720,1605 Washington St,10
41.86447,-71.37208,towing,Dorman's Auto Sales & Service,https://www.yelp.com/biz/dormans-auto-sales-and-service-pawtucket?adjust_creative=tzi52j1y9497qJtBsFV1mg&utm_campaign=yelp_api_v3&utm_medium=api_v3_business_search&utm_source=tzi52j1y9497qJtBsFV1mg,3.5,434 Prospect St,Pawtucket,RI,02860,(401) 726-6699,434 Prospect St,12
41.7954301765352,-71.4811210334301,towing,Joe & Son's Service,https://www.yelp.com/biz/joe-and-sons-service-cranston?adjust_creative=tzi52j1y9497qJtBsFV1mg&utm_campaign=yelp_api_v3&utm_medium=api_v3_business_search&utm_source=tzi52j1y9497qJtBsFV1mg,3.5,855 Atwood Ave,Cranston,RI,02920,(401) 943-6179,855 Atwood Ave,5
41.7577,-71.42408,towing,Warwick Auto Body,https://www.yelp.com/biz/warwick-auto-body-warwick?adjust_creative=tzi52j1y9497qJtBsFV1mg&utm_campaign=yelp_api_v3&utm_medium=api_v3_business_search&utm_source=tzi52j1y9497qJtBsFV1mg,5.0,1828 Elmwood Ave,Warwick,RI,02888,(401) 461-9888,1828 Elmwood Ave,4
41.819976201776,-71.5125740846557,towing,Evergreen Auto Recovery,https://www.yelp.com/biz/evergreen-auto-recovery-johnston?adjust_creative=tzi52j1y9497qJtBsFV1mg&utm_campaign=yelp_api_v3&utm_medium=api_v3_business_search&utm_source=tzi52j1y9497qJtBsFV1mg,1.0,,Johnston,RI,02919,(401) 647-1900,,4
41.87909,-71.37928,towing,Crown Collision Center,https://www.yelp.com/biz/crown-collision-center-pawtucket?adjust_creative=tzi52j1y9497qJtBsFV1mg&utm_campaign=yelp_api_v3&utm_medium=api_v3_business_search&utm_source=tzi52j1y9497qJtBsFV1mg,4.0,180 Broadway,Pawtucket,RI,02860,(401) 728-8800,180 Broadway,27
41.85429,-71.40082,towing,Pep Boys,https://www.yelp.com/biz/pep-boys-providence-2?adjust_creative=tzi52j1y9497qJtBsFV1mg&utm_campaign=yelp_api_v3&utm_medium=api_v3_business_search&utm_source=tzi52j1y9497qJtBsFV1mg,2.0,1246 N Main St,Providence,RI,02904,(401) 273-2011,1246 N Main St,39
41.8498191833496,-71.46142578125,towing,Defaria and Sons Auto Service,https://www.yelp.com/biz/defaria-and-sons-auto-service-north-providence?adjust_creative=tzi52j1y9497qJtBsFV1mg&utm_campaign=yelp_api_v3&utm_medium=api_v3_business_search&utm_source=tzi52j1y9497qJtBsFV1mg,3.5,1524 Smith St,North Providence,RI,02911,(401) 349-0403,1524 Smith St,10
41.8935737609863,-71.3719024658203,towing,Steingold Volvo Cars,https://www.yelp.com/biz/steingold-volvo-cars-pawtucket?adjust_creative=tzi52j1y9497qJtBsFV1mg&utm_campaign=yelp_api_v3&utm_medium=api_v3_business_search&utm_source=tzi52j1y9497qJtBsFV1mg,4.5,766 Broadway,Pawtucket,RI,02861,(401) 723-4700,766 Broadway,38
41.86758,-71.50809,towing,Uncle's Transmission,https://www.yelp.com/biz/uncles-transmission-smithfield?adjust_creative=tzi52j1y9497qJtBsFV1mg&utm_campaign=yelp_api_v3&utm_medium=api_v3_business_search&utm_source=tzi52j1y9497qJtBsFV1mg,1.5,5 Larch St,Smithfield,RI,02917,(401) 231-1611,5 Larch St,6
41.82663,-71.50975,towing,Tasca Chrysler Dodge Jeep Ram Fiat,https://www.yelp.com/biz/tasca-chrysler-dodge-jeep-ram-fiat-johnston?adjust_creative=tzi52j1y9497qJtBsFV1mg&utm_campaign=yelp_api_v3&utm_medium=api_v3_business_search&utm_source=tzi52j1y9497qJtBsFV1mg,3.5,1667 Hartford Ave,Johnston,RI,02919,(401) 351-6600,1667 Hartford Ave,11
41.902391785298,-71.0086673571472,towing,Total Care Accident Repair,https://www.yelp.com/biz/total-care-accident-repair-raynham?adjust_creative=tzi52j1y9497qJtBsFV1mg&utm_campaign=yelp_api_v3&utm_medium=api_v3_business_search&utm_source=tzi52j1y9497qJtBsFV1mg,4.5,81 Brookside Cir,Raynham,MA,02767,(508) 824-6500,81 Brookside Cir,13
42.0823477,-71.4571064,towing,Mass Diesel Performance,https://www.yelp.com/biz/mass-diesel-performance-bellingham?adjust_creative=tzi52j1y9497qJtBsFV1mg&utm_campaign=yelp_api_v3&utm_medium=api_v3_business_search&utm_source=tzi52j1y9497qJtBsFV1mg,3.5,179 Mechanic St,Bellingham,MA,02019,(508) 657-1951,179 Mechanic St,6
41.8676986694336,-71.5075759887695,towing,Cars Auto,https://www.yelp.com/biz/cars-auto-smithfield?adjust_creative=tzi52j1y9497qJtBsFV1mg&utm_campaign=yelp_api_v3&utm_medium=api_v3_business_search&utm_source=tzi52j1y9497qJtBsFV1mg,5.0,8 Larch St,Smithfield,RI,02917,(401) 231-2130,8 Larch St,5
41.8063812255859,-71.4913635253906,towing,Carrara's Auto Clinic,https://www.yelp.com/biz/carraras-auto-clinic-johnston?adjust_creative=tzi52j1y9497qJtBsFV1mg&utm_campaign=yelp_api_v3&utm_medium=api_v3_business_search&utm_source=tzi52j1y9497qJtBsFV1mg,2.5,1225 Atwood Ave,Johnston,RI,02919,(401) 942-8671,1225 Atwood Ave,3
41.78891,-71.47069,towing,D & M Tyre Automotive Service Center,https://www.yelp.com/biz/d-and-m-tyre-automotive-service-center-cranston?adjust_creative=tzi52j1y9497qJtBsFV1mg&utm_campaign=yelp_api_v3&utm_medium=api_v3_business_search&utm_source=tzi52j1y9497qJtBsFV1mg,3.5,50 Libera St,Cranston,RI,02920,(401) 943-2050,50 Libera St,25
41.8859176635742,-71.3616409301758,towing,Tony & Son Auto Service,https://www.yelp.com/biz/tony-and-son-auto-service-pawtucket?adjust_creative=tzi52j1y9497qJtBsFV1mg&utm_campaign=yelp_api_v3&utm_medium=api_v3_business_search&utm_source=tzi52j1y9497qJtBsFV1mg,3.0,551 Central Ave,Pawtucket,RI,02861,(401) 725-7110,551 Central Ave,2
41.757335,-71.40488,towing,Rotondo Service Center,https://www.yelp.com/biz/rotondo-service-center-warwick?adjust_creative=tzi52j1y9497qJtBsFV1mg&utm_campaign=yelp_api_v3&utm_medium=api_v3_business_search&utm_source=tzi52j1y9497qJtBsFV1mg,4.0,685 Warwick Ave,Warwick,RI,02888,(401) 461-0707,685 Warwick Ave,4
41.603602,-71.4777919,towing,Sampson's Automotive,https://www.yelp.com/biz/sampsons-automotive-north-kingstown?adjust_creative=tzi52j1y9497qJtBsFV1mg&utm_campaign=yelp_api_v3&utm_medium=api_v3_business_search&utm_source=tzi52j1y9497qJtBsFV1mg,2.5,342 Compass Cir,North Kingstown,RI,02852,(401) 667-7891,342 Compass Cir,8
41.8153607374742,-71.3694405555725,towing,Monro Auto Service And Tire Centers,https://www.yelp.com/biz/monro-auto-service-and-tire-centers-east-providence?adjust_creative=tzi52j1y9497qJtBsFV1mg&utm_campaign=yelp_api_v3&utm_medium=api_v3_business_search&utm_source=tzi52j1y9497qJtBsFV1mg,3.5,930 Broadway,East Providence,RI,02914,(401) 438-5895,930 Broadway,22
41.898025944829,-71.3459571450949,towing,East Coast Collision,https://www.yelp.com/biz/east-coast-collision-attleboro?adjust_creative=tzi52j1y9497qJtBsFV1mg&utm_campaign=yelp_api_v3&utm_medium=api_v3_business_search&utm_source=tzi52j1y9497qJtBsFV1mg,4.0,24 Rice St,Attleboro,MA,02703,(508) 761-8400,24 Rice St,6
41.72911,-71.2754999,towing,Twigg's Automotive,https://www.yelp.com/biz/twiggs-automotive-warren?adjust_creative=tzi52j1y9497qJtBsFV1mg&utm_campaign=yelp_api_v3&utm_medium=api_v3_business_search&utm_source=tzi52j1y9497qJtBsFV1mg,3.5,205 Child St,Warren,RI,02885,(401) 245-9469,205 Child St,5
41.860523,-71.488982,towing,B & F Auto Repair,https://www.yelp.com/biz/b-and-f-auto-repair-johnston?adjust_creative=tzi52j1y9497qJtBsFV1mg&utm_campaign=yelp_api_v3&utm_medium=api_v3_business_search&utm_source=tzi52j1y9497qJtBsFV1mg,4.0,35 Putnam Pike,Johnston,RI,02919,(401) 232-5040,35 Putnam Pike,2
41.7881317,-71.5097122,towing,East Side Collision Center & Auto Sales,https://www.yelp.com/biz/east-side-collision-center-and-auto-sales-cranston?adjust_creative=tzi52j1y9497qJtBsFV1mg&utm_campaign=yelp_api_v3&utm_medium=api_v3_business_search&utm_source=tzi52j1y9497qJtBsFV1mg,2.5,2050 Plainfield Pike,Cranston,RI,02921,(401) 490-9975,2050 Plainfield Pike,3
41.76362,-71.43028,towing,R & S Autobody,https://www.yelp.com/biz/r-and-s-autobody-cranston?adjust_creative=tzi52j1y9497qJtBsFV1mg&utm_campaign=yelp_api_v3&utm_medium=api_v3_business_search&utm_source=tzi52j1y9497qJtBsFV1mg,2.5,950 Wellington Ave,Cranston,RI,02910,(401) 780-9722,950 Wellington Ave,3
41.82163566223331,-71.35438199887821,towing,Elmwood Chrysler Dodge Jeep Ram,https://www.yelp.com/biz/elmwood-chrysler-dodge-jeep-ram-east-providence?adjust_creative=tzi52j1y9497qJtBsFV1mg&utm_campaign=yelp_api_v3&utm_medium=api_v3_business_search&utm_source=tzi52j1y9497qJtBsFV1mg,3.0,625 Taunton Ave,East Providence,RI,02914,(401) 438-0400,625 Taunton Ave,52
41.78231,-71.44642,towing,AutoZone,https://www.yelp.com/biz/autozone-cranston-11?adjust_creative=tzi52j1y9497qJtBsFV1mg&utm_campaign=yelp_api_v3&utm_medium=api_v3_business_search&utm_source=tzi52j1y9497qJtBsFV1mg,3.5,1090 Park Ave,Cranston,RI,02910,(401) 943-2244,1090 Park Ave,6
41.788162,-71.318578,towing,New England Tire Car Care Centers - Seekonk,https://www.yelp.com/biz/new-england-tire-seekonk-2?adjust_creative=tzi52j1y9497qJtBsFV1mg&utm_campaign=yelp_api_v3&utm_medium=api_v3_business_search&utm_source=tzi52j1y9497qJtBsFV1mg,2.0,1416 Fall River Ave Rt 6,Seekonk,MA,02771,(508) 336-2170,1416 Fall River Ave Rt 6,12
42.245822,-71.8958563,towing,Entwistle's Garage,https://www.yelp.com/biz/entwistles-garage-leicester?adjust_creative=tzi52j1y9497qJtBsFV1mg&utm_campaign=yelp_api_v3&utm_medium=api_v3_business_search&utm_source=tzi52j1y9497qJtBsFV1mg,2.5,800 Main St,Leicester,MA,01524,(508) 892-9621,800 Main St,10
41.821817,-71.3597659,towing,Firestone Complete Auto Care,https://www.yelp.com/biz/firestone-complete-auto-care-east-providence-2?adjust_creative=tzi52j1y9497qJtBsFV1mg&utm_campaign=yelp_api_v3&utm_medium=api_v3_business_search&utm_source=tzi52j1y9497qJtBsFV1mg,3.0,510 Taunton Ave,East Providence,RI,02914,(401) 438-2180,510 Taunton Ave,26
41.822162,-71.347155,towing,Paul Masse Chevrolet,https://www.yelp.com/biz/paul-masse-chevrolet-east-providence?adjust_creative=tzi52j1y9497qJtBsFV1mg&utm_campaign=yelp_api_v3&utm_medium=api_v3_business_search&utm_source=tzi52j1y9497qJtBsFV1mg,3.5,1111 Taunton Ave,East Providence,RI,02914,(401) 680-1261,1111 Taunton Ave,38
41.821976,-71.351936,towing,Scott Volkswagen,https://www.yelp.com/biz/scott-volkswagen-east-providence?adjust_creative=tzi52j1y9497qJtBsFV1mg&utm_campaign=yelp_api_v3&utm_medium=api_v3_business_search&utm_source=tzi52j1y9497qJtBsFV1mg,3.5,777 Taunton,East Providence,RI,02914,(401) 438-5555,777 Taunton,66
41.8004562,-71.3384533,towing,Firestone Complete Auto Care,https://www.yelp.com/biz/firestone-complete-auto-care-seekonk?adjust_creative=tzi52j1y9497qJtBsFV1mg&utm_campaign=yelp_api_v3&utm_medium=api_v3_business_search&utm_source=tzi52j1y9497qJtBsFV1mg,2.5,95 Highland Ave,Seekonk,MA,02771,(508) 336-3016,95 Highland Ave,24
41.897886,-71.3480962,towing,Pine Crest Motors,https://www.yelp.com/biz/pine-crest-motors-attleboro?adjust_creative=tzi52j1y9497qJtBsFV1mg&utm_campaign=yelp_api_v3&utm_medium=api_v3_business_search&utm_source=tzi52j1y9497qJtBsFV1mg,1.0,2117 County St,Attleboro,MA,02703,(508) 761-8759,2117 County St,2
41.7526931762695,-71.4532012939453,towing,Town Fair Tire,https://www.yelp.com/biz/town-fair-tire-cranston?adjust_creative=tzi52j1y9497qJtBsFV1mg&utm_campaign=yelp_api_v3&utm_medium=api_v3_business_search&utm_source=tzi52j1y9497qJtBsFV1mg,3.5,40 Sockanosset Cross Rd,Cranston,RI,02920,(401) 463-3065,40 Sockanosset Cross Rd,22
41.642826,-71.4667411,towing,L & S Automotive,https://www.yelp.com/biz/l-and-s-automotive-east-greenwich?adjust_creative=tzi52j1y9497qJtBsFV1mg&utm_campaign=yelp_api_v3&utm_medium=api_v3_business_search&utm_source=tzi52j1y9497qJtBsFV1mg,4.0,5601 Post Rd,East Greenwich,RI,02818,(401) 398-8222,5601 Post Rd,22
41.784358,-71.4365212,towing,Valvoline Instant Oil Change,https://www.yelp.com/biz/valvoline-instant-oil-change-cranston?adjust_creative=tzi52j1y9497qJtBsFV1mg&utm_campaign=yelp_api_v3&utm_medium=api_v3_business_search&utm_source=tzi52j1y9497qJtBsFV1mg,3.0,520 Reservoir Ave,Cranston,RI,02910,(401) 781-2392,520 Reservoir Ave,19
41.7972582,-71.3314802,towing,First Acura,https://www.yelp.com/biz/first-acura-seekonk?adjust_creative=tzi52j1y9497qJtBsFV1mg&utm_campaign=yelp_api_v3&utm_medium=api_v3_business_search&utm_source=tzi52j1y9497qJtBsFV1mg,2.5,16 Highland Ave,Seekonk,MA,02771,(508) 336-1400,16 Highland Ave,41
42.4571934,-70.9607635,towing,Milan Towing,https://www.yelp.com/biz/milan-towing-lynn?adjust_creative=tzi52j1y9497qJtBsFV1mg&utm_campaign=yelp_api_v3&utm_medium=api_v3_business_search&utm_source=tzi52j1y9497qJtBsFV1mg,4.0,37 Bennett St,Lynn,MA,01905,(617) 860-8798,37 Bennett St,4
41.8230156,-71.3459308,towing,Pride Hyundai,https://www.yelp.com/biz/pride-hyundai-seekonk-2?adjust_creative=tzi52j1y9497qJtBsFV1mg&utm_campaign=yelp_api_v3&utm_medium=api_v3_business_search&utm_source=tzi52j1y9497qJtBsFV1mg,2.0,11 Taunton Ave,Seekonk,MA,02771,(508) 336-7880,11 Taunton Ave,44
41.8279113769531,-71.5115127563477,towing,Hurd Auto Mall,https://www.yelp.com/biz/hurd-auto-mall-johnston-4?adjust_creative=tzi52j1y9497qJtBsFV1mg&utm_campaign=yelp_api_v3&utm_medium=api_v3_business_search&utm_source=tzi52j1y9497qJtBsFV1mg,2.5,1705 Hartford Ave,Johnston,RI,02919,(401) 751-6000,1705 Hartford Ave,92
41.820724,-71.498468,towing,Town Fair Tire,https://www.yelp.com/biz/town-fair-tire-johnston?adjust_creative=tzi52j1y9497qJtBsFV1mg&utm_campaign=yelp_api_v3&utm_medium=api_v3_business_search&utm_source=tzi52j1y9497qJtBsFV1mg,2.5,1412 Atwood Ave,Johnston,RI,02919,(401) 751-5560,1412 Atwood Ave,33
41.799098,-71.332748,towing,Pep Boys,https://www.yelp.com/biz/pep-boys-seekonk-2?adjust_creative=tzi52j1y9497qJtBsFV1mg&utm_campaign=yelp_api_v3&utm_medium=api_v3_business_search&utm_source=tzi52j1y9497qJtBsFV1mg,2.0,216 Highland Ave,Seekonk,MA,02771,(508) 336-9990,216 Highland Ave,44
42.199275,-70.749979,towing,1st Call Auto Haul,https://www.yelp.com/biz/1st-call-auto-haul-scituate?adjust_creative=tzi52j1y9497qJtBsFV1mg&utm_campaign=yelp_api_v3&utm_medium=api_v3_business_search&utm_source=tzi52j1y9497qJtBsFV1mg,5.0,265 Beaver Dam Rd,Scituate,MA,02066,(888) 607-1999,265 Beaver Dam Rd,36
41.792827,-71.326309,towing,Valvoline Instant Oil Change,https://www.yelp.com/biz/valvoline-instant-oil-change-seekonk?adjust_creative=tzi52j1y9497qJtBsFV1mg&utm_campaign=yelp_api_v3&utm_medium=api_v3_business_search&utm_source=tzi52j1y9497qJtBsFV1mg,3.5,1195 Fall River Ave,Seekonk,MA,02771,(508) 336-6336,1195 Fall River Ave,38
41.78709,-71.472993,towing,Carhop Auto Sales & Finance,https://www.yelp.com/biz/carhop-auto-sales-and-finance-cranston?adjust_creative=tzi52j1y9497qJtBsFV1mg&utm_campaign=yelp_api_v3&utm_medium=api_v3_business_search&utm_source=tzi52j1y9497qJtBsFV1mg,1.0,420 Atwood Ave,Cranston,RI,02920,(401) 347-2652,420 Atwood Ave,3
41.8227278,-71.3409133,towing,Tasca Ford Seekonk,https://www.yelp.com/biz/tasca-ford-seekonk-seekonk?adjust_creative=tzi52j1y9497qJtBsFV1mg&utm_campaign=yelp_api_v3&utm_medium=api_v3_business_search&utm_source=tzi52j1y9497qJtBsFV1mg,1.5,200 Fall River Ave,Seekonk,MA,02771,(800) 737-0435,200 Fall River Ave,27
